圖層,地圖名稱,編號,NUMBER,ID,縣市,行政區,區別,位置,案名,計畫書名稱,完工案名,建案案名,實施者,目前狀態,核准日期,事業計畫核定日期,公告日期,公告年度,基地面積,地區範圍面積,面積(㎡),實施方式,主導類型,備註,相關資訊,經度,緯度,●　代銷公司,●　使用分區,●　坪數規劃,●　基地位置,●　基地面積,●　建案類別,●　建設公司,●　樓層規劃,●　規劃戶數,併分送,名稱,失效與否,完工年度,建築師,得標廠商,文號,法令依據,規劃單位,說明
更新地區-都市計畫,中研院機關用地東北角(中南二小段),臺北208,,,臺北市,南港區,,,,變更臺北市南港區中南段二小段383等地號第三種住宅區、公園用地為道路用地及第三種住宅區計畫案,,,,,,,2003/11/05,,,10485.0,,,,,,121.61518674999999,25.04429825,,,,,,,,,,,,,,,,,,,
更新地區-都市計畫,南港經貿C12、C13,臺北222,,,臺北市,南港區,,,,配合第二代展會中心變更臺北市南港經貿園區特定專用區 C12、C13 街廓商業區及週邊商業區細部計畫案,,,,,,,2008/03/10,,,21796.0,,,,,,121.61497615384616,25.0550994,,,,,,,,,,,,,,,,,,,
更新地區-都市計畫,南港鐵路地下化(A)臺電中心倉庫及玉成變電所用地街廓,臺北257,,,臺北市,南港區,,,,變更臺北市南港區鐵路地下化沿線土地主要計畫案,,,,,,,2012/04/10,,,44400.0,,,,,,121.58330861734694,25.04802138265306,,,,,,,,,,,,,,,,,,,
更新地區-都市計畫,南港鐵路地下化(C)臺電修護處、中華電信南港機房用地及部分私有土地,臺北259,,,臺北市,南港區,,,,變更臺北市南港區鐵路地下化沿線土地主要計畫案,,,,,,,2012/04/10,,,86100.0,,,,,,121.59611135454546,25.05322818181818,,,,,,,,,,,,,,,,,,,
更新地區-都市計畫,南港鐵路地下化(D)瓶蓋工廠、交通轉運站與私有土地,臺北260,,,臺北市,南港區,,,,變更臺北市南港區鐵路地下化沿線土地主要計畫案,,,,,,,2012/04/10,,,34000.0,,,,,,121.60447775939849,25.053479511278194,,,,,,,,,,,,,,,,,,,
更新地區-都市計畫,南港鐵路地下化(E)現況為鐵路地下化工程施作工地,臺北261,,,臺北市,南港區,,,,變更臺北市南港區鐵路地下化沿線土地主要計畫案,,,,,,,2012/04/10,,,10900.0,,,,,,121.608312,25.053294276595743,,,,,,,,,,,,,,,,,,,
更新地區-都市計畫,南港鐵路地下化(F)僑泰興及聯華食品工業使用,臺北262,,,臺北市,南港區,,,,變更臺北市南港區鐵路地下化沿線土地主要計畫案,,,,,,,2012/04/10,,,40100.0,,,,,,121.61079729411765,25.05449577647059,,,,,,,,,,,,,,,,,,,
更新地區-都市計畫,原南港輪胎,臺北228,,,臺北市,南港區,,,,擬定臺北市南港區南港路以南、縱貫鐵路以北特定專用區（原南港輪胎工廠）細部計畫案,,,,,,,2010/01/06,,,44600.0,,,,,,121.60061896212122,25.05281347727273,,,,,,,,,,,,,,,,,,,
更新地區-都市計畫,捷運系統松山線地下穿越,臺北212,,,臺北市,,,,,配合捷運系統松山線工程變更沿線土地為交通用地及聯合開發區（捷）暨劃定都市更新地區計畫案,,,,,,,2004/08/31,,,6600.0,,,,,,121.51127388461539,25.051661115384615,,,,,,,,,,,,,,,,,,,
更新地區-都市計畫,捷運南京東路站西北側,臺北213,,,臺北市,中山區,,,,變更台北市中山區捷運南京東路站西北側第三種住宅區、道路用地為第三種商業區（特）及公園用地暨劃定部分地區為都市更新地區計畫案,,,,,,,2007/09/05,,,2200.0,,,,,,121.5432234,25.05285024,,,,,,,,,,,,,,,,,,,
更新地區-都市計畫,復興北與長安東,臺北227,,,臺北市,松山區,,,,變更臺北市松山區復興北路與長安東路口東北側第三種住宅區及道路用地為第三種住宅區(特)及綠地用地暨劃定鄰近土地為更新地區細部計畫案,,,,,,,2009/10/12,,,6854.0,,,,,,121.54523189830509,25.049018644067797,,,,,,,,,,,,,,,,,,,
更新地區-都市計畫,華山社區,臺北207,,,臺北市,中山區,,,,變更臺北市中山北路、忠孝東路、新生南路、長安東路所圍地區(華山地區)都市計畫(主要計畫)案,,,,,,,2003/10/17,,,551600.0,,,,,,121.52843969402986,25.047203246268655,,,,,,,,,,,,,,,,,,,
更新地區-都市計畫,新生北路至基隆路段(市民大道),臺北223,,,臺北市,,,,,變更臺北市市民大道(新生北路至基隆路段)兩側住3及道路(住3-1)、公園、住4(住4-1)、停車場用地(公園)細部計畫暨劃定都市更新地區計畫案,,,,,,,2008/09/30,,,231000.0,,,,,,121.54734671153847,25.045054715384616,,,,,,,,,,,,,,,,,,,
更新地區-都市計畫,遷建住宅文昌段2小段,臺北220,,,臺北市,大同區,,,,變更臺北市遷建住宅基地都市計畫曁劃定都市更新地區計畫案,,,,,,,2008/02/29,,,11000.0,,,,,,121.51027920588236,25.071551602941177,,,,,,,,,,,,,,,,,,,
更新地區-都市計畫,遷建住宅吳興段3小段,臺北218,,,臺北市,信義區,,,,變更臺北市遷建住宅基地都市計畫曁劃定都市更新地區計畫案,,,,,,,2008/02/29,,,19300.0,,,,,,121.57000246052631,25.022148460526317,,,,,,,,,,,,,,,,,,,
更新地區-都市計畫,遷建住宅長春段1小段,臺北221,,,臺北市,中山區,,,,變更臺北市遷建住宅基地都市計畫曁劃定都市更新地區計畫案,,,,,,,2008/02/29,,,4500.0,,,,,,121.54370254545455,25.05387872727273,,,,,,,,,,,,,,,,,,,
更新地區-都市計畫,遷建住宅通化段1-5小段,臺北216,,,臺北市,大安區,,,,變更臺北市遷建住宅基地都市計畫曁劃定都市更新地區計畫案,,,,,,,2008/02/29,,,130100.0,,,,,,121.55415032075472,25.03077048301887,,,,,,,,,,,,,,,,,,,
更新地區-都市計畫,遷建住宅華中段3小段,臺北217,,,臺北市,萬華區,,,,變更臺北市遷建住宅基地都市計畫曁劃定都市更新地區計畫案,,,,,,,2008/02/29,,,32900.0,,,,,,121.49436572413794,25.01972904310345,,,,,,,,,,,,,,,,,,,
更新地區-都市計畫,南港經貿R13,臺北224,,,臺北市,南港區,,,,修訂臺北市南港經貿園區特定專用區細部計畫通盤檢討案,,,,,,,2008/11/20,,,87750.0,,,,,,121.61380699489796,25.057223204081634,,,,,,,,,,,,,,,,,,,
更新地區-都市計畫,大橋國小站聯開,臺北279,,,臺北市,大同區,,,,擬定臺北市捷運系統新莊線(北市段)大橋國小站聯合開發區(捷)細部計畫案,,,,,,,2007/10/16,,,4493.0,,,,,,121.51105336170212,25.06336444680851,,,,,,,,,,,,,,,,,,,
更新地區-都市計畫,擬定柳鄉社區更新計畫並配合變更細部計畫案,臺北000,,,臺北市,萬華區,,,,,,,,,,,1981/3/13,,,39328.0,,,,,,121.49524262650603,25.037088012048194,,,,,,,,,,,,,,,,,,,
更新地區-都市計畫,遷建住宅永吉段、虎林段、雅祥段,臺北219,,,臺北市,信義區,,,,變更臺北市遷建住宅基地都市計畫曁劃定都市更新地區計畫案,,,,,,,2008/02/29,,,110000.0,,,,,,121.57400239408867,25.04391762413793,,,,,,,,,,,,,,,,,,,
更新地區-都市計畫,大稻埕歷史風貌,臺北002,,,臺北市,大同區,,,,擬訂台北市大同區大稻埕歷史風貌特定專用區細部計畫案,,,,,,,2000/01/27,,,4600.0,,,,,,121.51041211940299,25.059833134328358,,,,,,,,,,,,,,,,,,,
更新地區-都市計畫,南港經貿R13,臺北140,,,臺北市,南港區,,,,擬訂南港經貿園區特定專用區街廓細部計畫案,,,,,,,2002/07/12,,,54391.0,,,,,,121.61274174364895,25.06019187990762,,,,,,,,,,,,,,,,,,,
更新地區-都市計畫,蘆洲里507地號等,臺北252,,,臺北市,內湖區,,,,變更臺北市內湖區蘆洲里附近工業區細部計畫案,,,,,,,2011/08/29,,,273250.0,,,,,,121.60183820824882,25.062722880324543,,,,,,,,,,,,,,,,,,,
更新地區-都市計畫,產業生活特定專用區(主玉9),臺北379,,,臺北市,南港區,,,,臺北市南港區都市計畫細部計畫(通盤檢討)案,,,,,,,2019/01/18,,,41100,,,,,,121.5816241320132,25.050327194719472,,,,,,,,,,,,,,,,,,,
更新地區-都市計畫,產業生活特定專用區(主玉2),臺北376,,,臺北市,南港區,,,,臺北市南港區都市計畫細部計畫(通盤檢討)案,,,,,,,2019/01/18,,,7400,,,,,,121.5842145522388,25.04804244925373,,,,,,,,,,,,,,,,,,,
更新地區-都市計畫,產業生活特定專用區(主玉1),臺北375,,,臺北市,南港區,,,,臺北市南港區都市計畫細部計畫(通盤檢討)案,,,,,,,2019/01/18,,,22900,,,,,,121.58476006043956,25.052943296703297,,,,,,,,,,,,,,,,,,,
更新地區-都市計畫,產業生活特定專用區(主玉15),臺北383,,,臺北市,南港區,,,,臺北市南港區都市計畫細部計畫(通盤檢討)案,,,,,,,2019/01/18,,,17300,,,,,,121.58753567741935,25.05366730107527,,,,,,,,,,,,,,,,,,,
更新地區-都市計畫,產業生活特定專用區(主玉10),臺北380,,,臺北市,南港區,,,,臺北市南港區都市計畫細部計畫(通盤檢討)案,,,,,,,2019/01/18,,,128100,,,,,,121.59144289097104,25.05545363202726,,,,,,,,,,,,,,,,,,,
更新地區-都市計畫,產業生活特定專用區(主玉11),臺北381,,,臺北市,南港區,,,,臺北市南港區都市計畫細部計畫(通盤檢討)案,,,,,,,2019/01/18,,,67000,,,,,,121.58767515714285,25.05238640357143,,,,,,,,,,,,,,,,,,,
更新地區-都市計畫,產業生活特定專用區(主玉3),臺北377,,,臺北市,南港區,,,,臺北市南港區都市計畫細部計畫(通盤檢討)案,,,,,,,2019/01/18,,,88200,,,,,,121.58874187128713,25.049885004950497,,,,,,,,,,,,,,,,,,,
更新地區-都市計畫,南港鐵路地下化(B)臺鐵調車場、臺鐵回饋臺北市政府公園用地及國產實業、利百代公司及部分私有土地,臺北258,,,臺北市,南港區,,,,變更臺北市南港區鐵路地下化沿線土地主要計畫案,,,,,,,2012/04/10,,,177400.0,,,,,,121.59039013099041,25.052243185303514,,,,,,,,,,,,,,,,,,,
更新地區-都市計畫,產業生活特定專用區(主玉4),臺北378,,,臺北市,南港區,,,,臺北市南港區都市計畫細部計畫(通盤檢討)案,,,,,,,2019/01/18,,,7600,,,,,,121.59284394680851,25.052117208510637,,,,,,,,,,,,,,,,,,,
更新地區-都市計畫,產業生活特定專用區(主玉12),臺北382,,,臺北市,南港區,,,,臺北市南港區都市計畫細部計畫(通盤檢討)案,,,,,,,2019/01/18,,,12900,,,,,,121.59218901851852,25.05329661111111,,,,,,,,,,,,,,,,,,,
更新地區-都市計畫,產業生活特定專用區(主東1及主東7),臺北384,,,臺北市,南港區,,,,臺北市南港區都市計畫細部計畫(通盤檢討)案,,,,,,,2019/01/18,,,9800,,,,,,121.60340207216495,25.053310319587627,,,,,,,,,,,,,,,,,,,
更新地區-都市計畫,產業生活特定專用區(主東5),臺北385,,,臺北市,南港區,,,,臺北市南港區都市計畫細部計畫(通盤檢討)案,,,,,,,2019/01/18,,,25800,,,,,,121.59592745238095,25.05380189285714,,,,,,,,,,,,,,,,,,,
更新地區-都市計畫,產業生活特定專用區(主東6),臺北386,,,臺北市,南港區,,,,臺北市南港區都市計畫細部計畫(通盤檢討)案,,,,,,,2019/01/18,,,24100,,,,,,121.60235811864406,25.056927711864407,,,,,,,,,,,,,,,,,,,
更新地區-都市計畫,產業生活特定專用區(主經6),臺北387,,,臺北市,南港區,,,,臺北市南港區都市計畫細部計畫(通盤檢討)案,,,,,,,2019/01/18,,,7700,,,,,,121.61146625619834,25.05469409090909,,,,,,,,,,,,,,,,,,,
更新地區-都市計畫,產業生活特定專用區(主經7),臺北388,,,臺北市,南港區,,,,臺北市南港區都市計畫細部計畫(通盤檢討)案,,,,,,,2019/01/18,,,35900,,,,,,121.61317445755395,25.053597928057552,,,,,,,,,,,,,,,,,,,
更新地區-都市計畫,產業生活特定專用區(主經8),臺北389,,,臺北市,南港區,,,,臺北市南港區都市計畫細部計畫(通盤檢討)案,,,,,,,2019/01/18,,,10600,,,,,,121.61403018897637,25.051980929133858,,,,,,,,,,,,,,,,,,,
更新地區-都市計畫,捷運信義線東延段地下穿越街廓,臺北288,,,臺北市,信義區,,,,擬定臺北市捷運信義線東延段工程捷運開發區暨劃定都市更新地區細部計畫案,,,,,,,2015/10/22,,,22000,,,,,,121.58078957142857,25.03709404285714,,,,,,,,,,,,,,,,,,,
更新地區-都市計畫,臺北車站特定專用區 E1、E2,臺北390,,,臺北市,大同區,,,,擬定臺北車站特定專用區 E1 、 E2 、 D1 西半街廓暨周邊地區細部計畫案,,,,,,,2019/01/04,,,27551.24,,,,,,121.50924986666666,25.049364133333334,,,,,,,,,,,,,,,,,,,
更新地區-都市計畫,士林紙廠,,,,臺北市,士林區,,,,臺北市士林區都市計畫通盤檢討(細部計畫)(第一階段)案,,,,,,,2021/03/23,,,"42,559.61",,,,,,121.5231358125,25.091797475,,,,,,,,,,,,,,,,,,,
更新地區-迅行劃定,中山區中山女中南側地區,臺北250,,,臺北市,中山區,,,,擬定臺北市中山區中山女中南側地區都市更新計畫案,,,,,,,2010/4/24,,,42100,,,,,,121.537906,25.04703446875,,,,,,,,,,,,,,,,,,,
更新地區-迅行劃定,中山區長安段一小段(原世和大樓基地),臺北210,,,臺北市,中山區,,,,劃定臺北市中山區長安段一小段五七九地號(原世和大樓基地)都市更新地區案,,,,,,,2004/7/19,,,794,,,,,,121.5415102,25.0484732,,,,,,,,,,,,,,,,,,,
更新地區-迅行劃定,中山區北安段三小段,臺北268,,,臺北市,中山區,,,,劃定臺北市中山區北安段三小段818地號等12筆土地為更新地區,,,,,,,2014/5/9,,,"2,113.07",,,,,,121.54694041176471,25.079164176470588,,,,,,,,,,,,,,,,,,,
更新地區-迅行劃定,松山區敦化段二小段(原台??融中心大?基地),臺北211,,,臺北市,松山區,,,,劃定臺北市松山區敦化段二小段1地號(原台北金融中心大樓基地)都市更新地區案,,,,,,,2004/8/26,,,2591,,,,,,121.54840173333334,25.05148568888889,,,,,,,,,,,,,,,,,,,
更新地區-迅行劃定,台電中心倉庫更新地區,臺北273,,,臺北市,南港區,,,,劃定台電中心倉庫更新地區(臺北市南港區玉成段三小段545地號等8筆土地),,,,,,,2014/10/20,,,36947,,,,,,121.58311195620438,25.04804602189781,,,,,,,,,,,,,,,,,,,
更新地區-迅行劃定,台電電力修護處更新地區,臺北274,,,臺北市,南港區,,,,劃定台電電力修護處更新地區(臺北市南港區南港段四小段474-1地號等11筆土地),,,,,,,2014/10/20,,,"33,951.82",,,,,,121.5966805625,25.0524089375,,,,,,,,,,,,,,,,,,,
更新地區-迅行劃定,台電嘉興街學生宿舍更新地區,臺北275,,,臺北市,大安區,,,,劃定台電嘉興街學生宿舍更新地區（臺北市大安區辛亥段四小段58 地號等47 筆土地),,,,,,,2014/10/20,,,"6,996.54",,,,,,121.55063334545454,25.021096763636365,,,,,,,,,,,,,,,,,,,
更新地區-迅行劃定,松山區民生段(松齡新村),臺北270,,,臺北市,松山區,,,,劃定臺北市松山區民生段134-6地號等13筆土地為更新地區,,,,,,,2014/1/17,,,6557,,,,,,121.55039244117647,25.05913773529412,,,,,,,,,,,,,,,,,,,
更新地區-迅行劃定,木柵段二小段430地號更新地區(合發社區),臺北139,,,臺北市,文山區,,,,震災劃定地區(合發社區),,,,,,,2001/12/25,,,665,,,,,,121.5703195,24.9852581875,,,,,,,,,,,,,,,,,,,
更新地區-迅行劃定,信義逸仙段(原尚華仁愛大?基地),臺北214,,,臺北市,信義區,,,,劃定臺?市信義區?仙段三小段294-4地號(原尚華仁愛大?基地)?市?新地區案,,,,,,,2005/8/12,,,908,,,,,,121.557856,25.037333714285715,,,,,,,,,,,,,,,,,,,
更新地區-迅行劃定,劃定臺北市松山區寶清段七小段六八八地號(原東星大樓基地)為更新地區案,臺北001,,,臺北市,松山區,,,,劃定臺北市松山區寶清段七小段六八八地號(原東星大樓基地)為更新地區案,,,,,,,2000/1/20,,,1109,,,,,,121.57579971428572,25.049676785714286,,,,,,,,,,,,,,,,,,,
更新地區-迅行劃定,松山區寶清段七小段132地號(松園大廈基地)更新地區,臺北209,,,臺北市,松山區,,,,震災劃定地區(松園大廈),,,,,,,2003/12/9,,,1134,,,,,,121.57619755555555,25.05101711111111,,,,,,,,,,,,,,,,,,,
更新地區-迅行劃定,社子街十號更新地區,臺北138,,,臺北市,士林區,,,,震災劃定地區(社子街10號),,,,,,,2001/9/3,,,1540,,,,,,121.5085888,25.0873492,,,,,,,,,,,,,,,,,,,
更新地區-迅行劃定,南港區南港段一小段及經貿段,臺北255,,,臺北市,南港區,,,,劃定臺北市南港區南港段一小段138-1地號等58筆土地及經貿段55-1地號等1筆土地(合計59筆土地)為更新地區,,,,,,,2011/12/5,,,"7,096.05",,,,,,121.61440242268041,25.055993463917524,,,,,,,,,,,,,,,,,,,
更新地區-迅行劃定,新光二小段(修德國宅),臺北278,,,臺北市,南港區,,,,劃定臺北市南港區新光段二小段101地號等5筆土地(原修德國宅),,,,,,,2007/6/15,,,7426,,,,,,121.58950779999999,25.045913622222223,,,,,,,,,,,,,,,,,,,
更新地區-迅行劃定,北投區天母樺園社區,臺北266,,,臺北市,北投區,,,,劃定臺北市北投區振興段二小段57地號等27筆土地為更新地區,,,,,,,2013/4/12,,,1123,,,,,,121.52190563636364,25.11409781818182,,,,,,,,,,,,,,,,,,,
更新地區-迅行劃定,木新路三段九五巷南側更新地區(國泰攬翠),臺北136,,,臺北市,文山區,,,,震災劃定地區(國泰攬翠),,,,,,,2001/9/3,,,4020,,,,,,121.562465375,24.98104875,,,,,,,,,,,,,,,,,,,
更新地區-迅行劃定,大安區仁愛段二小段679、679-1、680地號(原勝利大廈基地)更新地區,臺北200,,,臺北市,大安區,,,,震災劃定地區(仁愛路二小段679、679-1、680地號),,,,,,,2002/11/19,,,1568,,,,,,121.54943323076922,25.040169,,,,,,,,,,,,,,,,,,,
更新地區-迅行劃定,文山區萬和里機關用地,臺北256,,,臺北市,文山區,,,,臺?市文山區萬和?機關用地實施?市?新開發計畫書,,,,,,,2012/4/1,,,21999,,,,,,121.53631977586207,24.999049718390804,,,,,,,,,,,,,,,,,,,
更新地區-迅行劃定,尊賢街二一八巷二五弄附近更新地區,臺北137,,,臺北市,北投區,,,,震災劃定地區(尊賢街218巷25弄附近),,,,,,,2001/9/3,,,598,,,,,,121.50842963636363,25.116513,,,,,,,,,,,,,,,,,,,
更新地區-迅行劃定,逸仙段三小段285、289(部分)地號更新地區(晶宮大廈),臺北141,,,臺北市,信義區,,,,震災劃定地區(逸仙段三小段285、289部分地號晶宮大廈),,,,,,,2002/10/9,,,920,,,,,,121.55894728571428,25.03727242857143,,,,,,,,,,,,,,,,,,,
更新地區-迅行劃定,中山區鼎興營區,臺北251,,,臺北市,中山區,,,,擬定臺北市中山區鼎興營區都市更新計畫案,,,,,,,2010/4/24,,,32233,,,,,,121.54155236666666,25.061182833333334,,,,,,,,,,,,,,,,,,,
更新地區-迅行劃定,八德路四段豪門世家更新地區,臺北134,,,臺北市,松山區,,,,震災劃定地區(八德路四段豪門世家),,,,,,,2001/9/3,,,545,,,,,,121.57617499999999,25.049753,,,,,,,,,,,,,,,,,,,
更新地區-迅行劃定,南京東路五段慶福大樓更新地區,臺北135,,,臺北市,松山區,,,,震災劃定地區(南京東路五段慶福大樓),,,,,,,2001/9/3,,,403,,,,,,121.56865271428572,25.051045428571427,,,,,,,,,,,,,,,,,,,
更新地區-迅行劃定,文山區興安段四小段,臺北272,,,臺北市,文山區,,,,劃定臺北市文山區興安段四小段259地號等6筆土地為更新地區,,,,,,,2014/10/8,,,3015,,,,,,121.55716011111112,24.995067088888888,,,,,,,,,,,,,,,,,,,
更新地區-迅行劃定,東湖段一小段十八地號(聯邦闔家歡社區富貴區)更新地區,臺北206,,,臺北市,內湖區,,,,震災劃定地區(東湖段一小段18地號更新地區),,,,,,,2003/3/24,,,8516,,,,,,121.61750955555556,25.07200853968254,,,,,,,,,,,,,,,,,,,
更新地區-迅行劃定,捷運內湖線地下穿越街廓,臺北287,,,臺北市,中山區,,,,配合臺北市捷運內湖線工程變更沿線機場用地、第二種住宅區為交通用地及交通用地為第一種商業區(特)、第三種住宅區計畫案,,,,,,,2004/1/12,,,6050,,,,,,121.5450854117647,25.077764470588235,,,,,,,,,,,,,,,,,,,
更新地區-迅行劃定,松山區敦化段四小段,臺北271,,,臺北市,松山區,,,,劃定臺北市松山區敦化段四小段363-1地號等6筆土地為更新地區,,,,,,,2014/6/30,,,4774,,,,,,121.54784781481482,25.06251562962963,,,,,,,,,,,,,,,,,,,
更新地區-迅行劃定,捷運圓山站西側更新地區(大龍段),臺北269,,,臺北市,大同區,,,,訂定臺北市大同區大龍段一小段264-8地號等80筆土地都市更新計畫案,,,,,,,2014/5/14,,,19990,,,,,,121.51939065517242,25.072107413793102,,,,,,,,,,,,,,,,,,,
更新地區-迅行劃定,臺北市士林區芝山段一小段13-1地號(士林7),臺北405,,,01臺北市,士林區,,,,劃定臺北市高氯離子混凝土建築物都市更新案,,,,,,,2019/8/21,,,1600,,,,,,121.53319488888889,25.10896327777778,,,,,,,,,,,,,,,,,,,
更新地區-迅行劃定,臺北市士林區天山段二小段116地號(士林6),臺北404,,,01臺北市,士林區,,,,劃定臺北市高氯離子混凝土建築物都市更新案,,,,,,,2019/8/21,,,1380,,,,,,121.53588288571429,25.118900371428573,,,,,,,,,,,,,,,,,,,
更新地區-迅行劃定,臺北市士林區天山段二小段118地號(士林5),臺北403,,,01臺北市,士林區,,,,劃定臺北市高氯離子混凝土建築物都市更新案,,,,,,,2019/8/21,,,700,,,,,,121.53636905882352,25.118698764705883,,,,,,,,,,,,,,,,,,,
更新地區-迅行劃定,臺北市松山區敦化段一小段510地號(敦化香榭)(松山1),臺北392,,,01臺北市,松山區,,,,劃定臺北市高氯離子混凝土建築物都市更新案,,,,,,,2019/8/21,,,1300,,,,,,121.54782033333333,25.05346377777778,,,,,,,,,,,,,,,,,,,
更新地區-迅行劃定,臺北市北投區關渡段二小段18地號(北投1),臺北406,,,01臺北市,北投區,,,,劃定臺北市高氯離子混凝土建築物都市更新案,,,,,,,2019/8/21,,,1000,,,,,,121.468398,25.122765375,,,,,,,,,,,,,,,,,,,
更新地區-迅行劃定,臺北市中正區南海段一小段84地號(新隆社區大樓)(中正1),臺北391,,,01臺北市,中正區,,,,劃定臺北市高氯離子混凝土建築物都市更新案,,,,,,,2019/8/21,,,15700,,,,,,121.52059072727272,25.032369727272727,,,,,,,,,,,,,,,,,,,
更新地區-迅行劃定,臺北市北投區桃源段四小段110-1等4筆地號(惠安歐洲花城)(北投4),臺北409,,,01臺北市,北投區,,,,劃定臺北市高氯離子混凝土建築物都市更新案,,,,,,,2019/8/21,,,4200,,,,,,121.48296047368422,25.137667236842105,,,,,,,,,,,,,,,,,,,
更新地區-迅行劃定,臺北市北投區文林路文小段443-2地號(北投3),臺北408,,,01臺北市,北投區,,,,劃定臺北市高氯離子混凝土建築物都市更新案,,,,,,,2019/8/21,,,200,,,,,,121.51353218181818,25.110913272727274,,,,,,,,,,,,,,,,,,,
更新地區-迅行劃定,臺北市北投區關渡段二小段536等4筆地號(北投2),臺北407,,,01臺北市,北投區,,,,劃定臺北市高氯離子混凝土建築物都市更新案,,,,,,,2019/8/21,,,1300,,,,,,121.46796273913043,25.11809743478261,,,,,,,,,,,,,,,,,,,
更新地區-迅行劃定,臺北市信義區吳興段二小段881等2筆地號(信義1),臺北393,,,01臺北市,信義區,,,,劃定臺北市高氯離子混凝土建築物都市更新案,,,,,,,2019/8/21,,,900,,,,,,121.56990975,25.017507000000002,,,,,,,,,,,,,,,,,,,
更新地區-迅行劃定,臺北市信義區三興段一小段845等2筆地號(皇家名宮)(信義2),臺北394,,,01臺北市,信義區,,,,劃定臺北市高氯離子混凝土建築物都市更新案,,,,,,,2019/8/21,,,1600,,,,,,121.55776933333334,25.029356749999998,,,,,,,,,,,,,,,,,,,
更新地區-迅行劃定,臺北市大安區懷生段二小段477地號(御林園)(大安1),臺北395,,,01臺北市,大安區,,,,劃定臺北市高氯離子混凝土建築物都市更新案,,,,,,,2019/8/21,,,1000,,,,,,121.53940775,25.037506125,,,,,,,,,,,,,,,,,,,
更新地區-迅行劃定,臺北市內湖區東湖段一小段30-4等3筆地號(名喬今日新世界社區)(內湖3),臺北398,,,01臺北市,內湖區,,,,劃定臺北市高氯離子混凝土建築物都市更新案,,,,,,,2019/8/21,,,4500,,,,,,121.61410372727273,25.07037418181818,,,,,,,,,,,,,,,,,,,
更新地區-迅行劃定,臺北市內湖區東湖段六小段404等3筆地號(松柏園大廈)(內湖2),臺北397,,,01臺北市,內湖區,,,,劃定臺北市高氯離子混凝土建築物都市更新案,,,,,,,2019/8/21,,,5000,,,,,,121.60580068,25.07394592,,,,,,,,,,,,,,,,,,,
更新地區-迅行劃定,臺北市內湖區潭美段四小段242地號(內湖1),臺北396,,,01臺北市,內湖區,,,,劃定臺北市高氯離子混凝土建築物都市更新案,,,,,,,2019/8/21,,,400,,,,,,121.580221,25.0539102,,,,,,,,,,,,,,,,,,,
更新地區-迅行劃定,臺北市士林區天母段四小段434地號(士林1),臺北399,,,01臺北市,士林區,,,,劃定臺北市高氯離子混凝土建築物都市更新案,,,,,,,2019/8/21,,,500,,,,,,121.53073271428572,25.122264714285713,,,,,,,,,,,,,,,,,,,
更新地區-迅行劃定,臺北市士林區百齡段五小段116等5筆地號(士林2),臺北400,,,01臺北市,士林區,,,,劃定臺北市高氯離子混凝土建築物都市更新案,,,,,,,2019/8/21,,,2500,,,,,,121.5208867368421,25.084575210526317,,,,,,,,,,,,,,,,,,,
更新地區-迅行劃定,臺北市士林區天母段三小段108等3筆地號(瑞成山莊)(士林3),臺北401,,,01臺北市,士林區,,,,劃定臺北市高氯離子混凝土建築物都市更新案,,,,,,,2019/8/21,,,860,,,,,,121.52871432258064,25.122031806451613,,,,,,,,,,,,,,,,,,,
更新地區-迅行劃定,臺北市士林區天山段二小段117地號(士林4),臺北402,,,01臺北市,士林區,,,,劃定臺北市高氯離子混凝土建築物都市更新案,,,,,,,2019/8/21,,,1100,,,,,,121.53606346153846,25.118754384615386,,,,,,,,,,,,,,,,,,,
更新地區-迅行劃定,臺北市士林區天母段四小段525地號等4筆土地(士林-13),臺北427,,,01臺北市,士林區,,,,劃定臺北市高氯離子混凝土建築物更新地區案,,,,,,,2021/2/5,,,1050,,,,,,121.52796909836066,25.122712778688523,,,,,,,,,,,,,,,,,,,
更新地區-迅行劃定,臺北市北投區桃源段五小段268地號等2筆土地(北投-7),臺北428,,,01臺北市,北投區,,,,劃定臺北市高氯離子混凝土建築物更新地區案,,,,,,,2021/2/5,,,1200,,,,,,121.47553878571429,25.133420357142857,,,,,,,,,,,,,,,,,,,
更新地區-迅行劃定,臺北市北投區行義段四小段326地號等1筆土地(北投-8),臺北429,,,01臺北市,北投區,,,,劃定臺北市高氯離子混凝土建築物更新地區案,,,,,,,2021/2/5,,,1630,,,,,,121.52379555555555,25.12211664197531,,,,,,,,,,,,,,,,,,,
更新地區-迅行劃定,臺北市大安區龍泉段一小段847-3等4筆地號(大安2),臺北431,,,01臺北市,大安區,,,,劃定臺北市高氯離子混凝土建築物更新地區案,,,,,,,2021/5/12,,,740,,,,,,121.53091707142858,25.019294285714285,,,,,,,,,,,,,,,,,,,
更新地區-迅行劃定,臺北市中正區公園段一小段47地號(中正-2),臺北432,,,01臺北市,中正區,,,,劃定臺北市高氯離子混凝土建築物更新地區案,,,,,,,2021/5/12,,,410,,,,,,121.5195062,25.0465696,,,,,,,,,,,,,,,,,,,
更新地區-迅行劃定,臺北市北投區行義段三小段572地號等4筆(北投-9),臺北433,,,01臺北市,北投區,,,,劃定臺北市高氯離子混凝土建築物更新地區案,,,,,,,2021/5/12,,,980,,,,,,121.52401364285714,25.121928285714286,,,,,,,,,,,,,,,,,,,
更新地區-迅行劃定,臺北市北投區關渡段二小段56地號(北投-10),臺北434,,,01臺北市,北投區,,,,劃定臺北市高氯離子混凝土建築物更新地區案,,,,,,,2021/5/12,,,2610,,,,,,121.469033,25.121910375,,,,,,,,,,,,,,,,,,,
更新地區-迅行劃定,臺北市北投區豐年段三小段671地號(北投-11),臺北435,,,01臺北市,北投區,,,,劃定臺北市高氯離子混凝土建築物更新地區案,,,,,,,2021/5/12,,,790,,,,,,121.473175,25.126944166666668,,,,,,,,,,,,,,,,,,,
更新地區-迅行劃定,臺北市松山區寶清段三小段424地號1筆土地(松山-2),臺北451,,,臺北市,松山區,,,,「劃定臺北市高氯離子混凝土建築物更新地區案」(2處),,,,,,,2021/12/23,,,200,,,,,,121.56522483333333,25.0531975,,,,,,,,,,,,,,,,,,,
更新地區-迅行劃定,臺北市士林區福順段一小段150地號等3筆土地更新地區(士林-14),臺北452,,,臺北市,士林區,,,,「劃定臺北市高氯離子混凝土建築物更新地區案」(2處),,,,,,,2021/12/23,,,200,,,,,,121.5114042,25.08633605,,,,,,,,,,,,,,,,,,,
更新地區-迅行劃定,,臺北453,,,臺北市,南港區,,,,劃定臺北市南港區玉成段三小段96地號等30筆土地為更新地區暨訂定更新計畫案,,,,,,,2021/12/29,,,10032,,,,,,121.58396036170213,25.05269213829787,,,,,,,,,,,,,,,,,,,
更新地區-迅行劃定,臺北市中正區公園段一小段3地號等2筆土地(中正-4),臺北455,,,臺北市,中正區,,,,「劃定臺北市高氯離子混凝土建築物更新地區案」(2處),,,,,,,2022/1/12,,,400,,,,,,121.5195844,25.0470284,,,,,,,,,,,,,,,,,,,
更新地區-迅行劃定,臺北市松山區延吉段一小段25地號1筆土地,臺北464,,,臺北市,松山區,,,,劃定臺北市松山區延吉段一小段25地號1筆土地為更新地區案,,,,,,,2022/7/6,,,241,,,,,,121.55634380000001,25.0478466,,,,,,,,,,,,,,,,,,,
更新地區-迅行劃定,臺北市北投區關渡段一小段468-6地號等2筆及關渡段二小段(北投-2),臺北460,,,臺北市,北投區,,,,變更暨新劃定臺北市高氯離子混凝土建築物更新地區案,,,,,,,2022/4/13,,,1600,,,,,,121.4679961111111,25.118113444444443,,,,,,,,,,,,,,,,,,,
更新地區-迅行劃定,臺北市松山區寶清段一小段67地號1筆土地(松山-3),臺北459,,,臺北市,松山區,,,,變更暨新劃定臺北市高氯離子混凝土建築物更新地區案,,,,,,,2022/4/13,,,4700,,,,,,121.566293625,25.056105875,,,,,,,,,,,,,,,,,,,
更新地區-迅行劃定,臺北市內湖區康寧段三小段66-4地號等4筆土地(內湖-8),臺北458,,,臺北市,內湖區,,,,變更暨新劃定臺北市高氯離子混凝土建築物更新地區案,,,,,,,2022/4/13,,,2900,,,,,,121.59720085294117,25.08240838235294,,,,,,,,,,,,,,,,,,,
更新地區-迅行劃定,臺北市內湖區東湖段一小段29-1地號1筆土地(內湖-7),臺北457,,,臺北市,內湖區,,,,變更暨新劃定臺北市高氯離子混凝土建築物更新地區案,,,,,,,2022/4/13,,,2000,,,,,,121.6153995,25.0712171875,,,,,,,,,,,,,,,,,,,
更新地區-迅行劃定,臺北市松山區寶清段一小段53-7地號1筆土地更新地區(松山-4),臺北476,,,臺北市,松山區,,,,「劃定臺北市高氯離子混凝土建築物更新地區(112年第一次)案」(1處),,,,,,,2023/1/16,,,6800,,,,,,121.56782944444444,25.055281444444443,,,,,,,,,,,,,,,,,,,
更新地區-迅行劃定,臺北市信義區三興段三小段311地號等2筆土地為更新地區,臺北475,,,臺北市,信義區,,,,提議臺北市信義區三興段三小段311地號等2筆土地為更新地區檢討書,,,,,,,2023/1/11,,,287,,,,,,121.5571245,25.0285155,,,,,,,,,,,,,,,,,,,
更新地區-迅行劃定,臺北市北投區行義段三小段593地號等2筆土地更新地區(北投19),臺北473,,,臺北市,北投區,,,,「劃定臺北市高氯離子混凝土建築物更新地區(111年第四次)案」(4處),,,,,,,2022/11/15,,,700,,,,,,121.52419666666667,25.122174,,,,,,,,,,,,,,,,,,,
更新地區-迅行劃定,臺北市北投區振興段三小段697地號等12筆土地更新地區(北投18),臺北472,,,臺北市,北投區,,,,「劃定臺北市高氯離子混凝土建築物更新地區(111年第四次)案」(4處),,,,,,,2022/11/15,,,1400,,,,,,121.51834276190476,25.111896904761906,,,,,,,,,,,,,,,,,,,
更新地區-迅行劃定,臺北市內湖區東湖段一小段34地號1筆土地更新地區(內湖9),臺北471,,,臺北市,內湖區,,,,「劃定臺北市高氯離子混凝土建築物更新地區(111年第四次)案」(4處),,,,,,,2022/11/15,,,800,,,,,,121.61353716666666,25.070839,,,,,,,,,,,,,,,,,,,
更新地區-迅行劃定,臺北市士林區三玉段二小段482地號1筆土地更新地區(士林15),臺北470,,,臺北市,士林區,,,,「劃定臺北市高氯離子混凝土建築物更新地區(111年第四次)案」(4處),,,,,,,2022/11/15,,,1800,,,,,,121.53146680487805,25.114086268292684,,,,,,,,,,,,,,,,,,,
更新地區-迅行劃定,臺北市中正區永昌段二小段103地號1筆土地更新地區(中正5),臺北467,,,臺北市,中正區,,,,「劃定臺北市高氯離子混凝土建築物更新地區案」(3處),,,,,,,2022/8/18,,,200,,,,,,121.51408257142857,25.02691042857143,,,,,,,,,,,,,,,,,,,
更新地區-迅行劃定,臺北市北投區大業段五小段1-2地號1筆土地更新地區(北投17),臺北466,,,臺北市,北投區,,,,「劃定臺北市高氯離子混凝土建築物更新地區案」(3處),,,,,,,2022/8/18,,,900,,,,,,121.49932854166667,25.130314291666668,,,,,,,,,,,,,,,,,,,
更新地區-迅行劃定,臺北市北投區關渡段二小段184地號1筆土地更新地區(北投16),臺北465,,,臺北市,北投區,,,,「劃定臺北市高氯離子混凝土建築物更新地區案」(3處),,,,,,,2022/8/18,,,1100,,,,,,121.46689364516129,25.122112677419356,,,,,,,,,,,,,,,,,,,
更新地區-迅行劃定,臺北市北投區桃源段五小段575地號1筆土地(北投-15),臺北454,,,臺北市,北投區,,,,「劃定臺北市高氯離子混凝土建築物更新地區案」(2處),,,,,,,2022/1/12,,,2400,,,,,,121.47042247619048,25.12941019047619,,,,,,,,,,,,,,,,,,,
更新地區-迅行劃定,,臺北449,,,臺北市,中正區,,,,劃定臺北市中正區福和段二小段60-19地號等6筆土地都市更新地區暨訂定都市更新計畫案,,,,,,,2021/11/26,,,10541,,,,,,121.52469866666667,25.01804088888889,,,,,,,,,,,,,,,,,,,
更新地區-迅行劃定,臺北市士林區天母段四小段541地號等9筆土地更新地區(士林16),臺北479,,,臺北市,士林區,,,,「劃定臺北市高氯離子混凝土建築物更新地區(112年第二次)案」,,,,,,,2023/4/24,,,1000,,,,,,121.52756942857143,25.12306238095238,,,,,,,,,,,,,,,,,,,
更新地區-迅行劃定,臺北市士林區芝蘭段一小段347地號1筆土地更新地區(士林17),臺北480,,,臺北市,士林區,,,,「劃定臺北市高氯離子混凝土建築物更新地區(112年第二次)案」,,,,,,,2023/4/24,,,200,,,,,,121.5358199137931,25.110701706896553,,,,,,,,,,,,,,,,,,,
更新地區-迅行劃定,臺北市士林區蘭雅段二小段397地號1筆土地更新地區(士林18),臺北481,,,臺北市,士林區,,,,「劃定臺北市高氯離子混凝土建築物更新地區(112年第二次)案」,,,,,,,2023/4/24,,,800,,,,,,121.5218445,25.104406583333333,,,,,,,,,,,,,,,,,,,
更新地區-迅行劃定,臺北市內湖區大湖段二小段41地號等4筆土地更新地區(內湖10),臺北482,,,臺北市,內湖區,,,,「劃定臺北市高氯離子混凝土建築物更新地區(112年第二次)案」,,,,,,,2023/4/24,,,2700,,,,,,121.59814118181818,25.088053272727272,,,,,,,,,,,,,,,,,,,
更新地區-迅行劃定,臺北市內湖區東湖段六小段404地號等3筆土地更新地區(內湖11),臺北483,,,臺北市,內湖區,,,,「劃定臺北市高氯離子混凝土建築物更新地區(112年第二次)案」,,,,,,,2023/4/24,,,5000,,,,,,121.6057171111111,25.073938277777778,,,,,,,,,,,,,,,,,,,
更新地區-迅行劃定,臺北市南港區玉成段四小段387地號1筆土地更新地區(南港1),臺北484,,,臺北市,南港區,,,,「劃定臺北市高氯離子混凝土建築物更新地區(112年第二次)案」,,,,,,,2023/4/24,,,700,,,,,,121.59087618181817,25.04878490909091,,,,,,,,,,,,,,,,,,,
更新地區-迅行劃定,,臺北477,,,臺北市,中正區,,,,「訂定臺北市中正區-12-三軍總醫院附近更新地區都市更新計畫及劃定臺北市中正區福和段二小段176-5地號等46筆土地為策略性更新地區案」,,,,,,,2023/4/24,,,41300,,,,,,121.52755463333334,25.0141696,,,,,,,,,,,,,,,,,,,
更新地區-迅行劃定,臺北市信義區逸仙段三小段32地號等5筆土地(基隆路整建住宅更新地區),臺北448,,,臺北市,信義區,,,,劃定臺北市信義區逸仙段三小段32地號等5筆土地為更新地區,,,,,,,2021/9/22,,,5662,,,,,,121.5612142,25.036695533333333,,,,,,,,,,,,,,,,,,,
更新地區-迅行劃定,,臺北446,,,臺北市,中山區,,,,「劃定臺北市高氯離子混凝土建築物更新地區案」(8處),,,,,,,2021/9/6,,,4150,,,,,,121.55343572727273,25.086002727272728,,,,,,,,,,,,,,,,,,,
更新地區-迅行劃定,臺北市中山區榮星段四小段393地號等4筆土地(中山-2),臺北445,,,臺北市,中山區,,,,「劃定臺北市高氯離子混凝土建築物更新地區案」(8處),,,,,,,2021/9/6,,,230,,,,,,121.5386352,25.0646762,,,,,,,,,,,,,,,,,,,
更新地區-迅行劃定,臺北市中山區榮星段四小段401地號等6筆土地(中山-1),臺北444,,,臺北市,中山區,,,,「劃定臺北市高氯離子混凝土建築物更新地區案」(8處),,,,,,,2021/9/6,,,520,,,,,,121.53850484615384,25.06458376923077,,,,,,,,,,,,,,,,,,,
更新地區-迅行劃定,臺北市內湖區東湖段一小段20-6地號1筆土地(內湖-6),臺北443,,,臺北市,內湖區,,,,「劃定臺北市高氯離子混凝土建築物更新地區案」(8處),,,,,,,2021/9/6,,,960,,,,,,121.6182875,25.070128166666667,,,,,,,,,,,,,,,,,,,
更新地區-迅行劃定,臺北市北投區關渡段二小段48地號1筆土地(北投-14),臺北442,,,臺北市,北投區,,,,「劃定臺北市高氯離子混凝土建築物更新地區案」(8處),,,,,,,2021/9/6,,,2620,,,,,,121.46808551851852,25.122077592592593,,,,,,,,,,,,,,,,,,,
更新地區-迅行劃定,臺北市北投區立農段四小段10地號1筆土地(北投-13),臺北441,,,臺北市,北投區,,,,「劃定臺北市高氯離子混凝土建築物更新地區案」(8處),,,,,,,2021/9/6,,,1100,,,,,,121.50590564285714,25.11829492857143,,,,,,,,,,,,,,,,,,,
更新地區-迅行劃定,臺北市北投區關渡段二小段55地號1筆土地(北投-12),臺北440,,,臺北市,北投區,,,,「劃定臺北市高氯離子混凝土建築物更新地區案」(8處),,,,,,,2021/9/6,,,620,,,,,,121.4689090625,25.1223021875,,,,,,,,,,,,,,,,,,,
更新地區-迅行劃定,臺北市信義區三興段一小段845等2筆地號(皇家名宮)(信義2)(新增847、847-1地號),臺北424,,,臺北市,信義區,,,,變更暨新劃定臺北市高氯離子混凝土建築物更新地區案,,,,,,,2020/9/25,,,1700,,,,,,121.55776844444445,25.029350444444443,,,,,,,,,,,,,,,,,,,
更新地區-迅行劃定,臺北市北投區豐年段四小段411地號(北投6),臺北423,,,臺北市,北投區,,,,變更暨新劃定臺北市高氯離子混凝土建築物更新地區案,,,,,,,2020/9/25,,,800,,,,,,121.47129655555555,25.127433333333332,,,,,,,,,,,,,,,,,,,
更新地區-迅行劃定,臺北市北投區開明段二小段341等7筆地號(北投5),臺北422,,,臺北市,北投區,,,,變更暨新劃定臺北市高氯離子混凝土建築物更新地區案,,,,,,,2020/9/25,,,1400,,,,,,121.5003435,25.1377253,,,,,,,,,,,,,,,,,,,
更新地區-迅行劃定,臺北市北投區桃源段四小段110-1等4筆地號(惠安歐洲花城)(北投4)(2020年減少110-1、161地號),臺北421,,,臺北市,北投區,,,,變更暨新劃定臺北市高氯離子混凝土建築物更新地區案,,,,,,,2020/9/25,,,4100,,,,,,121.48301757142858,25.13765085714286,,,,,,,,,,,,,,,,,,,
更新地區-迅行劃定,臺北市內湖區康寧段三小段291-2等6筆地號(內湖5),臺北420,,,臺北市,內湖區,,,,變更暨新劃定臺北市高氯離子混凝土建築物更新地區案,,,,,,,2020/9/25,,,1000,,,,,,121.5936545,25.0827097,,,,,,,,,,,,,,,,,,,
更新地區-迅行劃定,臺北市內湖區東湖段七小段300地號(內湖4),臺北419,,,臺北市,內湖區,,,,變更暨新劃定臺北市高氯離子混凝土建築物更新地區案,,,,,,,2020/9/25,,,1100,,,,,,121.61476482352941,25.068330294117647,,,,,,,,,,,,,,,,,,,
更新地區-迅行劃定,臺北市士林區光華段二小段761等2筆地號(陽明廣場大廈)(士林12),臺北418,,,臺北市,士林區,,,,變更暨新劃定臺北市高氯離子混凝土建築物更新地區案,,,,,,,2020/9/25,,,1600,,,,,,121.51925407142858,25.090130285714284,,,,,,,,,,,,,,,,,,,
更新地區-迅行劃定,臺北市士林區天母段三小段129地號(士林11),臺北417,,,臺北市,士林區,,,,變更暨新劃定臺北市高氯離子混凝土建築物更新地區案,,,,,,,2020/9/25,,,500,,,,,,121.52868633333333,25.121381,,,,,,,,,,,,,,,,,,,
更新地區-迅行劃定,臺北市士林區福林段一小段227地號(士林10),臺北416,,,臺北市,士林區,,,,變更暨新劃定臺北市高氯離子混凝土建築物更新地區案,,,,,,,2020/9/25,,,1600,,,,,,121.53484768421052,25.098747736842107,,,,,,,,,,,,,,,,,,,
更新地區-迅行劃定,臺北市士林區百齡段五小段543等2筆地號(士林9),臺北415,,,臺北市,士林區,,,,變更暨新劃定臺北市高氯離子混凝土建築物更新地區案,,,,,,,2020/9/25,,,4100,,,,,,121.52038225,25.082185666666668,,,,,,,,,,,,,,,,,,,
更新地區-迅行劃定,臺北市士林區海光段二小段68等4筆地號(葫蘆公寓)(士林8),臺北414,,,臺北市,士林區,,,,變更暨新劃定臺北市高氯離子混凝土建築物更新地區案,,,,,,,2020/9/25,,,1500,,,,,,121.508746,25.0833675,,,,,,,,,,,,,,,,,,,
更新地區-迅行劃定,臺北市士林區芝山段一小段13-1地號(士林7)(2020年增加11、13地號),臺北413,,,臺北市,士林區,,,,變更暨新劃定臺北市高氯離子混凝土建築物更新地區案,,,,,,,2020/9/25,,,1700,,,,,,121.533285,25.109018166666665,,,,,,,,,,,,,,,,,,,
更新地區-迅行劃定,臺北市士林區天母段四小段434地號(士林1)(2020年增加433地號),臺北412,,,臺北市,士林區,,,,變更暨新劃定臺北市高氯離子混凝土建築物更新地區案,,,,,,,2020/9/25,,,520,,,,,,121.5307136,25.1222466,,,,,,,,,,,,,,,,,,,
更新地區-迅行劃定,臺北市中正區中正段一小段446-1地號等29筆,臺北410,,,臺北市,中正區,,,,劃定臺北市中正區中正段一小段446-1地號等29筆土地為更新地區,,,,,,,2020/3/2,,,13577,,,,,,121.52238475,25.038043,,,,,,,,,,,,,,,,,,,
更新地區-迅行劃定,中正國中南側更新地區,臺北205,,,臺北市,大安區,,,,劃定捷運系統新莊線〈北市段〉地下穿越街廓都市更新地區案,,,,,,,2002/11/19,,,19700,,,,,,121.5210919375,25.03068409375,,,,,,,,,,,,,,,,,,,
更新地區-迅行劃定,金甌商職東側更新地區,臺北204,,,臺北市,大安區,,,,劃定捷運系統新莊線〈北市段〉地下穿越街廓都市更新地區案,,,,,,,2002/11/19,,,1900,,,,,,121.52505981818182,25.03459727272727,,,,,,,,,,,,,,,,,,,
更新地區-迅行劃定,新生南路一段、信義路二段西北側更新地區,臺北203,,,臺北市,中正區,,,,劃定捷運系統新莊線〈北市段〉地下穿越街廓都市更新地區案,,,,,,,2002/11/19,,,12500,,,,,,121.5317275,25.03436082352941,,,,,,,,,,,,,,,,,,,
更新地區-迅行劃定,民權東路、松江路口西側更新地區,臺北202,,,臺北市,中山區,,,,劃定捷運系統新莊線〈北市段〉地下穿越街廓都市更新地區案,,,,,,,2002/11/19,,,20700,,,,,,121.53207792307693,25.06205003846154,,,,,,,,,,,,,,,,,,,
更新地區-迅行劃定,民權國中東側更新地區,臺北201,,,臺北市,大同區,,,,劃定捷運系統新莊線〈北市段〉地下穿越街廓都市更新地區案,,,,,,,2002/11/19,,,9200,,,,,,121.5158970625,25.0634190625,,,,,,,,,,,,,,,,,,,
更新地區-迅行劃定,臺北市中正區永昌段四小段303地號等2筆土地(中正-3),臺北447,,,臺北市,中正區,,,,「劃定臺北市高氯離子混凝土建築物更新地區案」(8處),,,,,,,2021/9/6,,,590,,,,,,121.50890533333333,25.02904925,,,,,,,,,,,,,,,,,,,
更新地區-迅行劃定,臺北市中山區榮星段四小段392地號等9筆土地更新地區(中山2)-範圍擴大,臺北491,,,01臺北市,中山區,,,,「劃定臺北市高氯離子混凝土建築物更新地區(112年第三次)案」,,,,,,,2023/7/19,,,300,,,,,,121.5385887625,25.0646371625,,,,,,,,,,,,,,,,,,,
更新地區-迅行劃定,臺北市萬華區福星段一小段143-1、144、144-2及145-3地號等5筆土地(耐震能力不足),臺北485,,,01臺北市,萬華區,,,,劃定臺北市萬華區福星段一小段143-1、144、144-2及145-3地號等5筆土地為更新地區,,,,,,,2023/7/25,,,9370,,,,,,121.506858,25.0480844625,,,,,,,,,,,,,,,,,,,
更新地區-迅行劃定,臺北市內湖區康寧段三小段239-3地號等7筆土地更新地區(內湖12),臺北486,,,01臺北市,內湖區,,,,「劃定臺北市高氯離子混凝土建築物更新地區(112年第三次)案」,,,,,,,2023/7/19,,,3400,,,,,,121.5933243111111,25.083893433333333,,,,,,,,,,,,,,,,,,,
更新地區-迅行劃定,臺北市內湖區東湖段一小段25-1地號等2筆土地更新地區(內湖13),臺北487,,,01臺北市,內湖區,,,,「劃定臺北市高氯離子混凝土建築物更新地區(112年第三次)案」,,,,,,,2023/7/19,,,1100,,,,,,121.61638745,25.07161795,,,,,,,,,,,,,,,,,,,
更新地區-迅行劃定,臺北市內湖區東湖段一小段15-1地號1筆土地更新地區(內湖14),臺北488,,,01臺北市,內湖區,,,,「劃定臺北市高氯離子混凝土建築物更新地區(112年第三次)案」,,,,,,,2023/7/19,,,1800,,,,,,121.61830941666666,25.07307043333333,,,,,,,,,,,,,,,,,,,
更新地區-迅行劃定,臺北市內湖區東湖段一小段25-1地號等2筆土地更新地區(內湖13),臺北489,,,01臺北市,內湖區,,,,「劃定臺北市高氯離子混凝土建築物更新地區(112年第三次)案」,,,,,,,2023/7/19,,,700,,,,,,121.51772757272727,25.05161410909091,,,,,,,,,,,,,,,,,,,
更新地區-迅行劃定,臺北市中山區榮星段四小段395地號等8筆土地更新地區(中山1)-範圍擴大,臺北490,,,01臺北市,中山區,,,,「劃定臺北市高氯離子混凝土建築物更新地區(112年第三次)案」,,,,,,,2023/7/19,,,520,,,,,,121.53852536,25.064577893333333,,,,,,,,,,,,,,,,,,,
更新地區-迅行劃定,臺北市中山區北安段一小段161、161-3、163-1地號等3筆土地,臺北493,,,01臺北市,內湖區,,,,劃定臺北市臺北市中山區北安段一小段161、161-3、163-1地號等3筆土地為更新地區及訂定都市更新計畫案,,,,,,,2023/9/28,,,869,,,,,,121.5477595,25.084730166666667,,,,,,,,,,,,,,,,,,,
更新地區-迅行劃定,臺北市士林區天山段二小段264地號等15筆土地(士林19),臺北495,,,臺北市,士林區,,,,劃定臺北市高氯離子混凝土建築物更新地區(112年第四次)案,,,,,,,2023/10/28,,,2130,,,,,,121.53333728571428,25.118886523809525,,,,,,,,,,,,,,,,,,,
更新地區-迅行劃定,臺北市內湖區石潭段三小段646地號1筆土地(內湖15),臺北496,,,臺北市,內湖區,,,,劃定臺北市高氯離子混凝土建築物更新地區(112年第四次)案,,,,,,,2023/10/28,,,1700,,,,,,121.59121906060606,25.069486636363635,,,,,,,,,,,,,,,,,,,
更新地區-迅行劃定,臺北市中山區北安段一小段110-2地號等9筆土地,臺北497,,,01臺北市,中山區,,,,劃定臺北市中山區北安段一小段110-2地號等9筆土地為更新地區及訂定都市更新計畫案,,,,,,,2024/1/10,,,7785,,,,,,121.54838708,25.0846624,,,,,,,,,,,,,,,,,,,
更新地區-迅行劃定,臺北市信義區吳興段二小段881等3筆地號(信義1),臺北393-1,,,01臺北市,信義區,,,,變更暨新劃定臺北市高氯離子混凝土建築物更新地區(113年第一次)案,,,,,,,2024/3/29,,,923.39,,,,,,121.56992058823529,25.01751305882353,,,,,,,,,,,,,,,,,,,
更新地區-迅行劃定,臺北市內湖區大湖段二小段41地號等5筆土地更新地區(內湖10),臺北482,,,01臺北市,內湖區,,,,變更暨新劃定臺北市高氯離子混凝土建築物更新地區(113年第一次)案,,,,,,,2024/3/28,,,2746,,,,,,121.598091,25.088040307692307,,,,,,,,,,,,,,,,,,,
更新地區-迅行劃定,臺北市大安區辛亥段一小段168地號1筆土地更新地區(大安3),臺北499,,,01臺北市,內湖區,,,,變更暨新劃定臺北市高氯離子混凝土建築物更新地區(113年第一次)案,,,,,,,2024/3/29,,,4300,,,,,,121.55902715789473,25.017611815789472,,,,,,,,,,,,,,,,,,,
更新地區-迅行劃定,臺北市內湖區東湖段一小段4-7地號1筆土地更新地區(內湖16),臺北500,,,01臺北市,內湖區,,,,變更暨新劃定臺北市高氯離子混凝土建築物更新地區(113年第一次)案,,,,,,,2024/3/29,,,900,,,,,,121.61937228985508,25.071818304347826,,,,,,,,,,,,,,,,,,,
更新地區-迅行劃定,臺北市內湖區康寧段三小段291-3地號等4筆土地更新地區(內湖17),臺北501,,,01臺北市,內湖區,,,,變更暨新劃定臺北市高氯離子混凝土建築物更新地區(113年第一次)案,,,,,,,2024/3/29,,,1500,,,,,,121.59400905882353,25.08288176470588,,,,,,,,,,,,,,,,,,,
更新地區-迅行劃定,臺北市內湖區康寧段二小段214-3地號等2筆土地更新地區(內湖18),臺北502,,,01臺北市,內湖區,,,,變更暨新劃定臺北市高氯離子混凝土建築物更新地區(113年第一次)案,,,,,,,2024/3/29,,,4800,,,,,,121.59534370625,25.0847767125,,,,,,,,,,,,,,,,,,,
更新地區-迅行劃定,臺北市北投區立農段五小段254地號1筆土地更新地區(北投20),臺北503,,,01臺北市,北投區,,,,變更暨新劃定臺北市高氯離子混凝土建築物更新地區(113年第一次)案,,,,,,,2024/3/29,,,400,,,,,,121.50740716666667,25.119335166666666,,,,,,,,,,,,,,,,,,,
更新地區-迅行劃定,臺北市松山區敦化段一小段734地號等8筆土地更新地區(松山5),臺北504,,,01臺北市,松山區,,,,變更暨新劃定臺北市高氯離子混凝土建築物更新地區(113年第一次)案,,,,,,,2024/3/29,,,700,,,,,,121.54457177777778,25.054317333333334,,,,,,,,,,,,,,,,,,,
更新地區-迅行劃定,臺北市大同區雙連段二小段204地號1筆土地更新地區(大同2),臺北505,,,01臺北市,大同區,,,,變更暨新劃定臺北市高氯離子混凝土建築物更新地區(113年第一次)案,,,,,,,2024/3/29,,,800,,,,,,121.51578433333333,25.062005,,,,,,,,,,,,,,,,,,,
更新地區-迅行劃定,臺北市中山區中山段三小段763地號1筆土地更新地區(中山4),臺北506,,,01臺北市,中山區,,,,變更暨新劃定臺北市高氯離子混凝土建築物更新地區(113年第一次)案,,,,,,,2024/3/29,,,400,,,,,,121.5235305,25.053318666666666,,,,,,,,,,,,,,,,,,,
更新地區-迅行劃定,臺北市文山區萬隆段二小段301地號等6筆土地更新地區(文山1),臺北507,,,01臺北市,文山區,,,,變更暨新劃定臺北市高氯離子混凝土建築物更新地區(113年第一次)案,,,,,,,2024/3/29,,,1900,,,,,,121.53699808333333,25.001033,,,,,,,,,,,,,,,,,,,
更新地區-迅行劃定,臺北市中正區臨沂段三小段294地號1筆土地,臺北508,,,01臺北市,中正區,,,,劃定臺北市中正區臨沂段三小段294地號1筆土地為更新地區案,,,,,,,2024/4/22,,,1081,,,,,,121.530853,25.035744222222224,,,,,,,,,,,,,,,,,,,
更新地區-迅行劃定,臺北市士林區海光段三小段115地號等3筆土地,臺北509,,,01臺北市,士林區,,,,劃定臺北市113年4月3日震災後紅單及黃單危險建築物為更新地區案,,,,,,,2024/6/6,,,112,,,,,,121.51055577777778,25.080193333333334,,,,,,,,,,,,,,,,,,,
更新地區-迅行劃定,臺北市松山區民生段53地號1筆土地,臺北510,,,01臺北市,松山區,,,,劃定臺北市113年4月3日震災後紅單及黃單危險建築物為更新地區案,,,,,,,2024/6/6,,,4526,,,,,,121.5645714,25.058398999999998,,,,,,,,,,,,,,,,,,,
更新地區-迅行劃定,臺北市松山區寶清段七小段204地號等2筆土地,臺北511,,,01臺北市,松山區,,,,劃定臺北市113年4月3日震災後紅單及黃單危險建築物為更新地區案,,,,,,,2024/6/6,,,260,,,,,,121.5754504,25.0507752,,,,,,,,,,,,,,,,,,,
更新地區-迅行劃定,臺北市萬華區福星段四小段52地號等10筆土地,臺北512,,,01臺北市,萬華區,,,,劃定臺北市113年4月3日震災後紅單及黃單危險建築物為更新地區案,,,,,,,2024/6/6,,,1034,,,,,,121.50420283333334,25.045106,,,,,,,,,,,,,,,,,,,
更新地區-迅行劃定,臺北市文山區景美段一小段46地號等2筆土地,臺北513,,,01臺北市,文山區,,,,劃定臺北市113年4月3日震災後紅單及黃單危險建築物為更新地區案,,,,,,,2024/6/6,,,45.47,,,,,,121.54001819999999,24.9999312,,,,,,,,,,,,,,,,,,,
更新地區-迅行劃定,臺北市中正區永昌段四小段643地號1筆土地,臺北514,,,01臺北市,中正區,,,,劃定臺北市113年4月3日震災後紅單及黃單危險建築物為更新地區案,,,,,,,2024/6/6,,,"1,557.29",,,,,,121.50568222222222,25.028822666666667,,,,,,,,,,,,,,,,,,,
更新地區-迅行劃定,臺北市中正區永昌段四小段640地號1筆土地,臺北515,,,01臺北市,中正區,,,,劃定臺北市113年4月3日震災後紅單及黃單危險建築物為更新地區案,,,,,,,2024/6/6,,,"1,557.29",,,,,,121.50594077777778,25.02863922222222,,,,,,,,,,,,,,,,,,,
更新地區-迅行劃定,臺北市內湖區文德段二小段166-2地號等4筆土地,臺北516,,,01臺北市,內湖區,,,,劃定臺北市113年4月3日震災後紅單及黃單危險建築物為更新地區案,,,,,,,2024/6/6,,,1468,,,,,,121.58508404545455,25.074761227272727,,,,,,,,,,,,,,,,,,,
更新地區-迅行劃定,臺北市內湖區東湖段二小段34地號等3筆土地,臺北517,,,01臺北市,內湖區,,,,劃定臺北市113年4月3日震災後紅單及黃單危險建築物為更新地區案,,,,,,,2024/6/6,,,3522,,,,,,121.6099541,25.0724671,,,,,,,,,,,,,,,,,,,
更新地區-迅行劃定,臺北市內湖區東湖段一小段20-1地號1筆土地,臺北518,,,01臺北市,內湖區,,,,劃定臺北市113年4月3日震災後紅單及黃單危險建築物為更新地區案,,,,,,,2024/6/6,,,4275,,,,,,121.61834047826086,25.069781913043478,,,,,,,,,,,,,,,,,,,
更新地區-迅行劃定,臺北市士林區三玉段一小段16地號等6筆土地更新地區(士林20),臺北519,,,01臺北市,士林區,,,,劃定臺北市高氯離子混凝土建築物更新地區(113年第二次)案,,,,,,,2024/6/20,,,970,,,,,,121.53637635714286,25.11793742857143,,,,,,,,,,,,,,,,,,,
更新地區-迅行劃定,臺北市士林區天母段一小段289地號1筆土地更新地區(士林21),臺北520,,,01臺北市,士林區,,,,劃定臺北市高氯離子混凝土建築物更新地區(113年第二次)案,,,,,,,2024/6/20,,,500,,,,,,121.52594358333333,25.114304333333333,,,,,,,,,,,,,,,,,,,
更新地區-迅行劃定,臺北市內湖區東湖段四小段4-9地號1筆土地更新地區(內湖19),臺北521,,,01臺北市,內湖區,,,,劃定臺北市高氯離子混凝土建築物更新地區(113年第二次)案,,,,,,,2024/6/20,,,1200,,,,,,121.62249762500001,25.075451,,,,,,,,,,,,,,,,,,,
更新地區-迅行劃定,臺北市中山區中山段三小段769地號1筆土地更新地區(中山5),臺北522,,,01臺北市,中山區,,,,劃定臺北市高氯離子混凝土建築物更新地區(113年第二次)案,,,,,,,2024/6/20,,,300,,,,,,121.5235565,25.053499833333333,,,,,,,,,,,,,,,,,,,
更新地區-迅行劃定,臺北市大同區迪化段一小段33地號等3筆土地更新地區(大同3),臺北523,,,01臺北市,大同區,,,,劃定臺北市高氯離子混凝土建築物更新地區(113年第二次)案,,,,,,,2024/6/20,,,604,,,,,,121.5130286,25.0566328,,,,,,,,,,,,,,,,,,,
更新地區-迅行劃定,臺北市南港區南港段一小段1083-1地號等7筆土地更新地區,臺北524,,,01臺北市,南港區,,,,劃定臺北市113年4月3日震災後紅單及黃單危險建築物為更新地區(第二次)案,,,,,,,2024/7/12,,,394,,,,,,121.60670076923077,25.057425846153848,,,,,,,,,,,,,,,,,,,
更新地區-迅行劃定,臺北市南港區玉成段五小段698地號1筆土地更新地區,臺北525,,,01臺北市,南港區,,,,劃定臺北市113年4月3日震災後紅單及黃單危險建築物為更新地區(第二次)案,,,,,,,2024/7/12,,,2040,,,,,,121.58278185,25.043776349999998,,,,,,,,,,,,,,,,,,,
更新地區-迅行劃定,臺北市南港區新光段三小段70地號等8筆土地更新地區,臺北526,,,01臺北市,南港區,,,,劃定臺北市113年4月3日震災後紅單及黃單危險建築物為更新地區(第二次)案,,,,,,,2024/7/12,,,729,,,,,,121.58705698039216,25.041067294117646,,,,,,,,,,,,,,,,,,,
更新地區-迅行劃定,臺北市南港區南港段一小段947地號1筆土地更新地區,臺北527,,,01臺北市,南港區,,,,劃定臺北市113年4月3日震災後紅單及黃單危險建築物為更新地區(第二次)案,,,,,,,2024/7/12,,,315,,,,,,121.60947825,25.059178250000002,,,,,,,,,,,,,,,,,,,
更新地區-迅行劃定,臺北市南港區南港段一小段92地號等12筆土地更新地區,臺北528,,,01臺北市,南港區,,,,劃定臺北市113年4月3日震災後紅單及黃單危險建築物為更新地區(第二次)案,,,,,,,2024/7/12,,,669,,,,,,121.61945940000001,25.0550962,,,,,,,,,,,,,,,,,,,
更新地區-迅行劃定,臺北市南港區南港段三小段312地號1筆土地更新地區,臺北529,,,01臺北市,南港區,,,,劃定臺北市113年4月3日震災後紅單及黃單危險建築物為更新地區(第二次)案,,,,,,,2024/7/12,,,2329,,,,,,121.59562588118811,25.054622,,,,,,,,,,,,,,,,,,,
更新地區-迅行劃定,臺北市大安區辛亥段四小段478地號1筆土地更新地區,臺北530,,,01臺北市,大安區,,,,劃定臺北市113年4月3日震災後紅單及黃單危險建築物為更新地區(第二次)案,,,,,,,2024/7/12,,,3499,,,,,,121.55725361111111,25.018189222222222,,,,,,,,,,,,,,,,,,,
更新地區-迅行劃定,臺北市信義區虎林段四小段1地號1筆土地更新地區,臺北531,,,01臺北市,信義區,,,,劃定臺北市113年4月3日震災後紅單及黃單危險建築物為更新地區(第二次)案,,,,,,,2024/7/12,,,786,,,,,,121.5774536,25.0475208,,,,,,,,,,,,,,,,,,,
更新地區-迅行劃定,臺北市中山區中山段一小段76地號等3筆土地更新地區,臺北532,,,01臺北市,中山區,,,,劃定臺北市113年4月3日震災後紅單及黃單危險建築物為更新地區(第二次)案,,,,,,,2024/7/12,,,600,,,,,,121.523807,25.0682276,,,,,,,,,,,,,,,,,,,
更新地區-迅行劃定,臺北市松山區敦化段一小段233地號1筆土地更新地區,臺北533,,,01臺北市,松山區,,,,劃定臺北市113年4月3日震災後紅單及黃單危險建築物為更新地區(第二次)案,,,,,,,2024/7/12,,,83,,,,,,121.5446928,25.0567366,,,,,,,,,,,,,,,,,,,
更新地區-迅行劃定,臺北市中正區臨沂段二小段291地號1筆土地更新地區,臺北534,,,01臺北市,中正區,,,,劃定臺北市113年4月3日震災後紅單及黃單危險建築物為更新地區(第二次)案,,,,,,,2024/7/12,,,145,,,,,,121.529379,25.0396518,,,,,,,,,,,,,,,,,,,
更新地區-迅行劃定,臺北市大安區仁愛段一小段799地號1筆土地,臺北539,,,01臺北市,大安區,,,,劃定臺北市大安區仁愛段一小段799地號1筆土地為更新地區案,,,,,,,2024/9/26,,,1485,,,,,,121.55706281818182,25.03516718181818,,,,,,,,,,,,,,,,,,,
更新地區-迅行劃定,臺北市中山區德惠段四小段435地號1筆土地更新地區,臺北535,,,01臺北市,中山區,,,,劃定臺北市113年4月3日震災後紅單及黃單危險建築物為更新地區(第三次)案,,,,,,,2024/8/26,,,322,,,,,,121.52708357142858,25.065188785714284,,,,,,,,,,,,,,,,,,,
更新地區-迅行劃定,臺北市中山區德惠段二小段196地號1筆土地更新地區,臺北536,,,01臺北市,中山區,,,,劃定臺北市113年4月3日震災後紅單及黃單危險建築物為更新地區(第三次)案,,,,,,,2024/8/26,,,877,,,,,,121.5311076,25.0674374,,,,,,,,,,,,,,,,,,,
更新地區-迅行劃定,臺北市松山區美仁段一小段310地號等5筆土地更新地區,臺北537,,,01臺北市,松山區,,,,劃定臺北市113年4月3日震災後紅單及黃單危險建築物為更新地區(第三次)案,,,,,,,2024/8/26,,,546,,,,,,121.55442719999999,25.0528422,,,,,,,,,,,,,,,,,,,
更新地區-迅行劃定,臺北市內湖區東湖段二小段7-8地號等2筆土地更新地區,臺北538,,,01臺北市,內湖區,,,,劃定臺北市113年4月3日震災後紅單及黃單危險建築物為更新地區(第三次)案,,,,,,,2024/8/26,,,1773,,,,,,121.61265473076924,25.07224996153846,,,,,,,,,,,,,,,,,,,
更新地區-迅行劃定,臺北市大安區懷生段三小段471地號2筆土地,臺北540,,,01臺北市,大安區,,,,劃定臺北市大安區仁愛段一小段799地號1筆土地為更新地區案,,,,,,,2024/10/15,,,526,,,,,,121.533551875,25.04052925,,,,,,,,,,,,,,,,,,,
更新地區-迅行劃定,臺北市大安區仁愛段二小段716地號3筆土地,臺北541,,,01臺北市,大安區,,,,劃定臺北市大安區仁愛段二小段716地號3筆土地為更新地區案,,,,,,,2024/10/15,,,517,,,,,,121.5498492,25.038664999999998,,,,,,,,,,,,,,,,,,,
更新地區-迅行劃定,臺北市南港區南港段四小段118-2地號等3筆土地(南港2),臺北542,,,01臺北市,南港區,,,,劃定臺北市高氯離子混凝土建築物更新地區(113年第三次)案,,,,,,,2024/10/15,,,2200,,,,,,121.602468125,25.0541315,,,,,,,,,,,,,,,,,,,
更新地區-迅行劃定,臺北市北投區關渡段二小段16地號等3筆土地更新地區(北投21),臺北543,,,01臺北市,北投區,,,,劃定臺北市高氯離子混凝土建築物更新地區(113年第三次)案,,,,,,,2024/10/15,,,900,,,,,,121.468356,25.122565833333333,,,,,,,,,,,,,,,,,,,
更新地區-迅行劃定,臺北市內湖區碧湖段三小段199地號等7筆土地,臺北544,,,01臺北市,內湖區,,,,劃定臺北市內湖區碧湖段三小段199地號等7筆土地為更新地區案,,,,,,,2024/12/30,,,1083,,,,,,121.58259028,25.0798714,,,,,,,,,,,,,,,,,,,
更新地區-迅行劃定,臺北市士林區蘭雅段三小段698-12地號等2筆土地(士林22),臺北545,,,01臺北市,士林區,,,,劃定臺北市高氯離子混凝土建築物更新地區(113年第四次)案,,,,,,,2025/1/15,,,3300,,,,,,121.51895621621621,25.10326427027027,,,,,,,,,,,,,,,,,,,
更新地區-迅行劃定,臺北市士林區天母段四小段420地號1筆土地(士林23),臺北546,,,01臺北市,士林區,,,,劃定臺北市高氯離子混凝土建築物更新地區(113年第四次)案,,,,,,,2025/1/15,,,900,,,,,,121.53031119354839,25.122976967741934,,,,,,,,,,,,,,,,,,,
更新地區-迅行劃定,臺北市文山區萬芳段一小段156地號1筆土地(文山2),臺北547,,,01臺北市,文山區,,,,劃定臺北市高氯離子混凝土建築物更新地區(113年第四次)案,,,,,,,2025/1/15,,,900,,,,,,121.56311857142857,25.001051,,,,,,,,,,,,,,,,,,,
更新地區-迅行劃定,臺北市北投區關渡段二小段51地號等2筆土地(北投22),臺北548,,,01臺北市,北投區,,,,劃定臺北市高氯離子混凝土建築物更新地區(113年第四次)案,,,,,,,2025/1/15,,,2800,,,,,,121.4686086875,25.12216128125,,,,,,,,,,,,,,,,,,,
更新地區-迅行劃定,臺北市內湖區康寧段二小段184-6地號等4筆土地(內湖20),臺北549,,,01臺北市,內湖區,,,,劃定臺北市高氯離子混凝土建築物更新地區(113年第四次)案,,,,,,,2025/1/15,,,2600,,,,,,121.594099,25.085651055555555,,,,,,,,,,,,,,,,,,,
更新地區-迅行劃定,臺北市大安區仁愛段三小段596地號等2筆土地,臺北551,,,01臺北市,大安區,,,,劃定臺北市大安區仁愛段三小段596地號等2筆土地為更新地區案,,,,,,,2025/3/14,,,1801,,,,,,121.55310419999999,25.0336355,,,,,,,,,,,,,,,,,,,
更新地區-迅行劃定,臺北市松山區敦化段一小段23地號1筆土地(松山6),臺北552,,,01臺北市,松山區,,,,劃定臺北市高氯離子混凝土建築物更新地區(114年第一次)案,,,,,,,2025/4/10,,,5600,,,,,,121.54715293333334,25.0564038,,,,,,,,,,,,,,,,,,,
更新地區-迅行劃定,臺北市大安區仁愛段一小段165地號等8筆土地為更新地區,臺北553,,,01臺北市,大安區,,,,劃定臺北市大安區仁愛段一小段165地號等8筆土地為更新地區案,,,,,,,2025/6/18,,,1705,,,,,,121.55596075,25.039680625,,,,,,,,,,,,,,,,,,,
更新地區-迅行劃定,臺北市松山區西松段三小段454地號等43筆土地為更新地區,臺北555,,,01臺北市,松山區,,,,劃定臺北市松山區西松段三小段454地號等43筆土地為更新地區案,,,,,,,2025/7/26,,,3470,,,,,,121.5607109,25.0467486,,,,,,,,,,,,,,,,,,,
更新地區-迅行劃定,臺北市內湖區碧湖段三小段22-2地號1筆土地更新地區(內湖21),臺北556,,,01臺北市,內湖區,,,,劃定臺北市高氯離子混凝土建築物更新地區(114年第二次)案,,,,,,,2025/8/1,,,4200,,,,,,121.585466,25.083382705882354,,,,,,,,,,,,,,,,,,,
更新地區-迅行劃定,臺北市內湖區碧湖段三小段69地號2筆土地更新地區(內湖22),臺北557,,,01臺北市,內湖區,,,,劃定臺北市高氯離子混凝土建築物更新地區(114年第二次)案,,,,,,,2025/8/1,,,10400,,,,,,121.58490508163266,25.08335618367347,,,,,,,,,,,,,,,,,,,
更新地區-迅行劃定,臺北市北投區文林段四小段515地號1筆土地更新地區(北投23),臺北558,,,01臺北市,北投區,,,,劃定臺北市高氯離子混凝土建築物更新地區(114年第二次)案,,,,,,,2025/8/1,,,1300,,,,,,121.51412591666667,25.112007916666666,,,,,,,,,,,,,,,,,,,
更新地區-迅行劃定,臺北市中山區北安段三小段879地號等6筆土地更新地區,臺北559,,,01臺北市,中山區,,,,劃定臺北市高氯離子混凝土建築物更新地區(114年第二次)案,,,,,,,2025/8/1,,,1400,,,,,,121.54487009090909,25.077746545454545,,,,,,,,,,,,,,,,,,,
更新地區-迅行劃定,臺北市士林區百齡段一小段120-1地號1筆土地更新地區(士林24),臺北560,,,01臺北市,士林區,,,,劃定臺北市高氯離子混凝土建築物更新地區(114年第二次)案,,,,,,,2025/8/1,,,500,,,,,,121.51979833333333,25.0893435,,,,,,,,,,,,,,,,,,,
更新地區-迅行劃定,臺北市內湖區東湖段五小段234地號等3筆土地更新地區,臺北561,,,01臺北市,內湖區,,,,劃定臺北市113年4月3日震災後紅單及黃單危險建築物為更新地區(第四次)案,,,,,,,2025/8/29,,,5998,,,,,,121.61778128125,25.074232296875,,,,,,,,,,,,,,,,,,,
更新地區-迅行劃定,臺北市士林區百齡段四小段382地號等4筆土地更新地區,臺北562,,,01臺北市,士林區,,,,劃定臺北市88年9月21日及91年3月31日震災後黃單危險建築物為更新地區案,,,,,,,2025/10/30,,,1881,,,,,,121.51866505714285,25.082585085714285,,,,,,,,,,,,,,,,,,,
更新地區-迅行劃定,臺北市士林區百齡段一小段169-2地號等5筆土地土地更新地區,臺北563,,,01臺北市,士林區,,,,劃定臺北市88年9月21日及91年3月31日震災後黃單危險建築物為更新地區案,,,,,,,2025/10/30,,,890,,,,,,121.51751949999999,25.0899335,,,,,,,,,,,,,,,,,,,
更新地區-迅行劃定,臺北市大安區學府段四小段21地號1筆土地更新地區,臺北564,,,01臺北市,大安區,,,,劃定臺北市88年9月21日及91年3月31日震災後黃單危險建築物為更新地區案,,,,,,,2025/10/30,,,140,,,,,,121.536702875,25.025501875,,,,,,,,,,,,,,,,,,,
更新地區-迅行劃定,臺北市大安區大安段一小段264、264-1地號等2筆土地更新地區,臺北565,,,01臺北市,大安區,,,,劃定臺北市88年9月21日及91年3月31日震災後黃單危險建築物為更新地區案,,,,,,,2025/10/30,,,3391,,,,,,121.54573562499999,25.032807625,,,,,,,,,,,,,,,,,,,
更新地區-迅行劃定,臺北市中山區吉林段一小段387地號等2筆土地更新地區,臺北566,,,01臺北市,大安區,,,,劃定臺北市88年9月21日及91年3月31日震災後黃單危險建築物為更新地區案,,,,,,,2025/10/30,,,238,,,,,,121.530445,25.060677,,,,,,,,,,,,,,,,,,,
更新地區-迅行劃定,臺北市中山區長春段一小段842地號1筆土地更新地區,臺北567,,,01臺北市,中山區,,,,劃定臺北市88年9月21日及91年3月31日震災後黃單危險建築物為更新地區案,,,,,,,2025/10/30,,,228,,,,,,121.54125114285713,25.05446142857143,,,,,,,,,,,,,,,,,,,
更新地區-迅行劃定,臺北市內湖區潭美段三小段398地號1筆土地更新地區,臺北568,,,01臺北市,內湖區,,,,劃定臺北市88年9月21日及91年3月31日震災後黃單危險建築物為更新地區案,,,,,,,2025/10/30,,,1256,,,,,,121.58876413333333,25.058245866666667,,,,,,,,,,,,,,,,,,,
更新地區-迅行劃定,臺北市內湖區碧湖段四小段1039地號等3筆土地更新地區,臺北569,,,01臺北市,內湖區,,,,劃定臺北市88年9月21日及91年3月31日震災後黃單危險建築物為更新地區案,,,,,,,2025/10/30,,,1747,,,,,,121.5709642368421,25.08656002631579,,,,,,,,,,,,,,,,,,,
更新地區-迅行劃定,臺北市文山區實踐段一小段461-1地號等2筆土地更新地區,臺北570,,,01臺北市,文山區,,,,劃定臺北市88年9月21日及91年3月31日震災後黃單危險建築物為更新地區案,,,,,,,2025/10/30,,,414,,,,,,121.55820085,24.9838488,,,,,,,,,,,,,,,,,,,
更新地區-迅行劃定,臺北市北投區奇岩段四小段278地號1筆土地更新地區,臺北571,,,01臺北市,北投區,,,,劃定臺北市88年9月21日及91年3月31日震災後黃單危險建築物為更新地區案,,,,,,,2025/10/30,,,93,,,,,,121.5022482,25.127318600000002,,,,,,,,,,,,,,,,,,,
更新地區-迅行劃定,臺北市北投區奇岩段四小段107地號1筆土地更新地區,臺北572,,,01臺北市,北投區,,,,劃定臺北市88年9月21日及91年3月31日震災後黃單危險建築物為更新地區案,,,,,,,2025/10/30,,,313,,,,,,121.50166842857143,25.128479000000002,,,,,,,,,,,,,,,,,,,
更新地區-迅行劃定,臺北市北投區立農段三小段575地號等9筆土地更新地區,臺北573,,,01臺北市,北投區,,,,劃定臺北市88年9月21日及91年3月31日震災後黃單危險建築物為更新地區案,,,,,,,2025/10/30,,,2166,,,,,,121.50875714285715,25.1161882,,,,,,,,,,,,,,,,,,,
更新地區-迅行劃定,臺北市北投區桃源段二小段261地號等2筆土地更新地區,臺北574,,,01臺北市,北投區,,,,劃定臺北市88年9月21日及91年3月31日震災後黃單危險建築物為更新地區案,,,,,,,2025/10/30,,,887,,,,,,121.48605536363637,25.140156318181816,,,,,,,,,,,,,,,,,,,
更新地區-迅行劃定,臺北市信義區福德段一小段429地號1筆土地更新地區,臺北575,,,01臺北市,信義區,,,,劃定臺北市88年9月21日及91年3月31日震災後黃單危險建築物為更新地區案,,,,,,,2025/10/30,,,1898,,,,,,121.58478052380953,25.040670904761903,,,,,,,,,,,,,,,,,,,
更新地區-迅行劃定,臺北市信義區虎林段四小段741地號等4筆土地更新地區,臺北576,,,01臺北市,信義區,,,,劃定臺北市88年9月21日及91年3月31日震災後黃單危險建築物為更新地區案,,,,,,,2025/10/30,,,230,,,,,,121.5726415,25.046962,,,,,,,,,,,,,,,,,,,
更新地區-迅行劃定,臺北市士林區三玉段四小段488地號1筆土地更新地區(士林25),臺北577,,,臺北市,士林區,,,,劃定臺北市高氯離子混凝土建築物更新地區(114年第三次)案,,,,,,,2026/1/6,,,800,,,,,,121.52620172727272,25.110540636363638,,,,,,,,,,,,,,,,,,,
更新地區-迅行劃定,臺北市士林區天母段四小段415地號1筆土地更新地區(士林26),臺北578,,,臺北市,士林區,,,,劃定臺北市高氯離子混凝土建築物更新地區(114年第三次)案,,,,,,,2026/1/6,,,700,,,,,,121.53111808695652,25.122965260869567,,,,,,,,,,,,,,,,,,,
更新地區-迅行劃定,臺北市南港區玉成段二小段215地號1筆土地為更新地區案,臺北678,,,臺北市,南港區,,,,劃定臺北市南港區玉成段二小段215地號1筆土地為更新地區案,,,,,,,2026/6/27,,,1415,,,,,,121.5877557,25.0521157,,,,,,,,,,,,,,,,,,,
中央及市府主導,逸仙二小段,公辦006,,,,,信義區,逸仙段二小段107-2地號等9筆,,,,,東家建設股份有限公司,,,,,2012/05/18,,,1232,,市府主導,,,121.56432191428571,25.041843466666666,,,,,,,,,,,,,,,允鵬建設股份有限公司,,,,招商成功
中央及市府主導,雨農山莊社區大樓,公辦005,,,,,士林區,福林段一小段331地號,,,雨農山莊社區大樓,,國防部總政治作戰局,,,,,2000,,,10813.52,,市府主導,,,121.53339021875,25.099373375,,,,,,,,,,,,,,,,,,,同意實施案件
中央及市府主導,崇仁花園,公辦003,,,,,萬華區,青年段一小段711地號(崇仁新村),,,崇仁花園,,國防部總政治作戰局,,,,,2005/02/23,,,17619,,市府主導,,,121.50138439047619,25.021220376190477,,,,,,,,,,,,,,,,,,,同意實施案件
中央及市府主導,第凡內,公辦002,,,,,文山區,景美段五小段178地號等5筆,,,第凡內,,華非建設股份有限公司,,,,,2008/06/17,,,1562,,市府主導,,,121.54075667333333,24.989893306666666,,,,,,,,,,,,,,,華非建設股份有限公司,,,,招商成功
中央及市府主導,長春一小段,公辦013,,,,,中山區,長春一小段712-1地號,,,,,,,,,,2012/12/6,,,4487,,市府主導,,,121.54302022352941,25.053663452941176,,,,,,,,,,,,,,,,,,,尚末招商
中央及市府主導,木柵三小段,公辦014,,,,,文山區,木柵三小段623地號,,,,,,,,,,2009/07/29,,,8176,,市府主導,,,121.56206870434782,24.988588113043477,,,,,,,,,,,,,,,將捷股份有限公司,,,,招商成功
中央及市府主導,新民二小段,公辦030,,,,,北投區,新民段二小段471地號,,,,,,,,,,2013/10/02,,,3442.73,,市府主導,,,121.50417038717949,25.13818327948718,,,,,,,,,,,,,,,富邦人壽保險股份有限公司,,,,招商成功
中央及市府主導,福星四小段,公辦060,,,,,萬華區,福星四小段371地號,,,,,,,,,,2012/09/17,,,1526,,市府主導,,,121.50256305714286,25.044332828571427,,,,,,,,,,,,,,,長虹建設股份有限公司,,,,招商成功
中央及市府主導,南海五小段,公辦033,,,,,中正區,南海段五小段68-1地號,,,,,,,,,,2011/09/16,,,5824,,市府主導,,,121.51417521666667,25.030877283333332,,,,,,,,,,,,,,,潤泰創新國際股份有限公司,,,,招商成功
中央及市府主導,海光一小段,公辦009,,,,,士林區,海光一小段248地號,,,,,臺北市政府,,,,,2013/01/31,,,1957,,市府主導,,,121.50853987333333,25.084831013333332,,,,,,,,,,,,,,,,,,,停案
中央及市府主導,鼎興營區,公辦081,,,,,中山區,鼎興營區,,,,,,,,,,2010/04/23,,,32233,,中央主導,,,121.54135378888888,25.06131817777778,,,,,,,,,,,,,,,,,,,停案
中央及市府主導,中山女中南側,公辦078,,,,,中山區,中山女中南側地區,,,,,,,,,,2010/04/23,,,42100,,中央主導,,,121.53804772727273,25.04740090909091,,,,,,,,,,,,,,,,,,,尚未招商
中央及市府主導,台電中心倉庫,公辦092,,,,,南港區,南港區玉成段三小段545地號等8筆土地,,,,,,,,,,2014/10/20,,,36947,,中央主導,,,121.58313942608696,25.048103313043477,,,,,,,,,,,,,,,,,,,已停案
中央及市府主導,台電電力修護處,公辦093,,,,,南港區,南港區南港段四小段474-1地號等11筆土地,,,,,,,,,,2014/10/20,,,33951.82,,中央主導,,,121.596570412,25.052549944,,,,,,,,,,,,,,,,,,,已停案
中央及市府主導,台電嘉興街學生宿舍,公辦090,,,,,大安區,大安區辛亥段四小段58地號等47 筆土地,,,,,,,,,,2014/10/20,,,6996.54,,中央主導,,,121.55070465,25.02121151,,,,,,,,,,,,,,,,,,,已停案
中央及市府主導,犁和三小段,公辦034,,,,,信義區,犁和段三小段297地號,,,,,,,,,,2011/09/16,,,2041,,市府主導,,,121.55526198235295,25.02355751764706,,,,,,,,,,,,,,,潤泰創新國際股份有限公司,,,,招商成功
中央及市府主導,南港調車場(更新單元一),公辦062,,,,,南港區,南港調車場都市更新事業計畫(更新單元一),,,,,南港國際一股份有限公司,,,,,,,,23672,,中央主導,,,121.58566298181819,25.050747536363637,,,,,,,,,,,,,,,南港國際一股份有限公司,,,,招商成功
中央及市府主導,南港調車場(更新單元二),公辦077,,,,,南港區,南港調車場都市更新事業計畫(更新單元二),,,,,南港國際二股份有限公司,,,,,,,,30733,,中央主導,,,121.58773981875,25.05146285,,,,,,,,,,,,,,,南港國際二股份有限公司,,,,招商成功
中央及市府主導,中山里仁,公辦007,,,,,中山區,中山區中山段四小段580地號等7筆,,,中山里仁,,保強建設開發股份有限公司,,,,,,,,1233,,市府主導,,,121.52085288888888,25.05489188888889,,,,,,,,,,,,,,,保強建設開發股份有限公司,,,,招商成功(已轉民辦)
中央及市府主導,舊士林市場地區小西街南側,公辦008,,,,,士林區,舊士林市場地區小西街南側街廓,,,,,,,,,,,,,3256,,市府主導,,,121.52355419999999,25.089229784615384,,,,,,,,,,,,,,,,,,,停案
中央及市府主導,莒光三小段,公辦011,,,,,萬華區,莒光段三小段71地號等8筆,,,,,,,,,,,,,3480.07,,市府主導,,,121.4992697125,25.03183305,,,,,,,,,,,,,,,,,,,尚未招商
中央及市府主導,文化園區館前土地,公辦012,,,,,萬華區,文化園區館前土地都市更新案,,,,,,,,,,,,,4551,,市府主導,,,121.49788057777778,25.032283833333334,,,,,,,,,,,,,,,,,,,廢標
中央及市府主導,民生段(松齡新村),公辦032,,,,,松山區,松山區民生段134-6地號等5筆,,,,,冠德建設,,,,,2014/06/23,,,6557,,中央主導,,,121.55032907272727,25.059092854545455,,,,,,,,,,,,,,,冠德建設,,,,招商成功
中央及市府主導,敦化四小段,公辦035,,,,,松山區,敦化段四小段363-1地號等4筆,,,松山民權,,,,,,,2014/06/30,,,4774,,中央主導,,,121.54786264285714,25.062401178571427,,,,,,,,,,,,,,,寶路營造股份有限公司,,,,招商成功(解約)
中央及市府主導,捷運大直北安三小段(序號2),公辦156,,,,,中山區,臺北市中山區北安段三小段818地號等12筆土地公辦都市更新案,,,,,財團法人臺北市都市更新推動中心,,,,,2014/05/08,,,2113.07,,市府主導,,,121.54696655625,25.0791772,,,,,,,,,,,,,,,冠德建設股份有限公司,,,,招商成功
中央及市府主導,華山中央政府行政專區,公辦082,,,,,中山區,華山中央政府行政專區,,,,,,,,,,,,,54227.8,,市府主導,,,121.52306742692308,25.047228015384615,,,,,,,,,,,,,,,,,,,停案
中央及市府主導,中正一分局周邊,公辦083,,,,,中正區,中正區中正一分局周邊更新地區,,,,,,,,,,,,,33600,,市府主導,,,121.51887027619047,25.046168876190478,,,,,,,,,,,,,,,,,,,尚未招商
中央及市府主導,萬和里機關,公辦084,,,,,文山區,萬和里機關用地開發評估案,,,,,,,,,,2012/04/01,,,21999,,中央主導,,,121.536458484375,24.99914185,,,,,,,,,,,,,,,,,,,尚未招商
中央及市府主導,埤腹新村,公辦085,,,,,文山區,華興段四小段400-3地號等15筆,,,,,,,,,,,,,3414,,中央主導,,,121.54741271666667,24.9853373,,,,,,,,,,,,,,,,,,,尚未招商
中央及市府主導,四知十村(興安四小段),公辦086,,,,,文山區,興安段四小段259地號等6筆,,,,,,,,,,2014/10/08,,,3015,,中央主導,,,121.55716765,24.995026642307693,,,,,,,,,,,,,,,,,,,尚未招商
中央及市府主導,兒童福利中心,公辦089,,,,,信義區,兒童福利中心周邊地區,,,,,,,,,,,,,35643,,中央主導,,,121.57155043714286,25.043207077142856,,,,,,,,,,,,,,,,,,,已停案
中央及市府主導,瓶蓋工廠,公辦094,,,,,南港區,南港高鐵沿線(土地跨區市地重劃計畫案)(第二階段)舊瓶廠,,,,,,,,,,,,,,,中央主導,,,121.60458775000001,25.0534857,,,,,,,,,,,,,,,,,,,尚未招商
中央及市府主導,西區門戶公辦,公辦134,,,,,中正區,西區門戶公辦都更計畫,,,,,,,,,,,,,445000,,市府主導,,,121.51348885555555,25.047958596296297,,,,,,,,,,,,,,,,,,,尚未招商
中央及市府主導,臺大紹興南街(序號1),公辦135,,,,,中正區,臺大紹興南街公辦都更計畫,,,,,,,,,,2019/3/5,,,13577,,市府主導,,,121.52252329333334,25.038041306666667,,,,,,,,,,,,,,,,,,,尚未招商
中央及市府主導,南機場一二三期整宅公辦,公辦136,,,,,萬華區,南機場一二三期整宅公辦都更計畫,,,,,,,,,,,,,28000,,市府主導,,,121.50524186086956,25.0291334,,,,,,,,,,,,,,,,,,,輔導型公辦
中央及市府主導,水源營區(原嘉禾新村),公辦137,,,,,中正區,水源營區(原嘉禾新村)防災型公辦都更計畫,,,,,,,,,,,,,135000,,市府主導,,,121.52700935833333,25.016928186111112,,,,,,,,,,,,,,,,,,,尚未招商
中央及市府主導,安康地區(含興隆公共住宅)公辦都更,公辦138,,,,,文山區,安康地區(含興隆公共住宅)公辦都更計畫,,,,,,,,,,,,,44000,,市府主導,,,121.55844766666667,24.98747438148148,,,,,,,,,,,,,,,,,,,尚未招商
中央及市府主導,南港高鐵站區生技產業,公辦139,,,,,南港區,南港高鐵站區生技產業聚落計畫,,,,,,,,,,,,,72000,,市府主導,,,121.6101023,25.052661099999998,,,,,,,,,,,,,,,,,,,尚未招商
中央及市府主導,蘭州、斯文里整宅公辦,公辦133,,,,,大同區,蘭州-斯文里整宅公辦都市更新事業暨權利變換計畫,,,,,臺北市政府,,,,,,,,3219,,市府主導,,,121.51642907333333,25.066712493333334,,,,,,,,,,,,,,,,,,,市府自行實施案件
中央及市府主導,士林中正路、基河路沿線-2,公辦140,,,,,士林區,士林中正路、基河路沿線公辦都更計畫,,,,,,,,,,,,,104000(本基地面積52500㎡),,市府主導,,,121.52047375454545,25.095067145454546,,,,,,,,,,,,,,,,,,,尚未招商
中央及市府主導,士林中正路、基河路沿線-3/華榮市場,公辦140、公辦159,,,,,士林區,士林中正路、基河路沿線公辦都更計畫,,,華榮市場,,臺北市政府,,,,,,,,104000,,市府主導,,,121.52245983157894,25.0964666,,,,,,,,,,,,,,,,,,,士林區榮華市場被認定為海砂屋，北市府納入「士林再生計畫」，透過公辦都更方式拆除重建複合式公共住宅，市府2018/4/2展開拆除作業，預計2021年竣工
中央及市府主導,士林中正路、基河路沿線-4,公辦140,,,,,士林區,士林中正路、基河路沿線公辦都更計畫,,,,,,,,,,,,,104000(本基地面積42500㎡),,市府主導,,,121.5231254875,25.0917979375,,,,,,,,,,,,,,,,,,,尚未招商
中央及市府主導,士林中正路、基河路沿線-5,公辦140,,,,,士林區,士林中正路、基河路沿線公辦都更計畫,,,,,,,,,,,,,104000(本基地面積8400㎡),,市府主導,,,121.52885626,25.095579620000002,,,,,,,,,,,,,,,,,,,尚未招商
中央及市府主導,士林中正區、基河路沿線,公辦140,,,,,士林區,士林中正區、基河路沿線公辦都更計畫,,,,,,,,,,,,,104000(本基地面積6929㎡),,市府主導,,,121.5273152,25.0928093,,,,,,,,,,,,,,,,,,,尚未招商
中央及市府主導,臺北機廠公辦,公辦142,,,,,松山區,臺北機廠公辦都更計畫,,,,,,,,,,,,,202000,,市府主導,,,121.56481642727273,25.045899563636365,,,,,,,,,,,,,,,,,,,尚未招商
中央及市府主導,捷運科技大樓站旁,公辦157,,,,,大安區,捷運科技大樓瑞安段公辦都更招商案,,,,,冠德建設股份有限公司,,,,,,,,4746.12,,市府主導,,,121.54291757142857,25.026102428571427,,,,,,,,,,,,,,,,,,,招商成功
中央及市府主導,正義段一小段57,公辦148,,,,,中山區,政府主導辦理臺北市中山區正義段一小段57地號等7筆土地都市更新案評估與相關前置作業案,,,,,,,,,,,,,1032,,市府主導,,,121.52735288,25.051137150000002,,,,,,,,,,,,,,,,,,,尚未招商
中央及市府主導,臺北郵局,公辦164,,,,,中正區,臺北郵局,,,,,,,,,,,,,14227,,市府主導,,,121.51196769230769,25.046749107692307,,,,,,,,,,,,,,,,,,,尚未招商
中央及市府主導,敦南安和(序號5),公辦173,,,,,大安區,臺北市大安區通化段五小段416地號等13筆土地公辦都市更新案,,,,,財團法人臺北市都市更新推動中心,,,,,,,,1901,,市府主導,,,121.54936235555556,25.032318322222224,,,,,,,,,,,,,,,寶紘建設股份有限公司,,,,招商成功
中央及市府主導,崇德隆盛新村,公辦004,,,,,文山區,萬隆段二小段463地號等5筆(崇德隆盛新村)-ABC基地,,,,,國防部總政治作戰局,,,,,2005/03/22,,,21291,,市府主導,,,121.53592078644068,25.00244835084746,,,,,,,,,,,,,,,,,,,招商成功
中央及市府主導,國立政治大學校門口,公辦087,,,,,文山區,國立政治大學校門口三角地及東西兩側公設保留地,,,,,,,,,,,,,31564,,,,,121.57736901914893,24.987324785106384,,,,,,,,,,,,,,,,,,,尚未招商
中央及市府主導,捷運圓山站西側(大龍段)-AB區,公辦042,,,,,大同區,大同區大龍段一小段264-8地號等80筆,,,,,,,,,,2014/05/14,,,19990,,中央主導,,,121.51945428571429,25.072110476190478,,,,,,,,,,,,,,,,,,,停案
中央及市府主導,信義三興(序號6),公辦170,,,,,信義區,臺北市信義區三興段一小段972地號等9筆土地公辦都市更新招商委託專業服務案,,,信義三興,,財團法人臺北市都市更新推動中心(出資人:全坤建設開發股份有限公司),,,,,2018,,,"1,045.00",,市府主導,,,121.5577525,25.0326883,,,,,,,,,,,,,,,全坤建設開發股份有限公司,,,,招商成功
中央及市府主導,南港區玉成段四小段303地號,公辦206,,,,,南港區,臺北市南港區玉成段四小段303地號等6筆土地,,,,,財團法人臺北市都市更新推動中心,,,,,,,,3728,,市府主導,,,121.59319295652173,25.047739855072464,,,,,,,,,,,,,,,中國開發資產管理股份有限公司,,,,招商成功
中央及市府主導,兒童福利中心A1基地,公辦204,,,,,信義區,臺北市信義區雅祥段一小段6地號等16筆土地（兒童福利中心A1基地）都市更新事業,,,,,國家住宅及都市更新中心,,,,,,,,8850,,中央主導,,,121.57120157142857,25.048866392857143,,,,,,,,,,,,,,,順天建設股份有限公司,,,,招商成功
中央及市府主導,臺鐵E1E2公辦都市更新案(序號09),公辦200,,,,,大同區,臺北車站特定專用區E1E2街廓公辦都市更新案,,,,,臺北市住宅及都市更新中心,,,,,,,,27551.54,,市府主導,,,121.509202625,25.0494095625,,,,,,,,,,,,,,,大埕股份有限公司(冠德建設（領銜）、藍天電腦、華泰投資之合作聯盟),,,,招商成功
中央及市府主導,中正區臨沂段公辦都市更新案(序號10),公辦199,,,,,中正區,臺北市中正區臨沂段一小段363地號等11筆土地都市更新案,,,,,,,,,,,,,805.62,,市府主導,,,121.53030326315789,25.042573684210527,,,,,,,,,,,,,,,,,,,無人申請
中央及市府主導,小西街公辦都市更新案(序號12),公辦197,,,,,士林區,臺北市士林區光華段四小段508-7地號等34筆土地都市更新案,,,,,財團法人臺北市都市更新推動中心,,,,,,,,3256,,市府主導,,,121.52403747826087,25.088645869565216,,,,,,,,,,,,,,,,,,,尚未招商
中央及市府主導,中山區正義段公辦都市更新案,公辦196,,,,,中山區,臺北市中山區正義段一小段24地號等18筆土地,,,,,財團法人臺北市都市更新推動中心,,,,,,,,1455,,市府主導,,,121.52750816,25.0511658,,,,,,,,,,,,,,,,,,,尚未招商
中央及市府主導,台電（AR-1-2）,公辦194,,,,,南港區,公開評選「台電公司北部儲運中心南港舊址（AR-1-2）特定商業區（十）土地」都市更新事業實施者案,,,,,冠德建設股份有限公司,,,,,,,,15667.59,,市府主導,,,121.58280418518518,25.047427037037036,,,,,,,,,,,,,,,冠德建設股份有限公司,,,,招商成功
中央及市府主導,中正區成功段三小段3(行二行三),公辦219,,,,,中正區,臺北市中正區成功段三小段3地號46筆土地及臨沂段一小段487-2地號等43筆土地公辦都市更新案,,,,,國家住宅及都市更新中心,,,,,,,,21313.88,,中央主導,,,121.52644383333333,25.044150416666668,,,,,,,,,,,,,,,冠德建設股份有限公司,,,,招商成功
中央及市府主導,磚仔窯公辦都更案,公辦220,,,,,南港區,臺北市南港區玉成段三小段96地號等30筆土地,,,,,,,,,,,,,10032,,市府主導,,,121.58396036170213,25.05269213829787,,,,,,,,,,,,,,,,,,,尚未招商
中央及市府主導,兒童福利中心A2基地,公辦223,,,,,信義區,「臺北市信義區雅祥段一小段16-11地號等土地（兒童福利中心A2基地）都市更新事業」公開徵求出資人招商案,,,,,國家住宅及都市更新中心,,,,,,,,4394,,中央主導,,,121.57096755555555,25.048205,,,,,,,,,,,,,,,,,,,招商中(至2024/10/8)
中央及市府主導,社正路警察宿舍,公辦226,,,,,士林區,臺北市士林區永新段三小段395地號1筆土地都市更新事業計畫案,,,,,臺北市政府,,,,,,,,1950,,市府主導,,,121.510177875,25.088263,,,,,,,,,,,,,,,,,,,市府自行實施案件
中央及市府主導,松柏大廈,公辦228,,,,,大安區,「臺北市大安區學府段一小段201地號等31筆土地都市更新事業」公開徵求出資人暨租賃招商案,,,,,臺北市住宅及都市更新中心,,,,,,,,2176,,市府主導,,,121.51147107692307,25.08631053846154,,,,,,,,,,,,,,,品佳資產管理顧問股份有限公司,,,,招商成功
中央及市府主導,學府敦南公辦都市更新案,公辦232,,,,,大安區,「臺北市大安區學府段一小段201地號等31筆土地都市更新事業」公開徵求出資人暨租賃招商案,,,,,國家住宅及都市更新中心,,,,,,,,7179,,中央主導,,,121.54946985000001,25.0236485,,,,,,,,,,,,,,,大陸建設股份有限公司,,,,招商成功
中央及市府主導,水源二三期整宅(城南水源),公辦233,,,,,中正區,「臺北市中正區福和段二小段60-19地號等6筆土地公辦都市更新案」公開徵求出資者招商案,,,,,臺北市住宅及都市更新中心,,,,,,,,10541,,市府主導,,,121.52469866666667,25.01804088888889,,,,,,,,,,,,,,,中華工程股份有限公司與鼎越開發股份有限公司組成華鼎合作聯盟,,,,招商成功
中央及市府主導,嘉興街都市更新案,公辦190,,,,,大安區,「臺北市大安區辛亥段四小段61地號等28 筆土地公辦都市更新」公開徵求出資人招商案,,,,,國家住宅及都市更新中心,,,,,,,,5120,,市府主導,,,121.55063333333334,25.021169433333334,,,,,,,,,,,,,,,全坤建設開發股份有限公司,,,,招商成功
中央及市府主導,松山民權東(序號8),公辦187,,,,,松山區,臺北市松山區敦化段四小段363-1地號等5筆土地都市更新事業計畫案,,,,,財團法人臺北市都市更新推動中心,,,,,,,,4392,,市府主導,,,121.54789293333333,25.062453066666667,,,,,,,,,,,,,,,冠德建設股份有限公司,,,,招商成功
中央及市府主導,兒福B1-2及B3-2,公辦186-1,,,,,信義區,「臺北市信義區雅祥段三小段359地號等7筆土地（兒童福利中心B1-2及B3-2基地）都市更新事業」公開徵求出資人招商案,,,,,國家住宅及都市更新中心,,,,,,,,4514,,中央主導,,,121.57121478947369,25.042126105263158,,,,,,,,,,,,,,,大陸建設股份有限公司,,,,招商成功
中央及市府主導,兒福B1-1,公辦185,,,,,信義區,「臺北市信義區永吉段三小段869-3地號等13筆土地（兒童福利中心B1-1基地）都市更新事業」公開徵求出資人案,,,,,國家住宅及都市更新中心,,,,,,,,2429,,中央主導,,,121.57234470588236,25.04263594117647,,,,,,,,,,,,,,,國美建設股份有限公司,,,,招商成功
中央及市府主導,捷運圓山站西側,公辦184,,,,,大同區,臺北市大同區捷運圓山站西側地區都市更新案(「臺北市大同區大龍段一小段265地號等25筆土地都市更新案」公開徵求出資人暨租賃招商案),,,,,國家住宅及都市更新中心,,,,,,,,9984,,中央主導,,,121.51936133333334,25.071917666666668,,,,,,,,,,,,,,,麗寶建設股份有限公司,,,,招商成功
中央及市府主導,臺鐵局玉成段二小段732地號,公辦181,,,,,南港區,公開評選「臺北市南港區玉成段二小段 732 地號土地」都市更新事業實施者案,,,,,慧榮科技股份有公司,,,,,,,,3392.19,,,,,121.591721375,25.051252875,,,,,,,,,,,,,,,慧榮科技股份有公司,,,,招商成功
中央及市府主導,忠孝懷生(序號7),公辦176,,,,,大安區,臺北市忠孝懷生公辦都市更新案(臺北市大安區懷生段二小段5-4地號等8 筆土地),,,,,財團法人臺北市都市更新推動中心,,,,,,,,2120,,市府主導,,,121.5433645,25.040344583333333,,,,,,,,,,,,,,,富邦建設股份有限公司,,,,招商成功
中央及市府主導,延平北路警察宿舍,公辦236,,,,,士林區,臺北市士林區海光段一小段248地號等9筆土地 (徵求投資人),,,,,臺北市政府,,,,,,,,2549.76,,市府主導,,,121.50859525,25.084865666666666,,,,,,,,,,,,,,,漢皇開發股份有限公司,,,,招商成功
中央及市府主導,南港轉運站東側商三特(南港之心)(序號4),公辦174,,,,,南港區,臺北市南港區南港段二小段671-6地號等52筆土地公辦都市更新案,,,,,財團法人臺北市都市更新推動中心,,,,,,,,26047.65,,市府主導,,,121.60976644117648,25.053185205882354,,,,,,,,,,,,,,,潤泰創新國際股份有限公司,,,,招商成功
中央及市府主導,臺大紹興南街(權變區),公辦135-1,,,,,中正區,「臺大紹興南街基地再生計畫公辦都市更新案」公開徵求出資人招商案(權利變換區),,,,,臺北市住宅及都市更新中心,,,,,2022/8/25,,,1211,,市府主導,,,121.52237610344828,25.03734279310345,,,,,,,,,,,,,,,建國工程股份有限公司(投資人),,,,招商成功
中央及市府主導,中正段二小段244地號,公辦243,,,,,中正區,臺北市中正區中正段二小段244地號等9筆土地公辦都市更新案,,,,,臺北市住宅及都市更新中心,,,,,2023/9/27,,,922.54,,市府主導,,,121.52571183333333,25.036759916666668,,,,,,,,,,,,,,,,,,,無申請人
中央及市府主導,長安市民,公辦238,,,,,中山區,「臺北市中山區長安段二小段596地號等5筆土地都市更新事業」（長安市民案）公開徵求出資人招商案,,,,,臺北市住宅及都市更新中心,,,,,,,,4504,,市府主導,,,121.53974057142857,25.045100857142856,,,,,,,,,,,,,,,,,,,招商中(至2023/10/24)
中央及市府主導,大安區辛亥段公辦都市更新案(序號11)-安欣芳和,公辦198,,,,,大安區,「臺北市大安區辛亥段四小段188地號等22筆土地公辦都市更新案」公開徵求出資者招商案,,,,,臺北市住宅及都市更新中心,,,,,,,,4459.83,,市府主導,,,121.55111179545455,25.01899768181818,,,,,,,,,,,,,,,將捷股份有限公司,,,,招商成功
中央及市府主導,台電中心倉庫及修護處AR-1北側,公辦179,,,,,南港區,擬訂臺北市南港區玉成段三小段545地號等8筆土地及南港段四小段474-1地號等11筆土地都市更新事業計畫案,,,,,臺北市政府,,,,,,,,70898.82,,市府主導,,,121.58618264406779,25.049016576271185,,,,,,,,,,,,,,,,,,,市府自行實施案件
中央及市府主導,南機場單元三,公辦244,,,,,中正區,臺北市中正區永昌段四小段644地號等8筆土地公辦都市更新案,,,,,臺北市住宅及都市更新中心,,,,,2023/12/5,,,3898,,市府主導,,,121.50535055555555,25.02925288888889,,,,,,,,,,,,,,,將捷股份有限公司,,,,招商成功
中央及市府主導,文山興隆,公辦250,,,,,文山區,「臺北市文山區興隆段三小段31-11地號等11筆土地公辦都市更新案」公開徵求出資人招商案,,,,,新北市住宅及都市更新中心,,,,,,,,1247.16,,市府主導,,,121.54359757692308,25.004835461538462,,,,,,,,,,,,,,,,,,,公開閱覽(至2024/7/22)
中央及市府主導,南港新都(公辦都更2.0),公辦251,,,,,南港區,臺北市南港區南港段三小段36地號1筆土地公辦都市更新案,,,,,臺北市住宅及都市更新中心,,,,,,,,9680,,市府主導,,,121.60224583870968,25.057058741935485,,,,,,,,,,,,,,,宏匯股份有限公司,,,,
中央及市府主導,台電後山埤案,公辦253,,,,,南港區,「臺北市南港區玉成段五小段234地號等27筆土地公辦都市更新」公開徵求出資人招商案,,,,,國家住宅及都市更新中心,,,,,,,,6175,,市府主導,,,121.58419321428572,25.045909178571428,,,,,,,,,,,,,,,,,,,公開閱覽(至2024/8/19)
已核定重建更新事業-都市計畫,,北396,,,01臺北市,南港區,,,擬訂臺北市南港區玉成段二小段166地號等12筆土地都市更新事業計畫案,,,,國產建材實業股份有限公司,核定,,2019/7/25,,,21982,,,權利變換,,,,121.59093453125,25.05297083125,,,,,,,,,,分送,,,,三門聯合建築師事務所,,,,安邦工程顧問股份有限公司,
已核定重建更新事業-都市計畫,首泰大喆,北077,,,01臺北市,南港區,,,擬訂臺北市南港區南港段一小段366地號等21筆土地都市更新事業計畫案,,,,首泰建設股份有限公司,核定,,2009/2/13,,,5372.37,,,權利變換,,,,121.61387757575757,25.06024075757576,,,,,,,,,,分送,,,,三門聯合建築師事務所,,,都計,弘傑都市規劃股份有限公司,
已核定重建更新事業-都市計畫,親家JIA,北158,,,01臺北市,大安區,,,擬訂臺北市大安區懷生段一小段32地號等12筆土地都市更新事業計畫案,,,,敦寶建設股份有限公司,完工,,2013/6/22,,,1292,,,權利變換,,,,121.54282926086957,25.04426360869565,,,,,,,,,,分送,,,2024,黃炯祥建築師事務所,,,都計,黃炯祥建築師事務所,
已核定重建更新事業-都市計畫,大安鼎好,北160,,,01臺北市,大安區,,,擬訂臺北市大安區復興段一小段277地號等11筆土地都市更新事業計畫案及權利變換計畫,,,,昇立建設股份有限公司,完工,,2013/7/6,,,1002,,,權利變換,,,,121.54438777777777,25.04400088888889,,,,,,,,,,併送,,,2016年,葉日明建築師事務所,,,都計,葉日明建築師事務所,
已核定重建更新事業-都市計畫,台北農會辦公大樓,北173,,,01臺北市,大安區,,,擬訂臺北市大安區懷生段一小段928地號等1筆土地都市更新事業計畫案,,,,大佑祥開發事業股份有限公司,完工,,2013/11/6,,,1447.59,,,協議合建,,,,121.53992165555556,25.044262011111112,,,,,,,,,,-,,,2018年,張國洋建築師事務所,,,都計,張國洋建築師事務所,
已核定重建更新事業-都市計畫,山森原,北165,,,01臺北市,南港區,,,擬訂臺北市南港區南港段一小段531地號等2筆土地都市更新事業計畫及權利變換計畫案,,,,台灣肥料股份有限公司(原台莊資產管理),完工,,2013/8/21,,,1110,,,權利變換,,,,121.61330089285714,25.060160857142858,,,,,,,,,,併送,,,2022,邑相聯合建築師事務所,,,都計,邑相國際工程顧問有限公司,
已核定重建更新事業-都市計畫,NY21紐約花園,北078,,,01臺北市,南港區,,,擬訂臺北市南港區南港段一小段384地號等11筆土地(R13)都市更新事業計畫及權利變換計畫案,,,,筑丰實業股份有限公司,完工,,2009/3/19,,,4058,,,合建+權變,,,,121.61281927586207,25.06042206896552,,,,,,,,,,併送,,,2012年,玉山頌建築師事務所,,,都計,合邑都市更新股份有限公司,
已核定重建更新事業-都市計畫,大方,北089,,,01臺北市,南港區,,,擬訂臺北市南港區南港段一小段412-2地號等48筆土地都市更新事業計畫及權利變換計畫案,,,,首泰建設股份有限公司,完工,,2009/11/16,,,3102.83,,,權利變換,,,,121.61195234693878,25.060111775510205,,,,,,,,,,併送,,,2016年,三門聯合建築師事務所,,,都計,弘傑不動產顧問股份有限公司,
已核定重建更新事業-都市計畫,中南帝寶,北087,,,01臺北市,南港區,,,擬訂臺北市南港區中南段二小段861地號土地都市更新事業計畫案,,,,臺北市南港區中南段二小段861地號土地都市更新會,完工,,2009/9/17,,,2163.73,,,協議合建,,,,121.61540807692307,25.044518,,,,,,,,,,-,,,2012年,蕭天賜建築師事務所,,,都計,弘傑都市規劃股份有限公司,
已核定重建更新事業-都市計畫,中研新苑,北098,,,01臺北市,南港區,,,擬訂臺北市南港區中南段二小段862地號土地都市更新事業計畫及權利變換計畫案,,,,中國建築經理股份有限公司,完工,,2010/6/3,,,1775.77,,,權利變換,,,,121.61536292307693,25.04397803846154,,,,,,,,,,併送,,,2013年,徐國書建築師事務所,,,都計,力冠丰都市規劃有限公司,
已核定重建更新事業-都市計畫,元利世紀匯,北036,,,01臺北市,南港區,,,擬訂臺北市南港區南港段一小段619地號等6筆土地(R14)都市更新事業計畫案,,,,元利建設企業股份有限公司,完工,,2007/3/28,,,5497,,,協議合建,,,,121.6113089489796,25.05949742857143,,,,,,,,,,-,,,2010年,簡俊卿建築師事務所,,,都計,簡俊卿建築師事務所,
已核定重建更新事業-都市計畫,四季紅,北058,,,01臺北市,南港區,,,擬訂臺北市南港區南港段一小段520-2地號等16筆土地(R13)都市更新事業計畫及權利變換計畫案,,,,聯勤建設實業股份有限公司,完工,,2008/3/10,,,4300,,,權利變換,,http://www.ur.org.tw/plan/career_view/93,,121.61229316279069,25.059510976744185,,,,,,,,,,併送,,,2011年,簡俊卿建築師事務所,,,都計,財團法人都市更新研究發展基金會,
已核定重建更新事業-都市計畫,正隆晶鑽,北065,,,01臺北市,南港區,,,擬訂臺北市南港區南港段一小段527地號等4筆土地(R13)都市更新權利變換計畫案,,,,正隆股份有限公司,完工,,2008/10/4,,,2485,,,權利變換,,,,121.61265724137931,25.05946224137931,,,,,,,,,,分送,,,2013年,簡俊卿建築師事務所,,,都計,奇模工程有限公司,
已核定重建更新事業-都市計畫,甲子園,北054,,,01臺北市,南港區,,,擬訂臺北市南港區南港段一小段531-4地號等2筆土地(R13)都市更新事業計畫及權利變換計畫案,,,,台灣肥料股份有限公司,完工,,2008/1/15,,,3272,,,權利變換,,,,121.61317955882353,25.059475088235295,,,,,,,,,,併送,,,2011年,廖乙勇建築師事務所,,,都計,邑相更新規劃股份有限公司,
已核定重建更新事業-都市計畫,明日博,北101,,,01臺北市,大安區,,,擬訂臺北市大安區懷生段一小段931地號等20筆土地都市更新事業計畫及權利變換計畫案,,,,忠泰長虹建設股份有限公司,完工,,2010/7/15,,,9244.79,,,權利變換,,http://www.ur.org.tw/plan/career_view/21,,121.53768862162163,25.04416281081081,,,,,,,,,,併送,,,2016/1/1,王克誠建築師事務所、李天鐸建築師事務所,,,都計,財團法人都市更新研究發展基金會,
已核定重建更新事業-都市計畫,第一道,北035,,,01臺北市,南港區,,,擬訂臺北市南港區南港段一小段560地號等16筆土地(R13)都市更新事業計畫及權利變換計畫案,,,,宏境建設股份有限公司,完工,,2007/1/23,,,3125,,,權利變換,,,,121.61348154545455,25.059524454545453,,,,,,,,,,併送,,,2009年,高鴻文、殷瑋建築師事務所,,,都計,合邑都市更新股份有限公司,
已核定重建更新事業-都市計畫,富邦國際會議中心,北112,,,01臺北市,大安區,,,擬訂臺北市大安區仁愛段六小段245-2地號等14筆土地都市更新事業計畫案,,,,富邦建設股份有限公司,完工,,2011/3/29,,,1722,,,自地自建,,http://www.fubonland.com.tw/G/G5.asp,,121.5494375,25.044359222222223,,,,,,,,,,-,,,2014年,薛昭信建築師事務所,,,都計,台北再開發規劃股份有限公司,
已核定重建更新事業-都市計畫,敦南樞苑,北105,,,01臺北市,松山區,,,擬訂臺北市松山區延吉段三小段831-1地號等8筆土地都市更新事業計畫案,,,,德杰建設股份有限公司,完工,,2010/11/10,,,1222,,,協議合建,,,,121.54941568421053,25.045194315789473,,,,,,,,,,-,,,2014年,呂建勳建築師事務所,,,都計,邑相更新規劃股份有限公司,
已核定重建更新事業-都市計畫,華固文匯,北079,,,01臺北市,南港區,,,擬訂臺北市南港區中南段二小段865地號1筆土地都市更新事業計畫案,,,,華固建設股份有限公司,完工,,2009/3/28,,,2189.3,,,協議合建,,http://www.huaku.com.tw/caseInfo?i=17,,121.61495306666667,25.044086733333334,,,,,,,,,,-,,,2011年,黃永沃建築師事務所,,,都計,弘傑都市規劃股份有限公司,
已核定重建更新事業-都市計畫,謙閤,北073,,,01臺北市,南港區,,,擬訂臺北市南港區中南段二小段859地號土地都市更新事業計畫案,,,,偉祥建設股份有限公司,完工,,2009/1/6,,,2117.32,,,協議合建,,,,121.61534836363636,25.044773181818183,,,,,,,,,,-,,,2013年,廖進雄建築師事務所,,,都計,廖進雄建築師事務所,
已核定重建更新事業-都市計畫,敦南御所,北231,,,01臺北市,大安區,,,擬訂臺北市大安區復興段一小段3地號等5筆土地都市更新事業案,,,,中興電工機械股份有限公司,完工,,2015/11/4,,,2159,,,協議合建,,,,121.5482694,25.044471428571427,,,,,,,,,,-,,,2020年,玫格聯合建築師事務所,,,都計,黃秀莊建築師事務所,
已核定重建更新事業-都市計畫,,北232,,,01臺北市,南港區,,,擬訂臺北市南港區南港段一小段379-1地號等43筆土地都市更新事業計畫案,,,,聯勤建設實業股份有限公司,核定,,2015/11/13,,,10693,,,權利變換,,http://www.ur.org.tw/plan/career_view/40,,121.61315584210526,25.060989063157894,,,,,,,,,,分送,,,,簡俊卿建築師事務所、日本丹下建築設計研究所,,,都計,財團法人都市更新研究發展基金會,
已核定重建更新事業-都市計畫,世界明珠,北242,,,01臺北市,南港區,,,擬訂臺北市南港區南港段四小段566地號(原391地號)等6筆土地都市更新事業計畫案,,,,南榮建築開發股份有限公司,完工,,2016/2/26,,,31252.05(報核面積為31263),,,協議合建,,,,121.60126038461539,25.052998974358974,,,,,,,,,,-,,,2024,三大聯合建築師事務所、群甡聯合建築師事務所,,,都計,紫陽工程顧問有限公司、台灣都市更新股份有限公司,
已核定重建更新事業-都市計畫,潤泰敦峰,北260,,,01臺北市,松山區,,,擬訂臺北市松山區敦化段三小段585-11地號等5筆土地都市更新事業計畫案,,,,潤泰創新國際股份有限公司,完工,,2016/9/23,,,4443,,,協議合建,,更新單元面積1907㎡；整體開發範圍2536㎡,,121.5457043,25.045736950000002,,,,,,,,,,-,,,2020年,張倫端建築師事務,,,都計,弘傑開發事業股份有限公司,
已核定重建更新事業-都市計畫,,北281,,,01臺北市,南港區,,,擬訂臺北市南港區南港段一小段522地號等45筆土地都市更新事業計畫案,,,,筑丰興業股份有限公司,核定,,2017/4/21,,,6313.62,,,權利變換,,,,121.612252,25.060367754385965,,,,,,,,,,分送,,,,元宏聯合建築師事務所,,,都計,財團法人都市更新研究發展基金會,
已核定重建更新事業-都市計畫,,,,,01臺北市,萬華區,,,柳鄉社區第一期更新計畫,,,,臺北市政府,,,,,,12488,,,自行實施,,,,121.49588164666666,25.03783058666667,,,,,,,,,,,,,,,,,,,
已核定重建更新事業-都市計畫,超·站 S,北226,,,01臺北市,大同區,,,擬訂臺北市大同區橋北段二小段636地號等79筆土地都市更新事業計畫案,,,,日勝生活科技股份有限公司,完工,,2015/7/31,,,4461.93,,,聯合開發,,,,121.51165785915492,25.063371422535212,,,,,,,,,,-,,,2019年,李祖原聯合建築師事務所,,,優先-6#,緯城土地規劃工程顧問有限公司,
已核定重建更新事業-都市計畫,南港利百代,北382,,,01臺北市,南港區,,,擬訂臺北市南港區玉成段二小段40地號等3筆土地都市更新事業計畫及權利變換計畫案,,,,國泰建設股份有限公司,完工,,2019/4/2,,,9804,,,權利變換,,,,121.59219701960784,25.053522509803923,,,,,,,,,,併送,,,2023,李文勝建築師事務所,,,都計,安邦工程顧問股份有限公司,
已核定重建更新事業-都市計畫,全陽馥,北401,,,01臺北市,南港區,,,擬訂臺北市南港區南港段一小段19-1地號等34筆土地都市更新事業計畫及權利變計畫案,,,,全陽建設股份有限公司,核定,,2019/8/28,,,3049,,,權利變換,,,,121.61964575,25.055744,,,,,,,,,,分送,,,,鍾美惠建築師事務所,,,都計,力冠丰都市規劃有限公司,
已核定重建更新事業-都市計畫,潤泰玉成總部辦公大樓,北457,,,01臺北市,南港區,,,擬訂臺北市南港區玉成段二小段729地號等1筆土地都市更新事業計畫案,,,,潤泰創新國際股份有限公司,完工,,2020/8/10,,,5288.69,,,協議合建,,,,121.59091305625,25.05203555,,,,,,,,,,,,,2024,張倫端建築師事務所,,,都計,邑相更新規劃股份有限公司,
已核定重建更新事業-都市計畫,,北461,,,01臺北市,信義區,,,擬訂臺北市信義區雅祥段二小段469地號等5筆土地都市更新事業計畫案,,,,臺北市信義區雅祥段二小段469地號等5筆土地都市更新會,權變審議,,2020/9/9,,,4507.75,,,權利變換,,,,121.57049601428571,25.043875214285716,,,,,,,,,,分送,,,,吳家駒建築師事務所、黃芳利建築師事務所,,,都計,傳家都更開發股份有限公司,
已核定重建更新事業-都市計畫,,北495,,,01臺北市,南港區,,,擬訂臺北市南港區玉成段一小段36地號1筆土地都市更新事業計畫案,,,,昌立鋼鐵廠股份有限公司,核定,,2021/9/1,,,1894.95,,,自地自建,,,,121.59165344827586,25.05734093103448,,,,,,,,,,-,,,,簡俊卿建築師事務所,,,都計,丹棠開發股份有限公司,
已核定重建更新事業-都市計畫,一方璞真,北399,,,01臺北市,松山區,,,擬訂臺北市松山區敦化段二小段404地號等5筆土地都市更新事業計畫及權利變換計畫案,,,,璞真建設股份有限公司,完工,,2019/7/31,,,740,,,權利變換,,,,121.5458646,25.0495947,,,,,,,,,,併送,,,2023,郭旭原建築師事務所,,,都計,冠霖不動產顧問股份有限公司,
已核定重建更新事業-都市計畫,,北516,,,01臺北市,南港區,,,擬訂臺北市南港區南港段一小段138-1地號等58筆土地都市更新事業計畫案,,,,世?建設股份有限公司,,,2022/1/21,,,4596,,,權利變換,,,,121.61458887096774,25.05549664516129,,,,,,,,,,,,,,周錦鴻建築師事務所,,,,新意群工程顧問有限公司,
已核定重建更新事業-都市計畫,,北515,,,01臺北市,南港區,,,擬訂臺北市南港區玉成段二小段253-1地號等16筆土地都市更新事業及權利變換計畫案,,,,南港國際二股份有限公司,,,2022/1/4,,,3733,,,權利變換,,,,121.5877332173913,25.05144752173913,,,,,,,,,,,,,,陳傳宗建築師事務所,,,,財團法人都市更新研究發展基金會,
已核定重建更新事業-都市計畫,,北514,,,01臺北市,南港區,,,擬訂臺北市南港區玉成段二小段253地號等9筆土地都市更新事業及權利變換計畫案,,,,南港國際一股份有限公司,,,2022/1/4,,,23672,,,權利變換,,,,121.585691,25.05089075,,,,,,,,,,,,,,陳傳宗建築師事務所,,,,財團法人都市更新研究發展基金會,
已核定重建更新事業-都市計畫,,北564,,,01臺北市,南港區,,,擬訂臺北市南港區玉成段一小段169地號等8筆(原20筆)土地都市更新事業計畫案,,,,國賓大建設股份有限公司,核定,,2023/4/8,,,13786,,,協議合建,,,https://kobinda.com/,121.58885892063492,25.054379238095237,,,,,,,,,,,,,,潘正華建築師事務所,,,,育辰工程顧問股份有限公司,
已核定重建更新事業-都市計畫,,北560,,,01臺北市,內湖區,,,擬訂臺北市南港區南港段一小段601地號等25筆土地事業計畫案,,,,世展建設股份有限公司,核定,,2023/4/14,,,6500,,,權利變換,,,,121.61263760563381,25.05597991549296,,,,,,,,,,分送,,,,場域設計及周錦鴻建築師事務所,,,,新意群工程顧問有限公司,
已核定重建更新事業-都市計畫,,北556,,,01臺北市,南港區,,,擬訂臺北市南港區玉成段二小段728地號1筆土地都市更新事業計畫案,,,,華固建設股份有限公司,核定,,2023/2/10,,,2892.48,,,自地自建,,,,121.5917604,25.0520356,,,,,,,,,,,,,,潘冀聯合建築師事務所,,,,弘傑開發事業股份有限公司,
已核定重建更新事業-都市計畫,,北535,,,01臺北市,大安區,,,擬訂臺北市大安區通化段四小段336地號等26筆（原22筆）土地都市更新事業計畫案,,,,永陞建設股份有限公司,核定,,2022/8/5,,,1686,,,權利變換,,,,121.5528911,25.031148299999998,,,,,,,,,,分送,,,,呂建勳建築師事務所,,,,奇模工程有限公司,
已核定重建更新事業-都市計畫,,北580,,,01臺北市,南港區,,,擬訂臺北市南港區南港段四小段415-1地號等5筆土地都市更新事業計畫案,,,,京岡建設股份有限公司,核定,,2023/8/31,,,1747,,,協議合建,,,,121.60411553846154,25.05309223076923,,,,,,,,,,,,,,闕河彬建築師事務所,,,都計,李欣都市更新股份有限公司,
已核定重建更新事業-都市計畫,,北610,,,01臺北市,南港區,,,擬訂臺北市南港區南港段四小段399-1地號5筆土地都市更新事業計畫及權利變換計畫案,,,,璞真建設股份有限公司,,,2024/5/30,,,"2,830.00",,,權利變換,,,,121.60299413636363,25.0534525,,,,,,,,,,,,,,潘冀聯合建築師事務所,,,,冠霖不動產顧問股份有限公司,
已核定重建更新事業-都市計畫,,北645,,,01臺北市,南港區,,,擬訂臺北市南港區玉成段二小段732地號1筆土地都市更新事業計畫及權利變換計畫案,,,,慧榮科技股份有限公司,,,2025/4/17,,,3392.19,,,權利變換,,,,121.59173175,25.051253125,,,,,,,,,,併送,,,,三門聯合建築師事務所,,,都計,台北再開發規劃股份有限公司,
自劃單元,臺北市中山區長安段一小段721地號等6筆土地為更新單元,384,,,,中山區,,,,,,,,,2002/5/14,,,,3378.00,,,,,R090401,,121.538016,25.0507147,,,,,,,,,,,,已核准,,,,91.5.14府都新字第09130133500號,,,
自劃單元,臺北市中山區長安段三小段709地號等2筆土地為更新單元,383,,,,中山區,,,,,,,,,2002/7/30,,,,1249.00,,,,,R090402,,121.52861533333333,25.05079,,,,,,,,,,,,已核准,,,,91.7.30府都新字第09117114600號,,,
自劃單元,臺北市松山區寶清段一小段49地號等12筆土地為更新單元,658,,,,松山區,,,,,,,,,2001/8/7,,,,11114.00,,,,,R090501,,121.56922476363637,25.05561990909091,,,,,,,,,,,,已核准,,,,90.8.7府都新字第09021858100號,,,
自劃單元,臺北市中正區南海段二小段332地號等23筆土地為更新單元,468,,,,中正區,,,,,,,,,2003/3/5,,,,1773.00,,,,,R091202,,121.51963778947369,25.02690955263158,,,,,,,,,,,,已核准,,,,92.3.5府收字第0920784600號,,,
自劃單元,臺北市內湖區康寧段三小段469地號等38筆土地為更新單元,499,,,,內湖區,,,,,,,,,2004/1/19,,,,8029.00,,,,,R091902,,121.599195,25.078547653846154,,,,,,,,,,,,已核准,,,,93.1.19府都新字第09302039600號,,,
自劃單元,臺北市松山區寶清段七小段604-2地號等16筆土地為更新單元,657,,,,松山區,,,,,,,,,2003/3/31,,,,1427.00,,,,,R092502,,121.5773496111111,25.050349555555556,,,,,,,,,,,,已核准,,,,92.3.31府都新字第09202931200號,,,
自劃單元,臺北市文山區興安段二小段557-2地號等8筆土地為更新單元,548,,,,文山區,,,,,,,,,2002/2/21,,,,2056.00,,,,,R092801,,121.55013681481482,24.99938251851852,,,,,,,,,,,,已核准,,,,91.2.21府都新字第090100224600號,,,
自劃單元,臺北市文山區木柵段一小段573地號等7筆土地為更新單元,547,,,,文山區,,,,,,,,,2003/8/5,,,,1623.00,,,,,R092802,,121.56539540540541,24.989032027027026,,,,,,,,,,,,已核准,,,,92.8.25府都新字第P0925025號,,,
自劃單元,臺北市北投區大業段一小段69-10地號等29筆土地為更新單元,595,,,,北投區,,,,,,,,,2003/5/14,,,,2140.00,,,,,R092B02,,121.50346014,25.13615024,,,,,,,,,,,,已核准,,,,92.5.14府都新字第09211004600號,,,
自劃單元,臺北市萬華區福星段二小段738地號等32筆土地為更新單元,806,,,,萬華區,,,,,,,,,2003/2/25,,,,3393.00,,,,,R093101,,121.50368851282052,25.045707974358976,,,,,,,,,,,,已核准,,,,92.2.25府都新字第09207843800號,,,
自劃單元,臺北市中山區吉林段四小段705地號等46筆土地為更新單元,382,,,,中山區,,,,,,,,,2004/6/3,,,,3132.00,,,,,R093401,,121.52681021052632,25.05593234210526,,,,,,,,,,,,已核准,,,,93.5.3府都新字第09310673600號,,,
自劃單元,變更劃定大安區懷生段一小段861地號等14筆土地為更新單元,273,,,,大安區,,,,,,,,,2004/4/1,,,,9236.00,,,,,R093701,,121.53765774468086,25.044263170212766,,,,,,,,,,,,已核准,,,,93.4.1府都新字第09303039000號,,,
自劃單元,臺北市文山區萬隆段一小段53-20等49筆地號土地為更新單元,546,,,,文山區,,,,,,,,,2004/5/13,,,,2539.00,,,,,R093801,,121.53769264893617,25.00830695744681,,,,,,,,,,,,已核准,,,,93.5.13府都新字第09309753500號,,,
自劃單元,臺北市士林區蘭雅段一小段386地號等18筆土地為更新單元,86,,,,士林區,,,,,,,,,2004/11/8,,,,2724.00,,,,,R093A01,,121.52451535,25.10817955,,,,,,,,,,,,已核准,,,,93.11.8府都新字第09325063900號,,,
自劃單元,臺北市南港區新光段二小段142地號等6筆土地為更新單元,762,,,,南港區,,,,,,,,,2005/9/23,,,,2959.00,,,,,R094001,,121.58712424590163,25.043997049180327,,,,,,,,,,,,已核准,,,,94.9.23府都新字第0942120700號,,,
自劃單元,劃定臺北市內湖區康寧段二小段262地號等29筆土地為更新地區（更新單元）,1020,,,,內湖區,,,,,,,,,2005/12/27,,,,2642.00,,,,,R094901,,121.59255642253521,25.085696971830988,,,,,,,,,,,,已核准,,,,97.8.27府都新案第09703768100號,,,
自劃單元,臺北市中正區河堤段二小段435地號等34筆土地為更新單元,467,,,,中正區,,,,,,,,,2006/9/22,,,,2314.00,,,,,R095201,,121.52460774,25.02326744,,,,,,,,,,,,已核准,,,,95.9.22府都新字第09504588600號,,,
自劃單元,臺北市中正區南海段三小段690地號等38筆土地為更新單元,466,,,,中正區,,,,,,,,,2006/11/16,,,,1536.00,,,,,R095202,,121.5173245945946,25.029321243243242,,,,,,,,,,,,已核准,,,,95.11.16府都新字第09505501800號,,,
自劃單元,臺北市中山區吉林段四小段603地號等36筆土地為更新單元,381,,,,中山區,,,,,,,,,2006/10/26,,,,1709.00,,,,,R095402,,121.525853,25.056434076923075,,,,,,,,,,,,已核准,,,,95.10.26府都新字第09505280800號,,,
自劃單元,臺北市中山區吉林段四小段676地號等17筆土地為更新單元,380,,,,中山區,,,,,,,,,2006/12/27,,,,1394.00,,,,,R095403,,121.52661214814815,25.056343444444444,,,,,,,,,,,,已核准,,,,95.12.27府都新字第09506509400號,,,
自劃單元,臺北市松山區敦化段二小段68地號等4筆土地為更新單元,656,,,,松山區,,,,,,,,,2006/2/17,,,,1405.00,,,,,R095501,,121.54798673333333,25.050366066666665,,,,,,,,,,,,已核准,,,,95.2.17府都新字第09570606500號,,,
自劃單元,臺北市松山區西松段一小段65地號等10筆土地為更新單元,655,,,,松山區,,,,,,,,,2006/10/23,,,,2468.00,,,,,R095502,,121.56250851612903,25.053811193548388,,,,,,,,,,,,已核准,,,,95.10.23府都新字第09535074200號,,,
自劃單元,臺北市信義區逸仙段三小段870地號等2筆土地為更新單元,738,,,,信義區,,,,,,,,,2006/11/2,,,,453.00,,,,,R095601,,121.55884044444444,25.033368555555555,,,,,,,,,,,,已核准,,,,95.11.3府都新字第09535136800號,,,
自劃單元,臺北市大安區懷生段二小段16地號等6筆土地為更新單元,272,,,,大安區,,,,,,,,,2006/2/16,,,,5041.00,,,,,R095701,,121.54212132,25.04127902,,,,,,,,,,,,已核准,,,,95.2.16府都新字第09572893600號,,,
自劃單元,臺北市大安區仁愛段六小段344地號等7筆土地為更新單元,271,,,,大安區,,,,,,,,,2006/3/24,,,,1106.00,,,,,R095702,,121.55166995652174,25.042416130434784,,,,,,,,,,,,已核准,,,,95.3.24府都新字第09577380800號,,,
自劃單元,臺北市大安區瑞安段一小段87地號等19筆土地為更新單元,270,,,,大安區,,,,,,,,,2006/5/22,,,,1405.00,,,,,R095703,,121.54168831818183,25.03305290909091,,,,,,,,,,,,已核准,,,,95.5.22府都新字第09577998000號,,,
自劃單元,臺北市大安區龍泉段三小段736地號等11筆土地為更新單元,269,,,,大安區,,,,,,,,,2006/10/2,,,,1813.00,,,,,R095704,,121.52582553488372,25.023243069767442,,,,,,,,,,,,已核准,,,,95.10.2府都新字第09504684300號,,,
自劃單元,臺北市大安區通化段六小段665地號等22筆土地為更新單元,267,,,,大安區,,,,,,,,,2006/10/31,,,,2758.00,,,,,R095706,,121.54979179166666,25.02484625,,,,,,,,,,,,已核准,,,,95.10.31府都新字第09504652400號,,,
自劃單元,臺北市大安區懷生段三小段492地號等4筆土地為更新單元,266,,,,大安區,,,,,,,,,2006/11/28,,,,1156.00,,,,,R095707,,121.53370071428571,25.039962523809525,,,,,,,,,,,,已核准,,,,95.11.28府都新字第09505776100號,,,
自劃單元,臺北市大安區龍泉段三小段941地號等26筆土地為更新單元,265,,,,大安區,,,,,,,,,2006/12/5,,,,1378.00,,,,,R095708,,121.52769579310345,25.02165475862069,,,,,,,,,,,,已核准,,,,95.12.05府都新字第09506200600號,,,
自劃單元,臺北市文山區木柵段四小段641地號等11筆土地為更新單元,544,,,,文山區,,,,,,,,,2008/6/5,,,,1904.00,,,,,R095802,,121.5630975,24.98195913043478,,,,,,,,,,,,已核准,,,,95.12.5府都新字第09504795700號,,,
自劃單元,臺北市士林區芝山段二小段33地號等24筆土地為更新單元,84,,,,士林區,,,,,,,,,2006/11/28,,,,2347.00,,,,,R095A02,,121.52888298412698,25.107634666666666,,,,,,,,,,,,已核准,,,,95.11.28府都新字第09505768300號,,,
自劃單元,臺北市士林區百齡段二小段360地號等16筆土地為更新單元,83,,,,士林區,,,,,,,,,2006/12/27,,,,2015.00,,,,,R095A03,,121.52037677419355,25.086926548387098,,,,,,,,,,,,已核准,,,,95.12.27府都新字第09506509500號,,,
自劃單元,臺北市中正區臨沂段一小段258地號等14筆土地為更新單元,460,,,,中正區,,,,,,,,,2007/8/29,,,,1422.00,,,,,R096202,,121.5309347,25.04245545,,,,,,,,,,,,已核准,,,,97.5.26府都新字第0930404400號,,,
自劃單元,臺北市中正區臨沂段三小段254地號等11筆土地為更新單元,464,,,,中正區,,,,,,,,,2007/11/23,,,,2251.00,,,,,R096203,,121.53119285,25.03525545,,,,,,,,,,,,已核准,,,,96.11.23府都新字第09635217200號,,,
自劃單元,臺北市大同區橋北段二小段574地號等45筆土地為更新單元,118,,,,大同區,,,,,,,,,2007/7/17,,,,4190.00,,,,,R096302,,121.51150312,25.06415652,,,,,,,,,,,,已核准,,,,96.7.17府都新字第09604305000號,,,
自劃單元,臺北市大同區市府段二小段220-2地號等35筆土地為更新單元,117,,,,大同區,,,,,,,,,2007/8/8,,,,2314.00,,,,,R096303,,121.51680356756756,25.05179210810811,,,,,,,,,,,,已核准,,,,96.8.8府都新字第09604488900號,,,
自劃單元,臺北市大同區迪化段一小段2地號等21筆土地為更新單元,116,,,,大同區,,,,,,,,,2007/9/21,,,,1568.00,,,,,R096304,,121.51349173913043,25.056697217391307,,,,,,,,,,,,已核准,,,,96.9.21府都新字第09604720600號,,,
自劃單元,臺北市大同區玉泉段二小段353地號等18筆土地為更新單元,115,,,,大同區,,,,,,,,,2007/9/21,,,,1603.00,,,,,R096305,,121.511741,25.050260958333332,,,,,,,,,,,,已核准,,,,96.9.21府都新字第09604743900號,,,
自劃單元,臺北市中山區中山段四小段342地號等16筆土地為更新單元,379,,,,中山區,,,,,,,,,2007/3/26,,,,1293.00,,,,,R096401,,121.52098428,25.05691948,,,,,,,,,,,,已核准,,,,96.3.26府都新字第09601172200號,,,
自劃單元,臺北市中山區吉林段三小段811地號等32筆土地為更新單元,378,,,,中山區,,,,,,,,,2007/4/30,,,,2675.00,,,,,R096402,,121.5281788275862,25.05832496551724,,,,,,,,,,,,已核准,,,,96.4.30府都新字第09601110000號,,,
自劃單元,臺北市中山區吉林段五小段185地號等19筆土地為更新單元,377,,,,中山區,,,,,,,,,2007/4/30,,,,1810.00,,,,,R096403,,121.52905896153847,25.052397923076924,,,,,,,,,,,,已核准,,,,96.4.30府都新字第09601129200號,,,
自劃單元,臺北市中山區正義段四小段187地號等49筆土地為更新單元,376,,,,中山區,,,,,,,,,2007/5/17,,,,2887.00,,,,,R096404,,121.52054117777777,25.05069168888889,,,,,,,,,,,,已核准,,,,96.5.17府都新字第09601879800號,,,
自劃單元,臺北市中山區吉林段五小段130地號等11筆土地為更新單元,374,,,,中山區,,,,,,,,,2007/6/23,,,,1125.00,,,,,R096406,,121.5295101764706,25.053194411764707,,,,,,,,,,,,已核准,,,,96.6.23府都新字第09603319600號,,,
自劃單元,臺北市中山區錦州街以南、錦州街242巷以東、松江路235巷以北、民生東路二段147巷以西地區為更新單元,373,,,,中山區,,,,,,,,,2007/6/28,,,,11739.00,,,,,R096407,,121.53429420547945,25.059444876712327,,,,,,,,,,,,已核准,,,,96.6.28府都新字第09603297700號,,,
自劃單元,臺北市中山區長春段三小段133地號等12筆土地為更新單元,372,,,,中山區,,,,,,,,,2007/7/16,,,,1809.00,,,,,R096408,,121.53628086363636,25.053822681818183,,,,,,,,,,,,已核准,,,,96.7.16府都新字第0904298600號,,,
自劃單元,臺北市中山區北安段一小段25地號為更新單元,371,,,,中山區,,,,,,,,,2007/7/20,,,,3248.00,,,,,R096409,,121.5559146,25.0850972,,,,,,,,,,,,已核准,,,,96.7.20府都新字第09604306100號,,,
自劃單元,臺北市中山區長安段二小段684地號等12筆土地為更新單元,370,,,,中山區,,,,,,,,,2007/10/9,,,,1386.00,,,,,R096410,,121.5379987,25.0455807,,,,,,,,,,,,已核准,,,,96.10.9府都新字第09604721100號,,,
自劃單元,臺北市中山區中山段三小段688地號等6筆土地為更新單元,361,,,,中山區,,,,,,,,,2008/5/30,,,,1999.00,,,,,R096411,,121.52414227777777,25.05372061111111,,,,,,,,,,,,已核准,,,,97.5.30府都新字第09730459300號,,,
自劃單元,臺北市中山區中山段一小段665地號等9筆土地為更新單元,369,,,,中山區,,,,,,,,,2007/10/11,,,,1555.00,,,,,R096412,,121.52360255,25.06313655,,,,,,,,,,,,已核准,,,,96.10.11府都新字第09606206600號,,,
自劃單元,臺北市松山區美仁段一小段168地號等36筆土地為更新單元,653,,,,松山區,,,,,,,,,2007/3/26,,,,5293.00,,,,,R096501,,121.55582051851852,25.05243862962963,,,,,,,,,,,,已核准,,,,96.3.26府都新字第09601172100號,,,
自劃單元,臺北市松山區寶清段一小段566地號等33筆土地為更新單元,652,,,,松山區,,,,,,,,,2007/6/20,,,,3604.00,,,,,R096502,,121.56874202380952,25.051710333333332,,,,,,,,,,,,已核准,,,,96.6.20府都新字第09603319100號,,,
自劃單元,臺北市松山區民生段42地號等26筆土地為更新單元,651,,,,松山區,,,,,,,,,2007/7/18,,,,5843.00,,,,,R096503,,121.56528597619048,25.059972833333333,,,,,,,,,,,,已核准,,,,96.7.18府都新字第09604327800號,,,
自劃單元,修定臺北市松山區敦化段四小段261地號等62筆土地及322地號等16筆土地為更新單元,646,,,,松山區,,,,,,,,,2007/8/15,,,,8095.00,,,,,R096505,,121.54628998214285,25.063984857142856,,,,,,,,,,,,已核准,,,,97.5.23府都新字第09730419000號,,,
自劃單元,臺北市信義區福德段三小段415地號等27筆土地為更新單元,736,,,,信義區,,,,,,,,,2007/3/30,,,,2945.00,,,,,R096601,,121.5781493939394,25.039977424242423,,,,,,,,,,,,已核准,,,,96.3.30府都新字第09601180500號,,,
自劃單元,臺北市信義區雅祥段四小段440地號等11筆土地為更新單元,735,,,,信義區,,,,,,,,,2007/6/20,,,,3446.00,,,,,R096602,,121.56687738461538,25.043027615384617,,,,,,,,,,,,已核准,,,,96.6.20府都新字第09603298000號,,,
自劃單元,臺北市信義區永吉段一小段408地號等64筆土地為更新單元,734,,,,信義區,,,,,,,,,2007/7/18,,,,4662.00,,,,,R096603,,121.57817713636364,25.042301954545454,,,,,,,,,,,,已核准,,,,96.7.18府都新字第09604314600號,,,
自劃單元,臺北市信義區祥和段三小段15地號等10筆土地為更新單元,731,,,,信義區,,,,,,,,,2007/7/27,,,,2609.00,,,,,R096606,,121.5699613,25.02772135,,,,,,,,,,,,已核准,,,,96.07.27府都新字第09604314900號,,,
自劃單元,臺北市大安區龍泉段一小段183地號等12筆土地為更新單元,264,,,,大安區,,,,,,,,,2007/3/13,,,,1829.00,,,,,R096701,,121.53318364285714,25.025866464285713,,,,,,,,,,,,已核准,,,,96.3.13府都新字第09601110100號,,,
自劃單元,臺北市大安區龍泉段一小段231地號等4筆土地為更新單元,263,,,,大安區,,,,,,,,,2007/5/8,,,,1280.00,,,,,R096702,,121.5324041923077,25.025900269230767,,,,,,,,,,,,已核准,,,,96.5.8府都新字第09601782300號,,,
自劃單元,臺北市大安區大安段三小段187地號等9筆土地為更新單元,262,,,,大安區,,,,,,,,,2007/5/14,,,,1753.00,,,,,R096703,,121.54711789473684,25.026138736842103,,,,,,,,,,,,已核准,,,,96.5.14府都新字第09601879700號,,,
自劃單元,臺北市大安區復興段三小段588地號等11筆土地為更新單元,261,,,,大安區,,,,,,,,,2007/5/14,,,,1869.00,,,,,R096704,,121.5454146,25.0349294,,,,,,,,,,,,已核准,,,,96.5.14府都新字第09601880900號,,,
自劃單元,臺北市大安區瑞安段三小段215地號等14筆土地為更新單元,260,,,,大安區,,,,,,,,,2007/5/24,,,,1146.00,,,,,R096705,,121.54030496,25.02716076,,,,,,,,,,,,已核准,,,,96.5.24府都新字第09601879600號,,,
自劃單元,臺北市大安區復興段二小段165地號等40筆土地為更新單元,259,,,,大安區,,,,,,,,,2007/6/12,,,,2528.00,,,,,R096706,,121.54417603225806,25.040824935483872,,,,,,,,,,,,已核准,,,,96.6.12府都新字第09603297900號,,,
自劃單元,臺北市大安區金華段四小段126地號等3筆土地為更新單元,249,,,,大安區,,,,,,,,,2007/11/23,,,,1704.00,,,,,R096716,,121.5247905,25.02974815,,,,,,,,,,,,已核准,,,,96.11.23府都新字第09606508800號,,,
自劃單元,臺北市大安區仁愛段六小段84地號等14筆土地為更新單元,258,,,,大安區,,,,,,,,,2007/7/17,,,,1669.00,,,,,R096707,,121.553952125,25.042323791666668,,,,,,,,,,,,已核准,,,,96.7.17府都新字第09604315000號,,,
自劃單元,臺北市大安區懷生段四小段4地號等14筆土地為更新單元,257,,,,大安區,,,,,,,,,2007/7/17,,,,2259.00,,,,,R096708,,121.5371822,25.03715155,,,,,,,,,,,,已核准,,,,96.7.17府都新字第09604314500號,,,
自劃單元,臺北市大安區大安段三小段355地號等66筆土地為更新單元,256,,,,大安區,,,,,,,,,2007/8/8,,,,2660.00,,,,,R096709,,121.5454347755102,25.02514426530612,,,,,,,,,,,,已核准,,,,96.8.8府都新字第09604481600號,,,
自劃單元,臺北市大安區仁愛段四小段225地號等25筆土地為更新單元,255,,,,大安區,,,,,,,,,2007/9/13,,,,3112.00,,,,,R096710,,121.54994616,25.03517824,,,,,,,,,,,,已核准,,,,96.9.13府都新字第09604720800號,,,
自劃單元,臺北市大安區龍泉段一小段116地號等12筆土地為更新單元,253,,,,大安區,,,,,,,,,2007/9/13,,,,3919.00,,,,,R096712,,121.53399044117647,25.024325970588237,,,,,,,,,,,,已核准,,,,96.9.13府都新字第09604720300號,,,
自劃單元,臺北市大安區懷生段三小段249地號等18筆土地為更新單元,252,,,,大安區,,,,,,,,,2007/9/13,,,,1447.00,,,,,R096713,,121.53711033333333,25.040400133333332,,,,,,,,,,,,已核准,,,,96.9.13府都新字第09604721000號,,,
自劃單元,臺北市大安區通化段四小段121地號等38筆土地為更新單元,251,,,,大安區,,,,,,,,,2007/10/23,,,,2246.00,,,,,R096714,,121.55293919354838,25.03234912903226,,,,,,,,,,,,已核准,,,,96.10.23府都新字第09606184700號,,,
自劃單元,臺北市大安區懷生段二小段316、316-2地號等2筆土地為更新單元,250,,,,大安區,,,,,,,,,2007/10/23,,,,988.00,,,,,R096715,,121.5432208125,25.035926125,,,,,,,,,,,,已核准,,,,96.10.23府都新字第09606206900號,,,
自劃單元,臺北市文山區華興段三小段35地號等58筆土地為更新單元,543,,,,文山區,,,,,,,,,2007/10/30,,,,6498.00,,,,,R096801,,121.55459011428572,24.98780562857143,,,,,,,,,,,,已核准,,,,96.10.30府都新字第09606184500號,,,
自劃單元,臺北市內湖區東湖段一小段17-2地號土地為更新單元,498,,,,內湖區,,,,,,,,,2007/3/16,,,,2742.00,,,,,R096901,,121.6180750212766,25.07094625531915,,,,,,,,,,,,已核准,,,,96.3.16府都新字第09601109900號,,,
自劃單元,臺北市內湖區碧湖段四小段410地號等3筆土地為更新單元,497,,,,內湖區,,,,,,,,,2007/7/24,,,,2969.00,,,,,R096902,,121.57658079166667,25.08015622916667,,,,,,,,,,,,已核准,,,,96.7.24府都新字第09604330200號,,,
自劃單元,臺北市士林區芝山段一小段197地號等39筆土地為更新單元,82,,,,士林區,,,,,,,,,2007/5/24,,,,4177.00,,,,,R096A02,,121.5309095862069,25.10823851724138,,,,,,,,,,,,已核准,,,,96.5.24府都新字第09601881100號,,,
自劃單元,臺北市士林區天母段四小段525地號等3筆土地為更新單元,81,,,,士林區,,,,,,,,,2007/5/24,,,,1050.00,,,,,R096A03,,121.52793085365853,25.122694975609758,,,,,,,,,,,,已核准,,,,96.5.24府都新字第09601880600號,,,
自劃單元,臺北市北投區立農段五小段374-1地號等43筆土地為更新單元,592,,,,北投區,,,,,,,,,2007/7/25,,,,3894.00,,,,,R096B02,,121.50513672941176,25.11994005882353,,,,,,,,,,,,已核准,,,,96.7.25府都新字第09604304900號,,,
自劃單元,臺北市南港區南港段三小段89-5地號等78筆土地為更新單元,761,,,,南港區,,,,,,,,,2008/1/18,,,,9419.00,,,,,R097001,,121.60061718,25.05633634,,,,,,,,,,,,已核准,,,,97.1.18府都新字第09608512200號,,,
自劃單元,臺北市南港區南港段一小段1163地號等44筆土地為更新單元,760,,,,南港區,,,,,,,,,2008/5/5,,,,5708.00,,,,,R097002,,121.606577,25.055742654320987,,,,,,,,,,,,已核准,,,,97.5.5府都新字第09702217400號,,,
自劃單元,臺北市南港區南港段一小段1016地號等27筆土地為更新單元,759,,,,南港區,,,,,,,,,2008/5/23,,,,3585.00,,,,,R097003,,121.60638021311476,25.05776562295082,,,,,,,,,,,,已核准,,,,97.5.23府都新字第09702480200號,,,
自劃單元,臺北市南港區中南段一小段190地號等55筆土地為更新單元,756,,,,南港區,,,,,,,,,2008/10/1,,,,4465.00,,,,,R097006,,121.61503774603175,25.051485698412698,,,,,,,,,,,,已核准,,,,97.10.1府都新字第09705526300號,,,
自劃單元,臺北市萬華區福星段三小段457地號等20筆土地為更新單元,804,,,,萬華區,,,,,,,,,2008/5/15,,,,1300.00,,,,,R097103,,121.50703248387097,25.042730129032257,,,,,,,,,,,,已核准,,,,97.5.15府都新第09702240900號字,,,
自劃單元,臺北市萬華區福星段二小段104地號等48筆土地為更新單元,803,,,,萬華區,,,,,,,,,2008/10/30,,,,2125.00,,,,,R097104,,121.50827251162791,25.045554674418604,,,,,,,,,,,,已核准,,,,97.10.30府都新字第09706063700號,,,
自劃單元,臺北市中正區臨沂段二小段250地號等8筆土地為更新單元,463,,,,中正區,,,,,,,,,2008/1/18,,,,1349.00,,,,,R097201,,121.52982973333333,25.040423466666667,,,,,,,,,,,,已核准,,,,97.1.18府都新字第09700013900號,,,
自劃單元,臺北市中正區河堤段四小段189地號等84筆土地為更新單元,462,,,,中正區,,,,,,,,,2008/3/7,,,,6223.00,,,,,R097202,,121.52044652439024,25.026085914634145,,,,,,,,,,,,已核准,,,,97.3.7府都新字第09701134500號,,,
自劃單元,臺北市中正區臨沂段一小段419地號等43筆土地為更新單元,461,,,,中正區,,,,,,,,,2008/5/13,,,,4305.00,,,,,R097203,,121.52834778260869,25.043210108695654,,,,,,,,,,,,已核准,,,,97.5.13府都新字第097021162400號,,,
自劃單元,臺北市中正區中正段一小段230地號等10筆土地為更新單元,459,,,,中正區,,,,,,,,,2008/6/10,,,,1582.00,,,,,R097204,,121.52403270588235,25.03967905882353,,,,,,,,,,,,已核准,,,,97.6.10府都新字第097002480000號,,,
自劃單元,臺北市中正區河堤段六小段550地號等16筆土地為更新單元,458,,,,中正區,,,,,,,,,2008/6/10,,,,1577.00,,,,,R097205,,121.51716009090909,25.022930363636362,,,,,,,,,,,,已核准,,,,97.6.10府都新字第09702480100號,,,
自劃單元,臺北市中正區臨沂段四小段21地號等14筆土地為更新單元,457,,,,中正區,,,,,,,,,2008/6/25,,,,1530.00,,,,,R097206,,121.52989970731707,25.037865902439023,,,,,,,,,,,,已核准,,,,97.6.25府都新字第09703381400號,,,
自劃單元,臺北市中正區臨沂段一小段455地號等18筆土地為更新單元,456,,,,中正區,,,,,,,,,2008/6/25,,,,2640.00,,,,,R097207,,121.52714772413793,25.04350596551724,,,,,,,,,,,,已核准,,,,97.6.25府都新字第09703573000號,,,
自劃單元,臺北市中正區中正段一小段66地號等10筆土地為更新單元,454,,,,中正區,,,,,,,,,2008/7/30,,,,2079.00,,,,,R097209,,121.52697125925926,25.03907485185185,,,,,,,,,,,,已核准,,,,97.7.30府都新字第09703768000號,,,
自劃單元,臺北市中正區河堤段六小段581-1地號等15筆土地為更新單元,453,,,,中正區,,,,,,,,,2008/8/28,,,,1476.00,,,,,R097210,,121.51720239024391,25.022132,,,,,,,,,,,,已核准,,,,97.8.28府都新字第09705180600號,,,
自劃單元,臺北市中正區臨沂段二小段86-1地號等10筆土地為更新單元,452,,,,中正區,,,,,,,,,2008/10/7,,,,2232.00,,,,,R097211,,121.53190915384616,25.03963123076923,,,,,,,,,,,,已核准,,,,97.10.7府都新字第09705554100號,,,
自劃單元,臺北市中正區河堤段六小段501-1地號等28筆土地為更新單元,450,,,,中正區,,,,,,,,,2008/11/7,,,,1715.00,,,,,R097213,,121.51871931034484,25.021506103448274,,,,,,,,,,,,已核准,,,,97.11.7府都新字第09706063500號,,,
自劃單元,臺北市中正區臨沂段一小段488地號等47筆土地為更新單元,449,,,,中正區,,,,,,,,,2008/11/7,,,,3153.00,,,,,R097214,,121.52797613513513,25.042731108108107,,,,,,,,,,,,已核准,,,,97.11.7府都新字第09707198100號,,,
自劃單元,臺北市中正區南海段三小段842地號等30筆土地為更新單元,448,,,,中正區,,,,,,,,,2008/12/9,,,,5914.00,,,,,R097215,,121.51616943243243,25.027768297297296,,,,,,,,,,,,已核准,,,,97.12.9府都新字第09707416100號,,,
自劃單元,臺北市中正區南海段二小段493地號等18筆土地為更新單元,447,,,,中正區,,,,,,,,,2008/12/9,,,,2578.00,,,,,R097216,,121.51847875,25.0269816,,,,,,,,,,,,已核准,,,,97.12.9府都新字第09707416200號,,,
自劃單元,臺北市中正區永昌段六小段187-2地號等4筆土地為更新單元,446,,,,中正區,,,,,,,,,2008/12/9,,,,2806.00,,,,,R097217,,121.505447,25.030994117647058,,,,,,,,,,,,已核准,,,,97.12.9府都新字第09707447600號,,,
自劃單元,臺北市中正區臨沂段三小段2地號等7筆土地為更新單元,445,,,,中正區,,,,,,,,,2008/12/9,,,,1187.00,,,,,R097218,,121.53237827272727,25.037744454545454,,,,,,,,,,,,已核准,,,,97.12.9府都新字第09707561700號,,,
自劃單元,臺北市中正區中正段三小段24-3地號等18筆土地為更新單元,444,,,,中正區,,,,,,,,,2008/12/9,,,,1780.00,,,,,R097219,,121.52217173913043,25.03828713043478,,,,,,,,,,,,已核准,,,,97.12.9府都新字第09707421400號,,,
自劃單元,臺北市中正區福和段二小段267-16地號等28筆土地為更新單元,443,,,,中正區,,,,,,,,,2008/12/9,,,,2957.00,,,,,R097220,,121.53163975,25.015158111111113,,,,,,,,,,,,已核准,,,,97.12.9府都新字第09707426000號,,,
自劃單元,臺北市中正區南海段五小段32地號等11筆土地為更新單元,426,,,,中正區,,,,,,,,,2009/9/14,,,,700.00,,,,,R098217,,121.51098961111111,25.034736944444443,,,,,,,,,,,,已核准,,,,98.9.14府都新字第09803843300號,,,
自劃單元,臺北市大同區大龍段三小段958之2地號等35筆土地為更新單元,114,,,,大同區,,,,,,,,,2008/8/22,,,,2696.00,,,,,R097301,,121.51410763157895,25.06904097368421,,,,,,,,,,,,已核准,,,,97.8.22府都新字第09705179000號,,,
自劃單元,臺北市大同區橋北段一小段270-1地號等81筆土地為更新單元,113,,,,大同區,,,,,,,,,2008/9/3,,,,4676.00,,,,,R097302,,121.5112948125,25.067769734375,,,,,,,,,,,,已核准,,,,97.9.3府都新字第09705317401號,,,
自劃單元,臺北市大同區大龍段三小段271等35筆土地為更新單元,112,,,,大同區,,,,,,,,,2008/11/12,,,,2501.00,,,,,R097303,,121.5180261935484,25.06982070967742,,,,,,,,,,,,已核准,,,,97.11.12府都新字第09707198300號,,,
自劃單元,臺北市中山區榮星段三小段563-3地號等5筆土地為更新單元,368,,,,中山區,,,,,,,,,2008/1/7,,,,1253.00,,,,,R097401,,121.5415786,25.058290200000002,,,,,,,,,,,,已核准,,,,97.1.7府都新字第09608380200號,,,
自劃單元,臺北市中山區中山段一小段614地號等6筆土地為更新單元,367,,,,中山區,,,,,,,,,2008/1/7,,,,1031.00,,,,,R097402,,121.52530957894737,25.063151315789472,,,,,,,,,,,,已核准,,,,97.1.7府都新字第09608380300號,,,
自劃單元,臺北市中山區中山段一小段952地號等16筆土地為更新單元,365,,,,中山區,,,,,,,,,2008/2/26,,,,1960.00,,,,,R097404,,121.52335665384615,25.061227576923077,,,,,,,,,,,,已核准,,,,97.2.26府都新字第09700482300號,,,
自劃單元,臺北市中山區長安段二小段565地號等26筆土地為更新單元,364,,,,中山區,,,,,,,,,2008/3/5,,,,14734.00,,,,,R097405,,121.54125089552238,25.04585714925373,,,,,,,,,,,,已核准,,,,97.3.5府都新字第09700496200號,,,
自劃單元,臺北市中山區德惠段三小段196地號等29筆土地為更新單元,363,,,,中山區,,,,,,,,,2008/3/5,,,,2918.00,,,,,R097406,,121.52902443478261,25.067187217391304,,,,,,,,,,,,已核准,,,,97.3.5府都新字第09701134700號,,,
自劃單元,臺北市中山區民生東路二段以南、民生東路二段90巷以東、民生東路二段132巷以西、松江路194巷以北地區為更新單元(吉林段二小段81地號),362,,,,中山區,,,,,,,,,2008/3/26,,,,7415.00,,,,,R097407,,121.53135630666667,25.057420959999998,,,,,,,,,,,,已核准,,,,97.3.26府都新字第09701321000號,,,
自劃單元,臺北市中山區長安段三小段124地號等17筆土地為更新單元,360,,,,中山區,,,,,,,,,2008/7/2,,,,2323.00,,,,,R097408,,121.53620811111111,25.04896251851852,,,,,,,,,,,,已核准,,,,97.7.2府都新字第09703573100號,,,
自劃單元,臺北市中山區北安段一小段14-2地號等54筆土地為更新單元,359,,,,中山區,,,,,,,,,2008/8/22,,,,4254.00,,,,,R097409,,121.55604360638299,25.086700680851063,,,,,,,,,,,,已核准,,,,97.8.22府都新字第09705182800號,,,
自劃單元,臺北市中山區榮星段四小段268地號等35筆土地為更新單元,358,,,,中山區,,,,,,,,,2008/9/1,,,,4782.00,,,,,R097410,,121.54031816666667,25.064554966666666,,,,,,,,,,,,已核准,,,,97.9.1府都新字第09705317500號,,,
自劃單元,臺北市中山區中山段一小段254地號等13筆土地為更新單元,357,,,,中山區,,,,,,,,,2008/10/7,,,,1604.00,,,,,R097411,,121.52321979411765,25.06639938235294,,,,,,,,,,,,已核准,,,,97.10.7府都新字第09705525400號,,,
自劃單元,臺北市中山區中山段三小段773地號等18筆土地為更新單元,356,,,,中山區,,,,,,,,,2008/10/15,,,,2542.00,,,,,R097412,,121.52404276,25.05336592,,,,,,,,,,,,已核准,,,,97.10.15府都新字第09705526100號,,,
自劃單元,臺北市中山區中山段三小段795地號等11筆土地為更新單元,355,,,,中山區,,,,,,,,,2008/10/28,,,,2180.00,,,,,R097413,,121.5241532,25.05291065,,,,,,,,,,,,已核准,,,,97.10.28府都新字第0976063200號,,,
自劃單元,臺北市中山區中山段三小段57地號等7筆土地為更新單元,354,,,,中山區,,,,,,,,,2008/11/10,,,,1721.00,,,,,R097414,,121.52436173076923,25.059623730769232,,,,,,,,,,,,已核准,,,,97.11.10府都新字第09707197500號,,,
自劃單元,臺北市中山區榮星段二小段501地號等16筆土地為更新單元,353,,,,中山區,,,,,,,,,2008/11/10,,,,3794.00,,,,,R097415,,121.54196673913043,25.064528260869565,,,,,,,,,,,,已核准,,,,97.11.10府都新字第09707139200號,,,
自劃單元,臺北市中山區長春段一小段272地號等62筆土地為更新單元,352,,,,中山區,,,,,,,,,2008/11/19,,,,2291.00,,,,,R097416,,121.5410259032258,25.055884193548387,,,,,,,,,,,,已核准,,,,97.11.19府都新字第09707198200號,,,
自劃單元,臺北市中山區榮星段三小段347地號等2筆土地為更新單元,351,,,,中山區,,,,,,,,,2008/11/19,,,,2031.00,,,,,R097417,,121.54119128571429,25.059307357142856,,,,,,,,,,,,已核准,,,,97.11.19府都新字第09707197400號,,,
自劃單元,臺北市中山區長安段四小段525地號等12筆土地為更新單元,350,,,,中山區,,,,,,,,,2008/12/10,,,,2535.00,,,,,R097418,,121.5311273,25.0472859,,,,,,,,,,,,已核准,,,,97.12.10府都新字第09707416300號,,,
自劃單元,臺北市松山區美仁段二小段812地號等38筆土地為更新單元,649,,,,松山區,,,,,,,,,2008/3/7,,,,3297.00,,,,,R097501,,121.55300914285714,25.04897342857143,,,,,,,,,,,,已核准,,,,97.3.7府都新字第09700482400號,,,
自劃單元,變更臺北市松山區寶清段二小段353地號等22筆土地更新單元為同小段353-2地號等21筆土地更新單元,648,,,,松山區,,,,,,,,,2008/4/22,,,,3209.00,,,,,R097502,,121.56915481538462,25.05060306153846,,,,,,,,,,,,已核准,,,,97.4.23府都新字第09701277300號,,,
自劃單元,臺北市松山區美仁段二小段610-1地號等19筆土地為更新單元,645,,,,松山區,,,,,,,,,2008/8/27,,,,1169.00,,,,,R097504,,121.5542213,25.0512476,,,,,,,,,,,,已核准,,,,97.8.27府都新字第09705179100號,,,
自劃單元,臺北市松山區寶清段三小段364-1地號等26筆土地為更新單元,644,,,,松山區,,,,,,,,,2008/8/27,,,,2320.00,,,,,R097505,,121.56575166666667,25.053914433333333,,,,,,,,,,,,已核准,,,,97.8.27府都新字第09705179300號,,,
自劃單元,臺北市松山區敦化段二小段41地號等2筆土地為更新單元,643,,,,松山區,,,,,,,,,2008/10/8,,,,1729.00,,,,,R097506,,121.54840788235295,25.05037094117647,,,,,,,,,,,,已核准,,,,97.10.8府都新字第09705554200號,,,
自劃單元,臺北市松山區敦化段三小段507地號等30筆土地為更新單元,641,,,,松山區,,,,,,,,,2008/11/6,,,,2354.00,,,,,R097508,,121.54531245714286,25.046573614285712,,,,,,,,,,,,已核准,,,,97.11.6府都新字第09706063300號,,,
自劃單元,臺北市信義區祥和段二小段101地號等7筆土地為更新單元,729,,,,信義區,,,,,,,,,2008/1/18,,,,1089.00,,,,,R097601,,121.56319694117647,25.029914,,,,,,,,,,,,已核准,,,,97.1.18府都新字第0968512400號,,,
自劃單元,臺北市信義區信義段二小段35地號等26筆土地為更新單元,727,,,,信義區,,,,,,,,,2008/3/14,,,,3470.00,,,,,R097603,,121.57396794594594,25.038083135135135,,,,,,,,,,,,已核准,,,,97.3.14府都新字第09701134400號,,,
自劃單元,臺北市信義區三興段一小段1065地號等16筆土地為更新單元,726,,,,信義區,,,,,,,,,2008/3/14,,,,1851.00,,,,,R097604,,121.55848685,25.031827749999998,,,,,,,,,,,,已核准,,,,97.3.14府都新字第09701134600號,,,
自劃單元,臺北市信義區三興段一小段514地號等31筆土地為更新單元,725,,,,信義區,,,,,,,,,2008/3/14,,,,5340.00,,,,,R097605,,121.55895531428571,25.030400114285715,,,,,,,,,,,,已核准,,,,97.3.14府都新字第09701106500號,,,
自劃單元,臺北市信義區三興段二小段269地號等42筆土地及274-2地號等43筆土地為更新單元,724,,,,信義區,,,,,,,,,2008/4/23,,,,4902.00,,,,,R097606,,121.56197344444445,25.02836361111111,,,,,,,,,,,,已核准,,,,97.4.23府都新字第09701256300號,,,
自劃單元,臺北市信義區三興段一小段361地號等48筆土地為更新單元,723,,,,信義區,,,,,,,,,2008/4/23,,,,6649.00,,,,,R097607,,121.56033680701755,25.03052092982456,,,,,,,,,,,,已核准,,,,97.4.23府都新字第09701320900號,,,
自劃單元,臺北市信義區福德段二小段134地號等17筆土地為更新單元,722,,,,信義區,,,,,,,,,2008/5/21,,,,3979.00,,,,,R097608,,121.5820226,25.04040668,,,,,,,,,,,,已核准,,,,97.5.21府都新字第09702480400號,,,
自劃單元,變更臺北市大安區龍泉段一小段169地號等27筆土地為同小段169地號等26筆土地為更新單元,222,,,,大安區,,,,,,,,,2008/3/17,,,,4268.00,,,,,R097702,,121.53360092,25.02151142,,,,,,,,,,,,已核准,,,,98.7.31府都新字第09803367900號,,,
自劃單元,變更臺北市大安區瑞安段三小段224-1地號等20筆土地為同小段224-1地號等18筆土地更新單元,208,,,,大安區,,,,,,,,,2008/5/14,,,,1749.00,,,,,R097703,,121.5401346,25.0269806,,,,,,,,,,,,已核准,,,,99.1.8府都新字第09805228000號,,,
自劃單元,臺北市大安區復興段三小段55地號等22筆土地為更新單元,245,,,,大安區,,,,,,,,,2008/5/19,,,,3417.00,,,,,R097705,,121.54755718181818,25.036222090909092,,,,,,,,,,,,已核准,,,,97.5.19府都新字第09702159600號,,,
自劃單元,臺北市大安區通化段一小段812地號等6筆土地為更新單元,244,,,,大安區,,,,,,,,,2008/10/2,,,,1386.00,,,,,R097706,,121.55587066666666,25.03147476190476,,,,,,,,,,,,已核准,,,,97.10.2府都新字第09705525700號,,,
自劃單元,臺北市大安區辛亥段一小段161-5地號等10筆土地為更新單元,243,,,,大安區,,,,,,,,,2008/10/2,,,,1760.00,,,,,R097707,,121.55846012121212,25.017349060606062,,,,,,,,,,,,已核准,,,,97.10.2府都新字第09705553900號,,,
自劃單元,臺北市大安區龍泉段一小段423地號等24筆土地為更新單元,242,,,,大安區,,,,,,,,,2008/10/22,,,,3853.00,,,,,R097709,,121.533545,25.021147774193548,,,,,,,,,,,,已核准,,,,97.10.22府都新字第09705525500號,,,
自劃單元,臺北市大安區懷生段一小段121-4地號等18筆土地為更新單元,240,,,,大安區,,,,,,,,,2008/11/7,,,,911.00,,,,,R097711,,121.54312324,25.0420372,,,,,,,,,,,,已核准,,,,97.11.7府都新字第09707198000號,,,
自劃單元,臺北市大安區瑞安段一小段142地號等25筆土地為更新單元,239,,,,大安區,,,,,,,,,2008/12/24,,,,2304.00,,,,,R097712,,121.5390960909091,25.03303287878788,,,,,,,,,,,,已核准,,,,97.12.24府都新字第09707561400號,,,
自劃單元,臺北市文山區萬隆段一小段66地號等54筆土地為更新單元,540,,,,文山區,,,,,,,,,2008/3/27,,,,2248.00,,,,,R097802,,121.53696676271187,25.01001472881356,,,,,,,,,,,,已核准,,,,97.3.27府都新字第09701320700號,,,
自劃單元,臺北市文山區木柵段三小段124地號等37筆土地為更新單元,539,,,,文山區,,,,,,,,,2008/5/9,,,,4615.00,,,,,R097803,,121.56811078082191,24.987944643835615,,,,,,,,,,,,已核准,,,,97.5.9府都新字第09702159400號,,,
自劃單元,臺北市內湖區文德段三小段155地號等22筆土地為更新單元,496,,,,內湖區,,,,,,,,,2008/3/4,,,,2636.00,,,,,R097901,,121.58939737037036,25.07100387037037,,,,,,,,,,,,已核准,,,,97.3.4府都新字第09701134800號,,,
自劃單元,臺北市內湖區文德段一小段130地號等1筆土地為更新單元,495,,,,內湖區,,,,,,,,,2008/3/6,,,,4479.00,,,,,R097902,,121.58713821153846,25.079033980769232,,,,,,,,,,,,已核准,,,,97.3.6府都新字第09700496400號,,,
自劃單元,臺北市內湖區潭美段三小段889地號等4筆土地為更新單元,494,,,,內湖區,,,,,,,,,2008/7/30,,,,3202.00,,,,,R097903,,121.58314417142857,25.056022514285715,,,,,,,,,,,,已核准,,,,97.7.30府都新字第09703768700號,,,
自劃單元,臺北市內湖區文德段二小段232地號等4筆土地為更新單元,493,,,,內湖區,,,,,,,,,2008/10/1,,,,1643.00,,,,,R097904,,121.58199290909091,25.0780484,,,,,,,,,,,,已核准,,,,97.10.1府都新字第09705554000號,,,
自劃單元,臺北市內湖區康寧段三小段230地號等18筆土地及碧湖段二小段886地號等11筆土地共計29筆土地為更新單元,492,,,,內湖區,,,,,,,,,2009/2/13,,,,3424.00,,,,,R097905,,121.59304887654321,25.084456074074073,,,,,,,,,,,,已核准,,,,98.2.13府都新字第09800101800號,,,
自劃單元,臺北市士林區陽明段一小段18地號等13筆土地為更新單元,77,,,,士林區,,,,,,,,,2008/1/18,,,,1682.00,,,,,R097A01,,121.52660322727273,25.099219454545455,,,,,,,,,,,,已核准,,,,97.1.18府都新字第09608480300號,,,
自劃單元,臺北市士林區福林段三小段236地號等19筆土地為更新單元,76,,,,士林區,,,,,,,,,2008/6/11,,,,2031.00,,,,,R097A02,,121.52730396,25.09928784,,,,,,,,,,,,已核准,,,,97.6.11府都新字第09702162300號,,,
自劃單元,臺北市士林區福林段三小段217-3地號等17筆土地為更新單元,73,,,,士林區,,,,,,,,,2008/10/30,,,,2496.00,,,,,R097A05,,121.528102,25.099457583333333,,,,,,,,,,,,已核准,,,,97.10.30府都新字第09735258600號,,,
自劃單元,臺北市士林區芝山段一小段385地號等9筆土地為更新單元,72,,,,士林區,,,,,,,,,2008/11/27,,,,2116.00,,,,,R097A06,,121.53127271428572,25.10610407142857,,,,,,,,,,,,已核准,,,,97.11.27府都新字第09707138900號,,,
自劃單元,臺北市士林區三玉段四小段162地號等15筆土地為更新單元,71,,,,士林區,,,,,,,,,2008/12/10,,,,2399.00,,,,,R097A07,,121.52828321428571,25.110192404761904,,,,,,,,,,,,已核准,,,,97.12.10府都新字第09707421500號,,,
自劃單元,臺北市北投區開明段二小段4-5地號等43筆土地為更新單元,590,,,,北投區,,,,,,,,,2008/3/14,,,,3566.00,,,,,R097B02,,121.50249286516853,25.137755168539325,,,,,,,,,,,,已核准,,,,97.3.14府都新字第09701106600號,,,
自劃單元,臺北市北投區振興段一小段128地號等1筆土地為更新單元,588,,,,北投區,,,,,,,,,2008/9/10,,,,725.00,,,,,R097B05,,121.52258791666667,25.114790291666665,,,,,,,,,,,,已核准,,,,97.9.10府都新字第09705182700號,,,
自劃單元,臺北市萬華區漢中段二小段195地號等63筆土地為更新單元,801,,,,萬華區,,,,,,,,,2009/1/13,,,,2450.00,,,,,R098101,,121.505922,25.039896711864408,,,,,,,,,,,,已核准,,,,98.1.13府都新字第09707806900號,,,
自劃單元,臺北市萬華區萬華段一小段177地號等38筆土地為更新單元,800,,,,萬華區,,,,,,,,,2009/1/13,,,,1675.00,,,,,R098102,,121.50543013043479,25.037099891304347,,,,,,,,,,,,已核准,,,,98.1.13府都新字第09707845000號,,,
自劃單元,臺北市萬華區莒光段三小段155地號等7筆土地為更新單元,799,,,,萬華區,,,,,,,,,2009/10/20,,,,1691.00,,,,,R098103,,121.49906922222222,25.032505592592592,,,,,,,,,,,,已核准,,,,98.10.20府都新字第09804329500號,,,
自劃單元,臺北市中正區福和段二小段361-4地號等15筆土地為更新單元,442,,,,中正區,,,,,,,,,2009/1/8,,,,1415.00,,,,,R098201,,121.5338635,25.014602357142856,,,,,,,,,,,,已核准,,,,98.1.8府都新字第09707806500號,,,
自劃單元,臺北市中正區中正段一小段101地號等12筆土地為更新單元,441,,,,中正區,,,,,,,,,2009/2/10,,,,2310.00,,,,,R098202,,121.52590403846153,25.03940619230769,,,,,,,,,,,,已核准,,,,98.2.10府都新字第09800097700號,,,
自劃單元,臺北市中正區臨沂段一小段495-2地號等10筆土地為更新單元,440,,,,中正區,,,,,,,,,2009/2/10,,,,745.00,,,,,R098203,,121.527829,25.04232652631579,,,,,,,,,,,,已核准,,,,98.2.10府都新字第09800127100號,,,
自劃單元,臺北市中正區福和段一小段358地號等11筆土地為更新單元,439,,,,中正區,,,,,,,,,2009/2/27,,,,1016.00,,,,,R098204,,121.52942065217391,25.018975304347826,,,,,,,,,,,,已核准,,,,98.2.27府都新字第09800325300號,,,
自劃單元,臺北市中正區福和段一小段506地號等41筆土地為更新單元,438,,,,中正區,,,,,,,,,2009/4/10,,,,3614.00,,,,,R098205,,121.53002828205128,25.018429846153847,,,,,,,,,,,,已核准,,,,98.4.10府都新字第09800767000號,,,
自劃單元,臺北市中正區臨沂段四小段378地號等12筆土地為更新單元,437,,,,中正區,,,,,,,,,2009/4/10,,,,875.00,,,,,R098206,,121.52802957142858,25.035979047619048,,,,,,,,,,,,已核准,,,,98.4.10府都新字第09800802600號,,,
自劃單元,臺北市中正區南海段二小段92地號等42筆土地為更新單元,436,,,,中正區,,,,,,,,,2009/4/10,,,,1492.00,,,,,R098207,,121.52119833333333,25.0278848,,,,,,,,,,,,已核准,,,,98.4.10府都新字第09800802400號,,,
自劃單元,臺北市中正區南海段三小段448地號等45筆土地為更新單元,435,,,,中正區,,,,,,,,,2009/4/10,,,,3236.00,,,,,R098208,,121.51915153571429,25.029460464285716,,,,,,,,,,,,已核准,,,,98.4.10府都新字第09800802500號,,,
自劃單元,臺北市中正區南海段二小段41-2地號等44筆土地為更新單元,434,,,,中正區,,,,,,,,,2009/4/29,,,,2003.00,,,,,R098209,,121.52097430769231,25.028235615384617,,,,,,,,,,,,已核准,,,,98.4.29府都新字第09802118800號,,,
自劃單元,臺北市中正區中正段二小段279地號等17筆土地為更新單元,431,,,,中正區,,,,,,,,,2009/7/10,,,,1604.00,,,,,R098210,,121.52719270833333,25.035780666666668,,,,,,,,,,,,已核准,,,,98.7.10府都新字第09802847100號,,,
自劃單元,臺北市中正區福和段一小段558地號等8筆土地為更新單元,432,,,,中正區,,,,,,,,,2009/7/10,,,,1800.00,,,,,R098211,,121.53023857692308,25.017428384615386,,,,,,,,,,,,已核准,,,,98.7.10府都新字第09802847200號,,,
自劃單元,臺北市中正區城中段三小段82地號等35筆土地為更新單元,430,,,,中正區,,,,,,,,,2009/8/12,,,,3394.00,,,,,R098212,,121.50803428571429,25.037959095238094,,,,,,,,,,,,已核准,,,,98.8.12府都新字第09803367500號,,,
自劃單元,臺北市中正區公園段二小段154地號等34筆土地為更新單元,429,,,,中正區,,,,,,,,,2009/8/12,,,,6184.00,,,,,R098214,,121.51564175609757,25.044972170731707,,,,,,,,,,,,已核准,,,,98.8.12府都新字第09803367400號,,,
自劃單元,臺北市中正區河堤段六小段10地號等25筆土地為更新單元,427,,,,中正區,,,,,,,,,2009/9/4,,,,1237.00,,,,,R098216,,121.51999453846155,25.023058653846153,,,,,,,,,,,,已核准,,,,98.9.4府都新字第09803843200號,,,
自劃單元,臺北市中正區中正段二小段220地號等8筆土地為更新單元,428,,,,中正區,,,,,,,,,2009/9/4,,,,1153.00,,,,,R098215,,121.5252245263158,25.037300789473683,,,,,,,,,,,,已核准,,,,98.9.4府都新字第09803813300號,,,
自劃單元,臺北市中正區河堤段三小段329-3地號等35筆土地為更新單元,433,,,,中正區,,,,,,,,,2009/6/1,,,,3941.00,,,,,R098217,,121.52093402083334,25.022593541666666,,,,,,,,,,,,已核准,,,,98.6.1府都新字第09802522200號,,,
自劃單元,臺北市中正區永昌段四小段44地號等24筆土地為更新單元,424,,,,中正區,,,,,,,,,2009/12/30,,,,1495.00,,,,,R098218,,121.51026517142857,25.02892197142857,,,,,,,,,,,,已核准,,,,98.12.30府都新字第09805205900號,,,
自劃單元,臺北市中正區永昌段一小段232地號等19筆土地為更新單元,425,,,,中正區,,,,,,,,,2009/11/12,,,,1469.00,,,,,R098219,,121.51614568181819,25.025425090909092,,,,,,,,,,,,已核准,,,,98.11.12府都新字第09804694500號,,,
自劃單元,臺北市大同區迪化段一小段433地號等30筆土地為更新單元,110,,,,大同區,,,,,,,,,2009/3/5,,,,4281.00,,,,,R098301,,121.5132175909091,25.05450075,,,,,,,,,,,,已核准,,,,98.3.5府都新字第09800324900號,,,
自劃單元,臺北市大同區玉泉段二小段91地號等36筆土地為更新單元,109,,,,大同區,,,,,,,,,2009/8/19,,,,2957.00,,,,,R098302,,121.51149060526316,25.053022710526317,,,,,,,,,,,,已核准,,,,98.08.19府都新字第09803368000號,,,
自劃單元,臺北市大同區雙連段一小段607地號等26筆土地為更新單元,108,,,,大同區,,,,,,,,,2009/9/3,,,,999.00,,,,,R098303,,121.51849377272727,25.057913318181818,,,,,,,,,,,,已核准,,,,98.9.3府都新字第09803813200號,,,
自劃單元,臺北市大同區延平段三小段749地號等27筆土地為更新單元,107,,,,大同區,,,,,,,,,2009/10/23,,,,1776.00,,,,,R098304,,121.50858954285714,25.05719177142857,,,,,,,,,,,,已核准,,,,98.10.23府都新字第09836810400號,,,
自劃單元,臺北市中山區正義段一小段842地號等5筆土地為更新單元,349,,,,中山區,,,,,,,,,2009/1/7,,,,671.00,,,,,R098401,,121.53147147619048,25.04617861904762,,,,,,,,,,,,已核准,,,,97.1.7府都新字第09707844600號,,,
自劃單元,臺北市中山區吉林段五小段220地號等6筆土地為更新單元,348,,,,中山區,,,,,,,,,2009/1/7,,,,1113.00,,,,,R098402,,121.52789753846153,25.052878923076925,,,,,,,,,,,,已核准,,,,98.1.7府都新字第09707806800號,,,
自劃單元,臺北市中山區中山段三小段393地號等6筆土地為更新單元,347,,,,中山區,,,,,,,,,2009/2/6,,,,832.00,,,,,R098403,,121.52447086666666,25.0564792,,,,,,,,,,,,已核准,,,,98.2.6府都新字第09800098100號,,,
自劃單元,臺北市中山區吉林段四小段63-1地號等23筆土地為更新單元,346,,,,中山區,,,,,,,,,2009/3/4,,,,1887.00,,,,,R098404,,121.52975172727272,25.056991909090907,,,,,,,,,,,,已核准,,,,98.3.4府都新字第09800325400號,,,
自劃單元,臺北市中山區吉林段三小段1021地號等13筆土地為更新單元,345,,,,中山區,,,,,,,,,2009/3/4,,,,1208.00,,,,,R098405,,121.52663618181818,25.058322727272728,,,,,,,,,,,,已核准,,,,98.3.4府都新字第09800303900號,,,
自劃單元,臺北市中山區吉林段五小段247地號等8筆土地為更新單元,344,,,,中山區,,,,,,,,,2009/5/7,,,,2340.00,,,,,R098406,,121.528433,25.052429277777776,,,,,,,,,,,,已核准,,,,98.5.7府都新字第09802118700號,,,
自劃單元,臺北市中山區吉林段三小段554-1地號等15筆土地為更新單元,342,,,,中山區,,,,,,,,,2009/5/7,,,,1383.00,,,,,R098408,,121.5299056,25.059200666666666,,,,,,,,,,,,已核准,,,,98.5.7府都新字第09802249300號,,,
自劃單元,臺北市中山區中山區正義段三小段354地號等18筆土地為更新單元,338,,,,中山區,,,,,,,,,2009/9/4,,,,1220.00,,,,,R098411,,121.52259374074075,25.05112111111111,,,,,,,,,,,,已核准,,,,98.9.4府都新字第09803813100號,,,
自劃單元,臺北市中山區長安段四小段3地號等8筆土地為更新單元,337,,,,中山區,,,,,,,,,2009/9/24,,,,828.00,,,,,R098412,,121.53609506666666,25.0481252,,,,,,,,,,,,已核准,,,,98.9.24府都新字第09803793100號,,,
自劃單元,變更臺北市中山區正義段三小段419地號等9筆土地為同小段418地號等10筆土地為更新單元,293,,,,中山區,,,,,,,,,2013/1/28,,,,1219.00,,,,,丹棠天津五條通,,121.52281770967741,25.050043032258063,,,,,,,,,,,,已核准,,,,102.1.28府都新字第10132566900號,,,
自劃單元,臺北市中山區吉林段二小段856地號等14筆土地為更新單元,335,,,,中山區,,,,,,,,,2009/10/23,,,,1515.00,,,,,R098414,,121.53187538888889,25.053462444444445,,,,,,,,,,,,已核准,,,,98.10.23府都新字第09804304100號,,,
自劃單元,臺北市中山區正義段三小段630地號等12筆土地為更新單元,331,,,,中山區,,,,,,,,,2009/10/23,,,,1756.00,,,,,R098416,,121.52239081818182,25.04889070909091,,,,,,,,,,,,已核准,,,,98.10.23府都新字第09804329300號,,,
自劃單元,臺北市中山區長春段一小段219-5地號等23筆土地為更新單元,334,,,,中山區,,,,,,,,,2009/10/23,,,,1951.00,,,,,R098417,,121.54293825925926,25.05485485185185,,,,,,,,,,,,已核准,,,,98.10.23府都新字第09804397900號,,,
自劃單元,臺北市中山區中山段一小段729地號等30筆土地為更新單元,332,,,,中山區,,,,,,,,,2009/10/23,,,,2888.00,,,,,R098418,,121.52482170833333,25.062125916666666,,,,,,,,,,,,已核准,,,,98.10.23府都新字第09804400100號,,,
自劃單元,臺北市中山區中山段一小段446地號等14筆土地為更新單元,330,,,,中山區,,,,,,,,,2009/11/12,,,,1945.00,,,,,R098419,,121.52508644,25.06397648,,,,,,,,,,,,已核准,,,,98.11.12府都新字第09804692200號,,,
自劃單元,臺北市中山區正義段一小段260地號等11筆土地為更新單元,329,,,,中山區,,,,,,,,,2009/12/24,,,,1909.00,,,,,R098420,,121.52682233333333,25.048864238095238,,,,,,,,,,,,已核准,,,,98.12.24府都新字第09804684200號,,,
自劃單元,臺北市中山區長春段三小段245地號等16筆土地為更新單元,328,,,,中山區,,,,,,,,,2009/12/25,,,,1409.00,,,,,R098421,,121.53385486363636,25.054162863636364,,,,,,,,,,,,已核准,,,,98.12.25府都新字第09804679500號,,,
自劃單元,臺北市松山區民生段141地號等36筆土地為更新單元,639,,,,松山區,,,,,,,,,2009/1/21,,,,8832.00,,,,,R098502,,121.55200349056604,25.057735150943397,,,,,,,,,,,,已核准,,,,98.1.21府都新字第09800114700號,,,
自劃單元,臺北市松山區延吉段一小段126地號等29筆土地為更新單元,636,,,,松山區,,,,,,,,,2009/5/6,,,,5253.00,,,,,R098504,,121.55709538709678,25.046342774193548,,,,,,,,,,,,已核准,,,,98.5.7府都新字第09802118900號,,,
自劃單元,臺北市松山區敦化段二小段17地號等8筆土地為更新單元,633,,,,松山區,,,,,,,,,2009/8/10,,,,1298.00,,,,,R098507,,121.5477395,25.0508219375,,,,,,,,,,,,已核准,,,,98.8.10府都新字第09803367300號,,,
自劃單元,臺北市松山區民生段137地號等5筆土地為更新單元,632,,,,松山區,,,,,,,,,2009/10/23,,,,3189.00,,,,,R098508,,121.55071579166666,25.0586135625,,,,,,,,,,,,已核准,,,,98.10.23府都新字第09804329400號,,,
自劃單元,臺北市信義區信義段二小段61地號等14筆土地為更新單元,716,,,,信義區,,,,,,,,,2009/1/22,,,,1464.00,,,,,R098602,,121.57444525,25.037615642857144,,,,,,,,,,,,已核准,,,,98.1.22府都新字第09707981000號,,,
自劃單元,臺北市信義區信義段一小段102地號等48筆土地為更新單元,714,,,,信義區,,,,,,,,,2009/2/18,,,,5771.00,,,,,R098604,,121.5761713125,25.040501541666668,,,,,,,,,,,,已核准,,,,98.2.18府都新字第09800101700號,,,
自劃單元,臺北市信義區永吉段一小段497地號等71筆土地為更新單元,713,,,,信義區,,,,,,,,,2009/5/8,,,,5752.00,,,,,R098605,,121.5784114074074,25.04151761111111,,,,,,,,,,,,已核准,,,,98.5.8府都新字第09800885200號,,,
自劃單元,臺北市信義區雅祥段一小段458地號等28筆土地為更新單元,711,,,,信義區,,,,,,,,,2009/5/8,,,,3439.00,,,,,R098607,,121.5685954117647,25.047403117647058,,,,,,,,,,,,已核准,,,,98.5.8府都新字第09802119000號,,,
自劃單元,臺北市信義區三興段三小段563-5地號等15筆土地為更新單元,710,,,,信義區,,,,,,,,,2009/6/15,,,,983.00,,,,,R098608,,121.55373985714286,25.024583035714286,,,,,,,,,,,,已核准,,,,98.6.15府都新字第09802561600號,,,
自劃單元,臺北市信義區永吉段一小段221地號等15筆土地為更新單元,709,,,,信義區,,,,,,,,,2009/6/15,,,,1520.00,,,,,R098609,,121.58030577272727,25.042758136363638,,,,,,,,,,,,已核准,,,,98.6.15府都新字第09802501900號,,,
自劃單元,臺北市信義區雅祥段一小段125地號等29筆土地為更新單元,707,,,,信義區,,,,,,,,,2009/7/10,,,,2918.00,,,,,R098610,,121.57067684375,25.04726009375,,,,,,,,,,,,已核准,,,,98.7.10府都新字第09802880900號,,,
自劃單元,臺北市信義區福德段三小段33地號等12筆土地為更新單元,705,,,,信義區,,,,,,,,,2009/8/28,,,,1134.00,,,,,R098612,,121.5795406521739,25.041370217391304,,,,,,,,,,,,已核准,,,,98.9.4府都新字第09831005600號,,,
自劃單元,臺北市信義區吳興段一小段403地號等32筆土地為更新單元,706,,,,信義區,,,,,,,,,2009/8/28,,,,6284.00,,,,,R098613,,121.5647868,25.025492070588236,,,,,,,,,,,,已核准,,,,98.8.28府都新字第09803435300號,,,
自劃單元,臺北市信義區三興段一小段458地號等21筆土地為更新單元,704,,,,信義區,,,,,,,,,2009/10/8,,,,1170.00,,,,,R098614,,121.55918143902439,25.029996121951218,,,,,,,,,,,,已核准,,,,98.10.8府都新字第09803793300號,,,
自劃單元,臺北市信義區祥和段三小段486-4地號等2筆土地及祥和段四小段78地號等9筆土地為更新單元,703,,,,信義區,,,,,,,,,2009/11/27,,,,3404.00,,,,,R098615,,121.57192733333333,25.023947925925924,,,,,,,,,,,,已核准,,,,98.11.27府都新字第09804694300號,,,
自劃單元,臺北市大安區復興段三小段168-1地號等20筆土地為更新單元,237,,,,大安區,,,,,,,,,2009/1/7,,,,1314.00,,,,,R098701,,121.54420480769231,25.03712073076923,,,,,,,,,,,,已核准,,,,98.1.7府都新字第09707844900號,,,
自劃單元,臺北市大安區辛亥段一小段163地號等5筆土地為更新單元,236,,,,大安區,,,,,,,,,2009/1/20,,,,1397.00,,,,,R098702,,121.55968655263158,25.017395763157896,,,,,,,,,,,,已核准,,,,98.1.20府都新字第09707981200號,,,
自劃單元,臺北市大安區大安段三小段663地號等3筆土地為更新單元,234,,,,大安區,,,,,,,,,2009/2/23,,,,1002.00,,,,,R098704,,121.54385628571428,25.026354642857143,,,,,,,,,,,,已核准,,,,98.2.23府都新字第09800098200號,,,
自劃單元,臺北市大安區學府段二小段485地號等33筆土地為更新單元,233,,,,大安區,,,,,,,,,2009/3/4,,,,3197.00,,,,,R098705,,121.54233992857142,25.021806547619047,,,,,,,,,,,,已核准,,,,98.3.4府都新字第09830625200號,,,
自劃單元,臺北市大安區瑞安段二小段703地號等18筆土地為更新單元,231,,,,大安區,,,,,,,,,2009/3/27,,,,2427.00,,,,,R098707,,121.54299615151515,25.02696103030303,,,,,,,,,,,,已核准,,,,98.3.27府都新字第09800766500號,,,
自劃單元,臺北市大安區通化段二小段1047地號等17筆為更新單元,230,,,,大安區,,,,,,,,,2009/3/30,,,,3587.00,,,,,R098708,,121.55426003703704,25.028185851851852,,,,,,,,,,,,已核准,,,,98.3.30府都新字第09800766800號,,,
自劃單元,臺北市大安區大安段二小段77地號等8筆土地為更新單元,229,,,,大安區,,,,,,,,,2009/4/10,,,,1569.00,,,,,R098709,,121.5476927,25.0284431,,,,,,,,,,,,已核准,,,,98.4.10府都新字第09800885100號,,,
自劃單元,臺北市大安區大安段二小段225地號等20筆土地為更新單元,171,,,,大安區,,,,,,,,,2011/9/16,,,,2876.00,,,,,R100708,,121.5455123548387,25.028979387096776,,,,,,,,,,,,已核准,,,,100.9.16府都新字第10002508600號,,,
自劃單元,臺北市大安區龍泉段三小段532-1地號等53筆土地為更新單元,228,,,,大安區,,,,,,,,,2009/4/10,,,,2306.00,,,,,R098710,,121.52692792592592,25.022340925925924,,,,,,,,,,,,已核准,,,,98.4.10府都新字第09800885000號,,,
自劃單元,臺北市大安區龍泉段一小段550地號等22筆土地為更新單元,227,,,,大安區,,,,,,,,,2009/4/11,,,,1327.00,,,,,R098711,,121.53346110344827,25.01941355172414,,,,,,,,,,,,已核准,,,,98.4.10府都新字第09800884900號,,,
自劃單元,臺北市大安區龍泉段三小段467地號等25筆土地為更新單元,225,,,,大安區,,,,,,,,,2009/6/5,,,,3460.00,,,,,R098713,,121.52757621428572,25.02396607142857,,,,,,,,,,,,已核准,,,,98.6.5府都新字第09802630100號,,,
自劃單元,臺北市大安區龍泉段一小段217-6地號等16筆土地為更新單元,224,,,,大安區,,,,,,,,,2009/6/12,,,,3080.00,,,,,R098714,,121.53280733333334,25.022956030303032,,,,,,,,,,,,已核准,,,,98.6.12府都新字第09802847500號,,,
自劃單元,臺北市大安區瑞安段二小段452地號等12筆土地為更新單元,221,,,,大安區,,,,,,,,,2009/7/31,,,,2934.00,,,,,R098716,,121.54295308333333,25.02954025,,,,,,,,,,,,已核准,,,,98.7.31府都新字第09803367700號,,,
自劃單元,臺北市大安區大安段一小段125地號等27筆土地為更新單元,220,,,,大安區,,,,,,,,,2009/8/13,,,,2930.00,,,,,R098717,,121.54750777142857,25.031614171428572,,,,,,,,,,,,已核准,,,,98.8.13府都新字第09803367200號,,,
自劃單元,臺北市大安區龍泉段三小段61-1地號等31筆土地為更新單元,219,,,,大安區,,,,,,,,,2009/9/2,,,,2300.00,,,,,R098718,,121.52369471794871,25.02653612820513,,,,,,,,,,,,已核准,,,,98.9.2府都新字第09803843400號,,,
自劃單元,臺北市大安區懷生段四小段137地號等24筆土地為更新單元,218,,,,大安區,,,,,,,,,2009/9/2,,,,5614.00,,,,,R098719,,121.53665519512195,25.035524390243904,,,,,,,,,,,,已核准,,,,98.9.2府都新字第09803794100號,,,
自劃單元,臺北市大安區學府段二小段159-2地號等21筆土地為更新單元,217,,,,大安區,,,,,,,,,2009/10/13,,,,2622.00,,,,,R098720,,121.54307577142858,25.023092257142856,,,,,,,,,,,,已核准,,,,98.10.13府都新字第09804304000號,,,
自劃單元,臺北市大安區仁愛段三小段684地號等3筆土地為更新單元,216,,,,大安區,,,,,,,,,2009/10/13,,,,1275.00,,,,,R098721,,121.55288643749999,25.0335728125,,,,,,,,,,,,已核准,,,,98.10.13府都新字第09804329600號,,,
自劃單元,臺北市大安區學府段一小段591-1地號等4筆土地為更新單元,215,,,,大安區,,,,,,,,,2009/11/3,,,,2263.00,,,,,R098722,,121.54372633333334,25.023201444444446,,,,,,,,,,,,已核准,,,,98.11.3府都新字第09831345000號,,,
自劃單元,臺北市大安區仁愛段六小段534地號等39筆土地為更新單元,213,,,,大安區,,,,,,,,,2009/11/5,,,,1712.00,,,,,R098723,,121.54943373913044,25.04334056521739,,,,,,,,,,,,已核准,,,,98.11.5府都新字第09804679600號,,,
自劃單元,臺北市大安區龍泉段一小段206地號等5筆土地為更新單元,214,,,,大安區,,,,,,,,,2009/11/5,,,,1555.00,,,,,R098724,,121.53292205,25.02334795,,,,,,,,,,,,已核准,,,,98.11.5府都新字第09804694200號,,,
自劃單元,臺北市大安區金華段一小段125地號等11筆土地為更新單元,211,,,,大安區,,,,,,,,,2009/11/13,,,,1122.00,,,,,R098725,,121.53049516,25.03332696,,,,,,,,,,,,已核准,,,,98.11.13府都新字第09804663500號,,,
自劃單元,臺北市大安區復興段三小段87地號等11筆土地為更新單元,209,,,,大安區,,,,,,,,,2009/11/13,,,,1311.00,,,,,R098726,,121.54665082352942,25.03618305882353,,,,,,,,,,,,已核准,,,,98.11.13府都新字第09804663700號,,,
自劃單元,臺北市大安區金華段四小段275地號等7筆土地為更新單元,210,,,,大安區,,,,,,,,,2009/11/13,,,,996.00,,,,,R098727,,121.5221421,25.0289442,,,,,,,,,,,,已核准,,,,98.11.13府都新字第09804663900號,,,
自劃單元,臺北市大安區龍泉段一小段825地號等6筆土地為更新單元,212,,,,大安區,,,,,,,,,2009/11/13,,,,1116.00,,,,,R098728,,121.5313569,25.0182083,,,,,,,,,,,,已核准,,,,98.11.13府都新字第09804684300號,,,
自劃單元,臺北市文山區木柵段一小段912地號等29筆土地為更新單元,531,,,,文山區,,,,,,,,,2009/11/18,,,,2330.00,,,,,R098806,,121.56510899999999,24.989454235955055,,,,,,,,,,,,已核准,,,,98.11.18府都新字第09804679700號,,,
自劃單元,臺北市文山區華興段二小段645地號等7筆土地為更新單元,528,,,,文山區,,,,,,,,,2010/8/6,,,,1092.00,,,,,R098808,,121.55147192857143,24.98789767857143,,,,,,,,,,,,已核准,,,,99.8.6府都新字第09902259300號,,,
自劃單元,臺北市文山區萬慶段二小段579地號等45筆土地為更新單元,525,,,,文山區,,,,,,,,,2010/10/25,,,,5471.00,,,,,R098811,,121.537725725,24.9942646375,,,,,,,,,,,,已核准,,,,99.10.25府都新字第09903332500號,,,
自劃單元,臺北市文山區興安段一小段42地號等47筆土地為更新單元,529,,,,文山區,,,,,,,,,2009/12/30,,,,4013.00,,,,,R098812,,121.55766254098361,24.998638885245903,,,,,,,,,,,,已核准,,,,98.12.30府都新字第09805230800號,,,
自劃單元,臺北市內湖區潭美段四小段206地號等14筆土地為更新單元,491,,,,內湖區,,,,,,,,,2009/5/21,,,,1043.00,,,,,R098902,,121.58016328846153,25.054574653846153,,,,,,,,,,,,已核准,,,,98.5.21府都新字第09800802700號,,,
自劃單元,臺北市內湖區西湖段一小段683-1地號等68筆土地為更新單元,490,,,,內湖區,,,,,,,,,2009/12/30,,,,5298.00,,,,,R098903,,121.56881209433962,25.08280983018868,,,,,,,,,,,,已核准,,,,98.12.30府都新字第09805228100號,,,
自劃單元,臺北市士林區蘭雅段一小段530地號等25筆土地為更新單元,70,,,,士林區,,,,,,,,,2009/1/9,,,,2613.00,,,,,R098A01,,121.52332686666666,25.107350755555554,,,,,,,,,,,,已核准,,,,98.01.09府都新字第09707807000號,,,
自劃單元,臺北市士林區蘭雅段一小段562地號等13筆土地為更新單元,39,,,,士林區,,,,,,,,,2009/1/9,,,,3376.00,,,,,R098A01,,121.52402944444445,25.107185253968254,,,,,,,,,,,,已核准,,,,100.11.15府都新字第10003538400號,,,
自劃單元,臺北市士林區福林段三小段69-1地號等27筆土地為更新單元,69,,,,士林區,,,,,,,,,2009/1/9,,,,7409.00,,,,,R098A02,,121.53207044736843,25.099003342105263,,,,,,,,,,,,已核准,,,,98.1.9府都新字第09707981100號,,,
自劃單元,臺北市士林區芝山段二小段19地號等21筆土地為更新單元,68,,,,士林區,,,,,,,,,2009/4/8,,,,4615.00,,,,,R098A03,,121.529383,25.10756139473684,,,,,,,,,,,,已核准,,,,98.4.8府都新字第09800767100號,,,
自劃單元,臺北市士林區陽明段一小段445地號等42筆土地為更新單元,1062,,,,士林區,,,,,,,,,2009/6/8,,,,4091.00,,,,,R098A04,,121.52636349397591,25.097988662650604,,,,,,,,,,,,已核准,,,,98.6.8府都新字第09802118000號,,,
自劃單元,臺北市士林區三玉段五小段11地號等12筆土地為更新單元,66,,,,士林區,,,,,,,,,2009/7/10,,,,2460.00,,,,,R098A05,,121.52945255813954,25.109077720930234,,,,,,,,,,,,已核准,,,,98.7.10府都新字第09802865900號,,,
自劃單元,臺北市士林區福順段一小段214地號等4筆土地為更新單元,64,,,,士林區,,,,,,,,,2009/10/8,,,,1356.00,,,,,R098A07,,121.51171903703704,25.085566333333333,,,,,,,,,,,,已核准,,,,98.10.8府都新字第09803940300號,,,
自劃單元,臺北市士林區三玉段二小段434地號等31筆土地為更新單元,65,,,,士林區,,,,,,,,,2009/11/16,,,,3704.00,,,,,R098A08,,121.53119270769231,25.114770123076923,,,,,,,,,,,,已核准,,,,98.11.16府都新字第09804587400號,,,
自劃單元,臺北市北投區振興段三小段707地號等57筆土地為更新單元,583,,,,北投區,,,,,,,,,2009/2/5,,,,3888.00,,,,,R098B01,,121.5183702735849,25.11133741509434,,,,,,,,,,,,已核准,,,,98.2.5府都新字第09707980900號,,,
自劃單元,臺北市北投區開明段二小段362地號等18筆土地為更新單元,587,,,,北投區,,,,,,,,,2009/3/4,,,,1557.00,,,,,R098B02,,121.500686275,25.13731705,,,,,,,,,,,,已核准,,,,98.3.4府都新字第09800325000號,,,
自劃單元,臺北市北投區大業段三小段762地號等31筆土地為更新單元,586,,,,北投區,,,,,,,,,2009/4/29,,,,4758.00,,,,,R098B03,,121.4969982111111,25.130704255555557,,,,,,,,,,,,已核准,,,,98.4.29府都新字第09802118200號,,,
自劃單元,臺北市北投區大業段一小段401地號等10筆土地為更新單元,585,,,,北投區,,,,,,,,,2009/5/6,,,,1298.00,,,,,R098B04,,121.50009254545455,25.13467624242424,,,,,,,,,,,,已核准,,,,98.5.6府都新字第09802118300號,,,
自劃單元,臺北市南港區南港段四小段332-5地號等9筆土地為更新單元,754,,,,南港區,,,,,,,,,2010/2/10,,,,1265.00,,,,,R099001,,121.60093637837838,25.054420054054056,,,,,,,,,,,,已核准,,,,99.2.10府都新字第09900058600號,,,
自劃單元,臺北市南港區南港段一小段947-3地號等50筆土地為更新單元,751,,,,南港區,,,,,,,,,2010/4/15,,,,21343.00,,,,,R099002,,121.6077315839416,25.05892475182482,,,,,,,,,,,,已核准,,,,99.4.15府都新字第09900754200號,,,
自劃單元,臺北市南港區南港段四小段349地號等29筆土地為更新單元,750,,,,南港區,,,,,,,,,2010/4/26,,,,2097.00,,,,,R099003,,121.59918716666667,25.053842,,,,,,,,,,,,已核准,,,,99.4.26府都新字第09901052700號,,,
自劃單元,劃定臺北市萬華區莒光段四小段988-1地號等59筆土地為更新單元,1061,,,,萬華區,,,,,,,,,2010/4/14,,,,3846.00,,,,,R099102,,121.4933918909091,25.029876745454544,,,,,,,,,,,,已核准,,,,99.4.14府都新字第09900723300號,,,
自劃單元,臺北市萬華區華江段三小段586-4地號等15筆土地為更新單元,797,,,,萬華區,,,,,,,,,2010/4/14,,,,3571.00,,,,,R099103,,121.49236103030303,25.03197596969697,,,,,,,,,,,,已核准,,,,99.4.14府都新字第09900754800號,,,
自劃單元,臺北市萬華區福星段四小段13地號等49筆土地為更新單元,796,,,,萬華區,,,,,,,,,2010/5/26,,,,3707.00,,,,,R099105,,121.50454858,25.04503488,,,,,,,,,,,,已核准,,,,99.5.26府都新字第09901064500號,,,
自劃單元,臺北市萬華區龍山段二小段342地號等32筆土地為更新單元,795,,,,萬華區,,,,,,,,,2010/5/26,,,,2158.00,,,,,R099106,,121.49718025714286,25.035605714285715,,,,,,,,,,,,已核准,,,,99.5.26府都新字第09901089400號,,,
自劃單元,臺北市萬華區華江段二小段357地號等31筆土地為更新單元,794,,,,萬華區,,,,,,,,,2010/5/26,,,,4685.00,,,,,R099107,,121.48931990697675,25.032711813953487,,,,,,,,,,,,已核准,,,,99.5.26府都新字第09901064400號,,,
自劃單元,臺北市萬華區龍山段一小段658地號等65筆土地為更新單元,793,,,,萬華區,,,,,,,,,2010/6/23,,,,1898.00,,,,,R099108,,121.49722363076923,25.038102430769232,,,,,,,,,,,,已核准,,,,99.6.23府都新字第09901457900號,,,
自劃單元,臺北市萬華區龍山段一小段335-1地號18筆土地為更新單元,792,,,,萬華區,,,,,,,,,2010/7/22,,,,1407.00,,,,,R099109,,121.49864666666667,25.038202966666667,,,,,,,,,,,,已核准,,,,99.7.22府都新字第09901842100號,,,
自劃單元,臺北市萬華區龍山段二小段390地號等11筆土地為更新單元,791,,,,萬華區,,,,,,,,,2010/8/6,,,,933.00,,,,,R099110,,121.49739195454545,25.035930363636364,,,,,,,,,,,,已核准,,,,99.8.6府都新字第09902313200號,,,
自劃單元,臺北市萬華區直興段一小段35地號等20筆土地為更新單元,790,,,,萬華區,,,,,,,,,2010/8/6,,,,1745.00,,,,,R099111,,121.5017218125,25.0433950625,,,,,,,,,,,,已核准,,,,99.8.6府都新字第09902313900號,,,
自劃單元,臺北市萬華區萬華段二小段805地號等52筆土地為更新單元,789,,,,萬華區,,,,,,,,,2010/8/12,,,,4056.00,,,,,R099112,,121.50066323076923,25.034842365384616,,,,,,,,,,,,已核准,,,,99.8.12府都新字第09902313700號,,,
自劃單元,臺北市萬華區華江段二小段147-1地號等47筆土地為更新單元,788,,,,萬華區,,,,,,,,,2010/8/12,,,,4552.00,,,,,R099113,,121.49273107692308,25.03456376923077,,,,,,,,,,,,已核准,,,,99.8.12府都新字第09902313500號,,,
自劃單元,臺北市萬華區福星段二小段602地號等17筆土地為更新單元,786,,,,萬華區,,,,,,,,,2010/10/27,,,,1029.00,,,,,R099114,,121.50465295652174,25.045953304347826,,,,,,,,,,,,已核准,,,,99.10.27府都新字第09903332400號,,,
自劃單元,臺北市萬華區漢中段一小段41地號等29筆土地為更新單元,785,,,,萬華區,,,,,,,,,2010/11/26,,,,1603.00,,,,,R099115,,121.50728083870968,25.041437741935486,,,,,,,,,,,,已核准,,,,99.11.26府都新字第09903762000號,,,
自劃單元,臺北市萬華區龍山段一小段681-1地號等66筆土地為更新單元,787,,,,萬華區,,,,,,,,,2010/9/11,,,,3732.00,,,,,R099116,,121.49700187837838,25.03775445945946,,,,,,,,,,,,已核准,,,,99.9.1府都新字第09902313800號,,,
自劃單元,臺北市中正區河堤段一小段191地號等26筆土地為更新單元,423,,,,中正區,,,,,,,,,2010/1/8,,,,1199.00,,,,,R099201,,121.52599496666667,25.022075633333333,,,,,,,,,,,,已核准,,,,99.1.8府都新字第09805228300號,,,
自劃單元,臺北市中正區福和段二小段518地號等19筆土地為更新單元,422,,,,中正區,,,,,,,,,2010/1/8,,,,1906.00,,,,,R099202,,121.53619234482758,25.01209282758621,,,,,,,,,,,,已核准,,,,99.1.8府都新字第09805214400號,,,
自劃單元,臺北市中正區南海段二小段395-1地號等19筆土地為更新單元,421,,,,中正區,,,,,,,,,2010/1/8,,,,1914.00,,,,,R099203,,121.51886763888889,25.027235083333334,,,,,,,,,,,,已核准,,,,99.1.8府都新字第09805228200號,,,
自劃單元,臺北市中正區南海段二小段164-2地號等6筆為更新單元,420,,,,中正區,,,,,,,,,2010/2/6,,,,1278.00,,,,,R099204,,121.52142241666667,25.027213638888888,,,,,,,,,,,,已核准,,,,99.2.6府都新字第09900058700號,,,
自劃單元,臺北市中正區城中段一小段246地號等29筆土地為更新單元,419,,,,中正區,,,,,,,,,2010/3/30,,,,2643.00,,,,,R099205,,121.51272336666666,25.044300833333335,,,,,,,,,,,,已核准,,,,99.3.30府都新字第09900737700號,,,
自劃單元,臺北市中正區南海段五小段128地號等17筆土地為更新單元,418,,,,中正區,,,,,,,,,2010/5/7,,,,1354.00,,,,,R099206,,121.51449611764706,25.029454470588234,,,,,,,,,,,,已核准,,,,99.5.7府都新字第09901121200號,,,
自劃單元,臺北市中正區臨沂段一小段133地號等16筆土地為更新單元,417,,,,中正區,,,,,,,,,2010/6/3,,,,3716.00,,,,,R099207,,121.53041469565217,25.043464739130435,,,,,,,,,,,,已核准,,,,99.6.3府都新字第09901504700號,,,
自劃單元,臺北市中正區成功段一小段181地號等16筆土地為更新單元,416,,,,中正區,,,,,,,,,2010/6/3,,,,1351.00,,,,,R099208,,121.52600164516129,25.044826387096773,,,,,,,,,,,,已核准,,,,99.6.3府都新字第09901566400號,,,
自劃單元,臺北市中正區臨沂段一小段341地號等7筆土地為更新單元,414,,,,中正區,,,,,,,,,2010/8/25,,,,1845.00,,,,,R099210,,121.53129616666666,25.040581555555555,,,,,,,,,,,,已核准,,,,99.8.25府都新字第09902651500號,,,
自劃單元,劃定臺北市中正區城中段一小段789地號等7筆土地為更新單元,412,,,,中正區,,,,,,,,,2010/9/30,,,,798.00,,,,,R099211,,121.50999564285715,25.044517642857144,,,,,,,,,,,,已核准,,,,99.9.30府都新字第09931797000號,,,
自劃單元,臺北市中正區永昌段三小段637-2地號等97筆土地為更新單元,413,,,,中正區,,,,,,,,,2010/9/21,,,,5433.00,,,,,R099212,,121.51015256363637,25.026727963636365,,,,,,,,,,,,已核准,,,,99.9.21府都新字第09902963100號,,,
自劃單元,臺北市中正區南海段五小段519-2地號等39筆土地為更新單元,411,,,,中正區,,,,,,,,,2010/11/26,,,,4836.00,,,,,R099213,,121.506378,25.034605666666668,,,,,,,,,,,,已核准,,,,99.11.26府都新字第09903758400號,,,
自劃單元,臺北市中正區南海段三小段212地號等26筆土地為更新單元,410,,,,中正區,,,,,,,,,2010/11/26,,,,1754.00,,,,,R099214,,121.5191815,25.030544499999998,,,,,,,,,,,,已核准,,,,99.11.26府都新字第09903813600號,,,
自劃單元,臺北市大同區大龍段三小段4地號等32筆土地為更新單元,106,,,,大同區,,,,,,,,,2010/5/26,,,,2641.00,,,,,R099301,,121.51944760476191,25.070388176190477,,,,,,,,,,,,已核准,,,,99.5.26府都新字第09901064600號,,,
自劃單元,臺北市大同區市府段一小段904-4地號等9筆土地為更新單元,105,,,,大同區,,,,,,,,,2010/6/22,,,,572.00,,,,,R099302,,121.51741352941177,25.049932176470588,,,,,,,,,,,,已核准,,,,99.6.22府都新字第09901566500號,,,
自劃單元,臺北市大同區玉泉段一小段520地號等18筆土地為更新單元,104,,,,大同區,,,,,,,,,2010/10/7,,,,1278.00,,,,,R099303,,121.51349195833333,25.05206520833333,,,,,,,,,,,,已核准,,,,99.10.07府都新字第09902963300號,,,
自劃單元,臺北市大同區圓環段三小段643地號等38筆土地為更新單元,103,,,,大同區,,,,,,,,,2010/11/4,,,,2481.00,,,,,R099304,,121.51423393181818,25.056333795454545,,,,,,,,,,,,已核准,,,,99.11.04府都新字第09903312500號,,,
自劃單元,臺北市大同區橋北段二小段253地號等67筆土地為更新單元,102,,,,大同區,,,,,,,,,2010/11/4,,,,6553.00,,,,,R099305,,121.51171368421053,25.065353298245615,,,,,,,,,,,,已核准,,,,99.11.04府都新字第09902275700號,,,
自劃單元,臺北市中山區長安段一小段345地號等20筆土地為更新單元,327,,,,中山區,,,,,,,,,2010/1/8,,,,1590.00,,,,,R099401,,121.5435705652174,25.048557913043478,,,,,,,,,,,,已核准,,,,99.1.8府都新字第09805231100號,,,
自劃單元,臺北市中山區吉林段二小段483地號等8筆土地為更新單元,325,,,,中山區,,,,,,,,,2010/5/31,,,,1088.00,,,,,R099403,,121.53244126428572,25.055041492857143,,,,,,,,,,,,已核准,,,,99.5.31府都新字第09901457800號,,,
自劃單元,臺北市中山區長安段二小段683-2地號等13筆土地為更新單元,324,,,,中山區,,,,,,,,,2010/8/31,,,,1684.00,,,,,R099406,,121.53743684210527,25.04556105263158,,,,,,,,,,,,已核准,,,,99.8.31府都新字第09902259400號,,,
自劃單元,臺北市中山區中山段一小段272地號等32筆土地為更新單元,323,,,,中山區,,,,,,,,,2010/9/20,,,,3346.00,,,,,R099407,,121.52364127272728,25.066093272727272,,,,,,,,,,,,已核准,,,,99.9.20府都新字第09902932400號,,,
自劃單元,臺北市中山區長春段三小段128-4地號等16筆土地為更新單元,322,,,,中山區,,,,,,,,,2010/9/20,,,,1838.00,,,,,R099408,,121.53625338461538,25.054180576923077,,,,,,,,,,,,已核准,,,,99.9.20府都新字第09902932300號,,,
自劃單元,臺北市中山區中山段三小段315地號等3筆土地為更新單元,321,,,,中山區,,,,,,,,,2010/9/28,,,,4805.00,,,,,R099409,,121.5232811875,25.056599625,,,,,,,,,,,,已核准,,,,99.9.28府都新字第09902963200號,,,
自劃單元,臺北市中山區長春段一小段495地號等49筆土地為更新單元,320,,,,中山區,,,,,,,,,2010/11/12,,,,1125.00,,,,,R099410,,121.54095664102564,25.05498776923077,,,,,,,,,,,,已核准,,,,99.11.12府都新字第09902313100號,,,
自劃單元,臺北市中山區長春段二小段797-1地號等47筆土地為更新單元,319,,,,中山區,,,,,,,,,2010/11/19,,,,2619.00,,,,,R099411,,121.5392532962963,25.052550055555557,,,,,,,,,,,,已核准,,,,99.11.19府都新字第09903735900號,,,
自劃單元,臺北市松山區敦化段二小段189地號等14筆土地為更新單元,1030,,,,松山區,,,,,,,,,2010/2/10,,,,1571.00,,,,,R099501,,121.54719,25.048935137931036,,,,,,,,,,,,已核准,,,,99.2.10府都新字第09900044800號,,,
自劃單元,臺北市松山區西松段一小段17地號等26筆土地為更新單元,853,,,,松山區,,,,,,,,,2010/2/26,,,,5491.00,,,,,R099502,,121.55971744736843,25.054285736842104,,,,,,,,,,,,已核准,,,,99.2.26府都新字第09900059200號,,,
自劃單元,臺北市松山區敦化段三小段552地號等28筆土地為更新單元,630,,,,松山區,,,,,,,,,2010/4/2,,,,1613.00,,,,,R099503,,121.54422748387097,25.046847548387095,,,,,,,,,,,,已核准,,,,99.4.2府都新字第09900754100號,,,
自劃單元,臺北市松山區寶清段六小段141-1地號等19筆土地為更新單元,627,,,,松山區,,,,,,,,,2010/6/9,,,,1283.00,,,,,R099506,,121.57842211538461,25.051494076923078,,,,,,,,,,,,已核准,,,,99.6.9府都新字第09901566800號,,,
自劃單元,臺北市松山區民生段84-2地號等3筆土地為更新單元,626,,,,松山區,,,,,,,,,2010/8/20,,,,980.00,,,,,R099507,,121.55736288888889,25.056898333333333,,,,,,,,,,,,已核准,,,,99.8.20府都新字第09902258500號,,,
自劃單元,臺北市松山區敦化段一小段259-2地號等18筆土地為更新單元,624,,,,松山區,,,,,,,,,2010/11/17,,,,1146.00,,,,,R099509,,121.54492942857144,25.05539125,,,,,,,,,,,,已核准,,,,99.11.17府都新字第09902274300號,,,
自劃單元,臺北市信義區永春段二小段171地號等33筆土地為更新單元,702,,,,信義區,,,,,,,,,2010/1/25,,,,3771.00,,,,,R099601,,121.57625490384615,25.035171769230768,,,,,,,,,,,,已核准,,,,99.1.25府都新字第09805214500號,,,
自劃單元,臺北市信義區信義段一小段74地號等17筆土地為更新單元,700,,,,信義區,,,,,,,,,2010/2/10,,,,2274.00,,,,,R099603,,121.57681738461538,25.039451576923078,,,,,,,,,,,,已核准,,,,99.2.10府都新字第09900044700號,,,
自劃單元,臺北市信義區雅祥段四小段364-1地號等19筆土地為更新單元,699,,,,信義區,,,,,,,,,2010/2/10,,,,1484.00,,,,,R099604,,121.56845535714285,25.043368547619046,,,,,,,,,,,,已核准,,,,99.2.10府都新字第09900055100號,,,
自劃單元,臺北市信義區雅祥段一小段492地號等12筆土地為更新單元,698,,,,信義區,,,,,,,,,2010/4/16,,,,2028.00,,,,,R099605,,121.56852341666666,25.04691654166667,,,,,,,,,,,,已核准,,,,99.4.16府都新字第09900754600號,,,
自劃單元,臺北市信義區雅祥段三小段10地號等20筆土地為更新單元,696,,,,信義區,,,,,,,,,2010/8/12,,,,1098.00,,,,,R099607,,121.56965981818182,25.04543090909091,,,,,,,,,,,,已核准,,,,99.8.12府都新字第09902258300號,,,
自劃單元,臺北市信義區雅祥段四小段127-2地號等12筆土地為更新單元,695,,,,信義區,,,,,,,,,2010/8/12,,,,1326.00,,,,,R099608,,121.5676066,25.0445108,,,,,,,,,,,,已核准,,,,99.8.12府都新字第09902313400號,,,
自劃單元,臺北市信義區三興段二小段546地號等19筆土地為更新單元,694,,,,信義區,,,,,,,,,2010/8/12,,,,2130.00,,,,,R099609,,121.56319175757577,25.025218575757574,,,,,,,,,,,,已核准,,,,99.8.12府都新字第09902259500號,,,
自劃單元,臺北市信義區永春段三小段438地號1筆土地為更新單元,693,,,,信義區,,,,,,,,,2010/9/21,,,,2585.00,,,,,R099610,,121.57485554545454,25.03334340909091,,,,,,,,,,,,已核准,,,,99.9.21府都新字第09902274800號,,,
自劃單元,臺北市信義區逸仙段三小段786-2地號等14筆土地為更新單元,692,,,,信義區,,,,,,,,,2010/10/27,,,,2081.00,,,,,R099612,,121.55872362068965,25.033940137931033,,,,,,,,,,,,已核准,,,,99.10.27府都新字第09903332100號,,,
自劃單元,臺北市大安區學府段四小段27地號等9筆土地為更新單元,207,,,,大安區,,,,,,,,,2010/1/8,,,,1456.00,,,,,R099701,,121.53611415789474,25.025499052631577,,,,,,,,,,,,已核准,,,,99.1.8府都新字第09805205700號,,,
自劃單元,臺北市大安區學府段二小段39地號等7筆土地為更新單元,205,,,,大安區,,,,,,,,,2010/1/8,,,,763.00,,,,,R099702,,121.5427225625,25.0242195,,,,,,,,,,,,已核准,,,,99.1.8府都新字第09805205800號,,,
自劃單元,臺北市大安區復興段一小段393地號等土地為更新單元,204,,,,大安區,,,,,,,,,2010/1/8,,,,801.00,,,,,R099703,,121.5446933125,25.0434795,,,,,,,,,,,,已核准,,,,99.1.8府都新字第09805231200號,,,
自劃單元,臺北市大安區金華段一小段110-2地號等14筆土地為更新單元,203,,,,大安區,,,,,,,,,2010/2/6,,,,1220.00,,,,,R099705,,121.5310257,25.0333139,,,,,,,,,,,,已核准,,,,99.2.6府都新字第09900058800號,,,
自劃單元,臺北市大安區復興段三小段301-1地號等16筆土地為更新單元,202,,,,大安區,,,,,,,,,2010/2/6,,,,1231.00,,,,,R099706,,121.544254,25.0358109375,,,,,,,,,,,,已核准,,,,99.2.6府都新字第09900058900號,,,
自劃單元,臺北市大安區瑞安段三小段629-1地號等18筆土地為更新單元,201,,,,大安區,,,,,,,,,2010/2/6,,,,1907.00,,,,,R099707,,121.54075488235294,25.025581117647057,,,,,,,,,,,,已核准,,,,99.2.6府都新字第09900055300號,,,
自劃單元,臺北市大安區學府段四小段16地號等7筆土地為更新單元,200,,,,大安區,,,,,,,,,2010/2/6,,,,1792.00,,,,,R099708,,121.53670395652173,25.025411739130433,,,,,,,,,,,,已核准,,,,99.2.6府都新字第09900059000號,,,
自劃單元,臺北市大安區大安段一小段42地號等2筆土地為更新單元,1079,,,,大安區,,,,,,,,,2018/7/19,,,,1855.00,,,,,R099709,,121.548188375,25.0311595,,,,,,,,,,,,已核准,,,,107.7.19府都新字第10730083500號,,,
自劃單元,臺北市大安區仁愛段六小段206地號等15筆土地為更新單元,197,,,,大安區,,,,,,,,,2010/3/30,,,,2148.00,,,,,R099710,,121.55217345,25.0431955,,,,,,,,,,,,已核准,,,,99.3.30府都新字第09900737500號,,,
自劃單元,臺北市大安區仁愛段五小段53地號等10筆土地為更新單元,196,,,,大安區,,,,,,,,,2010/5/7,,,,1246.00,,,,,R099711,,121.55685517391305,25.04413982608696,,,,,,,,,,,,已核准,,,,99.5.7府都新字第09901062000號,,,
自劃單元,臺北市大安區瑞安段一小段215地號等3筆土地為更新單元,195,,,,大安區,,,,,,,,,2010/6/3,,,,1023.00,,,,,R099712,,121.53825004545455,25.032274,,,,,,,,,,,,已核准,,,,99.6.3府都新字第09901504800號,,,
自劃單元,臺北市大安區學府段一小段62地號等19筆土地為更新單元,194,,,,大安區,,,,,,,,,2010/6/3,,,,2535.00,,,,,R099713,,121.55092704444445,25.02402702222222,,,,,,,,,,,,已核准,,,,99.6.3府都新字第09901505000號,,,
自劃單元,臺北市大安區學府段一小段106地號等26筆土地為更新單元,206,,,,大安區,,,,,,,,,2010/1/8,,,,1371.00,,,,,R099704,,121.55044496969697,25.024072575757575,,,,,,,,,,,,已核准,,,,99.1.8府都新字第09805231300號,,,
自劃單元,臺北市大安區學府段一小段327地號等12筆土地為更新單元,193,,,,大安區,,,,,,,,,2010/7/27,,,,1356.00,,,,,R099714,,121.5479719090909,25.024277575757576,,,,,,,,,,,,已核准,,,,99.7.27府都新字第09902259000號,,,
自劃單元,臺北市大安區金華段四小段814-1地號等9筆土地為更新單元,192,,,,大安區,,,,,,,,,2010/7/27,,,,925.00,,,,,R099715,,121.52213179166667,25.02811841666667,,,,,,,,,,,,已核准,,,,99.7.27府都新字第09902258200號,,,
自劃單元,臺北市大安區大安段一小段184地號等11筆土地為更新單元,191,,,,大安區,,,,,,,,,2010/7/27,,,,1024.00,,,,,R099716,,121.54678352380952,25.031488047619046,,,,,,,,,,,,已核准,,,,99.7.27府都新字第09902258600號,,,
自劃單元,臺北市大安區學府段三小段80地號等11筆土地為更新單元,190,,,,大安區,,,,,,,,,2010/7/27,,,,1504.00,,,,,R099717,,121.54081228571428,25.02227842857143,,,,,,,,,,,,已核准,,,,99.7.27府都新字第09902258900號,,,
自劃單元,臺北市大安區復興段三小段612-1地號等20筆土地為更新單元,189,,,,大安區,,,,,,,,,2010/7/27,,,,3048.00,,,,,R099718,,121.54559212903226,25.034511580645162,,,,,,,,,,,,已核准,,,,99.7.27府都新字第09902257600號,,,
自劃單元,臺北市大安區學府段一小段115-2地號等24筆土地為更新單元,188,,,,大安區,,,,,,,,,2010/8/12,,,,2949.00,,,,,R099719,,121.5503202631579,25.023527552631577,,,,,,,,,,,,已核准,,,,99.8.12府都新字第09902313600號,,,
自劃單元,臺北市大安區復興段一小段512地號等24筆土地為更新單元,187,,,,大安區,,,,,,,,,2010/8/27,,,,3467.00,,,,,R099720,,121.5476,25.043353333333332,,,,,,,,,,,,已核准,,,,99.8.27府都新字第09902275800號,,,
自劃單元,臺北市大安區懷生段二小段388地號等10筆土地為更新單元,186,,,,大安區,,,,,,,,,2010/8/27,,,,796.00,,,,,R099721,,121.54282694117647,25.033756647058823,,,,,,,,,,,,已核准,,,,99.8.27府都新字第09902598700號,,,
自劃單元,臺北市大安區瑞安段二小段499地號等9筆土地為更新單元,185,,,,大安區,,,,,,,,,2010/8/27,,,,1192.00,,,,,R099722,,121.54316288888889,25.0290515,,,,,,,,,,,,已核准,,,,99.8.27府都新字第09902599000號,,,
自劃單元,臺北市大安區仁愛段一小段5地號等1筆土地為更新單元,184,,,,大安區,,,,,,,,,2010/9/17,,,,3144.00,,,,,R099723,,121.557252625,25.040457375,,,,,,,,,,,,已核准,,,,99.9.17府都新字第09902919200號,,,
自劃單元,臺北市大安區學府段一小段593-1地號等16筆土地為更新單元,183,,,,大安區,,,,,,,,,2010/10/15,,,,1808.00,,,,,R099724,,121.5437088,25.02419425,,,,,,,,,,,,已核准,,,,99.10.15府都新字第09903332300號,,,
自劃單元,臺北市大安區金華段二小段445-3地號等2筆土地為更新單元,182,,,,大安區,,,,,,,,,2010/11/26,,,,589.00,,,,,R099725,,121.53067142857142,25.02700785714286,,,,,,,,,,,,已核准,,,,99.11.26府都新字第09903735800號,,,
自劃單元,臺北市大安區仁愛段一小段114地號等16筆土地為更新單元,181,,,,大安區,,,,,,,,,2010/11/26,,,,3432.00,,,,,R099726,,121.55587747058823,25.040010411764705,,,,,,,,,,,,已核准,,,,99.11.26府都新字第09903758500號,,,
自劃單元,變更臺北市大安區復興段一小段490地號等21筆土地為同小段490地號等13筆土地更新單元,180,,,,大安區,,,,,,,,,2010/11/26,,,,1811.00,,,,,R099727,,121.54833195652174,25.043288,,,,,,,,,,,,已核准,,,,99.11.26府都新字第09903813500號,,,
自劃單元,臺北市大安區通化段四小段225地號等43筆土地為更新單元,179,,,,大安區,,,,,,,,,2010/11/26,,,,1266.00,,,,,R099728,,121.55356037037038,25.03191085185185,,,,,,,,,,,,已核准,,,,99.11.26府都新字第09903813700號,,,
自劃單元,臺北市大安區懷生段二小段42地號等1筆土地為更新單元,199,,,,大安區,,,,,,,,,2010/3/30,,,,3672.00,,,,,R099729,,121.54255704545454,25.040367727272727,,,,,,,,,,,,已核准,,,,99.3.30府都新字第09900723400號,,,
自劃單元,臺北市內湖區文德段一小段223-10地號等92筆土地為更新單元,489,,,,內湖區,,,,,,,,,2010/2/10,,,,8809.00,,,,,R099901,,121.58084353684211,25.078952842105263,,,,,,,,,,,,已核准,,,,99.2.10府都新字第09900044600號,,,
自劃單元,臺北市內湖區東湖段六小段404地號等1筆土地為更新單元,488,,,,內湖區,,,,,,,,,2010/4/30,,,,5039.00,,,,,R099902,,121.6057982,25.0740244,,,,,,,,,,,,已核准,,,,99.4.26府都新字第09901121300號,,,
自劃單元,臺北市內湖區康寧段二小段67地號等32筆土地為更新單元,487,,,,內湖區,,,,,,,,,2010/5/31,,,,3953.00,,,,,R099903,,121.59330184158416,25.088355504950496,,,,,,,,,,,,已核准,,,,99.5.31府都新字第09933515100號,,,
自劃單元,臺北市內湖區文德段二小段153地號等2筆土地為更新單元,486,,,,內湖區,,,,,,,,,2010/8/3,,,,3270.00,,,,,R099904,,121.58411673529412,25.076278514705884,,,,,,,,,,,,已核准,,,,99.8.3府都新字第09902313000號,,,
自劃單元,臺北市內湖區文德段二小段231-3地號等4筆土地為更新單元,485,,,,內湖區,,,,,,,,,2010/12/22,,,,3383.00,,,,,R099905,,121.58196134,25.07775988,,,,,,,,,,,,已核准,,,,99.12.22府都新字第09903357500號,,,
自劃單元,臺北市士林區三玉段二小段631地號等31筆土地為更新單元,62,,,,士林區,,,,,,,,,2010/2/4,,,,4278.00,,,,,R099A01,,121.53002487837838,25.113273797297296,,,,,,,,,,,,已核准,,,,99.2.4府都新字第09900058500號,,,
自劃單元,臺北市士林區芝山段二小段912地號等25筆土地為更新單元,61,,,,士林區,,,,,,,,,2010/2/4,,,,3050.00,,,,,R099A02,,121.52747859259259,25.1017775,,,,,,,,,,,,已核准,,,,99.2.4府都新字第09900059100號,,,
自劃單元,臺北市士林區陽明段一小段811地號等2筆土地及陽明段二小段474地號等17筆土地共計19筆土地為更新單元,59,,,,士林區,,,,,,,,,2010/4/2,,,,2981.00,,,,,R099A05,,121.52440133333333,25.097176666666666,,,,,,,,,,,,已核准,,,,99.4.2府都新字第09900754400號,,,
自劃單元,臺北市士林區光華段二小段714地號等36筆土地為更新單元,58,,,,士林區,,,,,,,,,2010/4/2,,,,5224.00,,,,,R099A06,,121.52020731818182,25.09000006818182,,,,,,,,,,,,已核准,,,,99.2.10府都新字第09900721600號,,,
自劃單元,變更臺北市士林區三玉段二小段373地號等26筆土地為同小段373地號等28筆土地為更新單元,57,,,,士林區,,,,,,,,,2010/6/7,,,,4420.00,,,,,R099A07,,121.53167083783784,25.114547243243244,,,,,,,,,,,,已核准,,,,99.6.7府都新字第09901429000號,,,
自劃單元,臺北市士林區芝山段一小段113地號等11筆土地為更新單元,56,,,,士林區,,,,,,,,,2010/8/5,,,,1305.00,,,,,R099A08,,121.53221578125,25.10853909375,,,,,,,,,,,,已核准,,,,99.8.5府都新字第09902259600號,,,
自劃單元,臺北市士林區蘭雅段三小段205地號等2筆土地為更新單元,54,,,,士林區,,,,,,,,,2010/8/6,,,,597.00,,,,,R099A09,,121.52373061904763,25.100276523809523,,,,,,,,,,,,已核准,,,,99.8.6府都新字第09902258100號,,,
自劃單元,臺北市士林區福林段三小段456地號等17筆土地為更新單元,55,,,,士林區,,,,,,,,,2010/8/6,,,,1038.00,,,,,R099A10,,121.5278747,25.0974595,,,,,,,,,,,,已核准,,,,99.8.6府都新字第09902274200號,,,
自劃單元,臺北市士林區福林段三小段362地號等15筆土地為更新單元,53,,,,士林區,,,,,,,,,2010/8/10,,,,1554.00,,,,,R099A11,,121.527686625,25.09813703125,,,,,,,,,,,,已核准,,,,99.8.10府都新字第09902258700號,,,
自劃單元,臺北市士林區海光段一小段129-1地號等15筆土地為更新單元,52,,,,士林區,,,,,,,,,2010/8/31,,,,1810.00,,,,,R099A12,,121.50776420588235,25.08529305882353,,,,,,,,,,,,已核准,,,,99.8.31府都新字第09902598600號,,,
自劃單元,臺北市士林區百齡段三小段383-1地號等4筆土地為更新單元,49,,,,士林區,,,,,,,,,2010/11/17,,,,2016.00,,,,,R099A15,,121.51746048148148,25.08604548148148,,,,,,,,,,,,已核准,,,,99.11.17府都新字第09903813400號,,,
自劃單元,臺北市北投區振興段一小段791地號等19筆土地為更新單元,582,,,,北投區,,,,,,,,,2010/4/8,,,,1325.00,,,,,R099B02,,121.52077992105264,25.10778702631579,,,,,,,,,,,,已核准,,,,99.4.8府都新字第09900737600號,,,
自劃單元,臺北市北投區文林段四小段798地號等54筆土地為更新單元,581,,,,北投區,,,,,,,,,2010/4/8,,,,3161.00,,,,,R099B03,,121.51562234782608,25.111175760869564,,,,,,,,,,,,已核准,,,,99.4.8府都新字第09900737900號,,,
自劃單元,臺北市北投區立農段五小段643-1地號等10筆土地為更新單元,580,,,,北投區,,,,,,,,,2010/4/8,,,,1716.00,,,,,R099B04,,121.50265122222223,25.11914388888889,,,,,,,,,,,,已核准,,,,99.4.8府都新字第09900754300號,,,
自劃單元,臺北市北投區文林段五小段309地號等14筆土地為更新單元,579,,,,北投區,,,,,,,,,2010/5/31,,,,1827.00,,,,,R099B06,,121.51079833333333,25.111633424242424,,,,,,,,,,,,已核准,,,,99.5.31府都新字第09900754700號,,,
自劃單元,臺北市北投區溫泉段二小段142地號等1筆土地為更新單元,578,,,,北投區,,,,,,,,,2010/8/6,,,,648.00,,,,,R099B07,,121.5052575625,25.1338376875,,,,,,,,,,,,已核准,,,,99.8.6府都新字第09902313300號,,,
自劃單元,臺北市北投區振興段四小段24地號等8筆土地為更新單元,577,,,,北投區,,,,,,,,,2010/10/21,,,,1492.00,,,,,R099B08,,121.51625841538461,25.11799593846154,,,,,,,,,,,,已核准,,,,99.10.21府都新字第09903312600號,,,
自劃單元,臺北市南港區南港段四小段117-1地號等29筆土地為更新單元,747,,,,南港區,,,,,,,,,2011/4/21,,,,7094.00,,,,,R100001,,121.602432025,25.053919475,,,,,,,,,,,,已核准,,,,100.4.21府都新字第10001005100號,,,
自劃單元,臺北市南港區南港段三小段237地號等24筆土地為更新單元,746,,,,南港區,,,,,,,,,2011/4/21,,,,5325.00,,,,,R100002,,121.59854053521127,25.05409063380282,,,,,,,,,,,,已核准,,,,100.4.21府都新字第10001009800號,,,
自劃單元,臺北市南港區新光段二小段15-1地號等32筆土地為更新單元,745,,,,南港區,,,,,,,,,2011/6/16,,,,2346.00,,,,,R100003,,121.59301981333333,25.043296453333333,,,,,,,,,,,,已核准,,,,100.6.16府都新字第10001428400號,,,
自劃單元,臺北市萬華區直興段一小段373地號等12筆土地為更新單元,782,,,,萬華區,,,,,,,,,2011/7/11,,,,1545.00,,,,,R100103,,121.5009604375,25.042449375,,,,,,,,,,,,已核准,,,,100.7.11府都新字第10001764900號,,,
自劃單元,臺北市萬華區莒光段二小段655地號等20筆土地為更新單元,781,,,,萬華區,,,,,,,,,2011/9/28,,,,1229.00,,,,,R100104,,121.50074667741936,25.031966,,,,,,,,,,,,已核准,,,,100.9.28府都新字第10002882900號,,,
自劃單元,臺北市萬華區萬大段二小段415-4號等19筆土地為更新單元,780,,,,萬華區,,,,,,,,,2011/10/12,,,,1254.00,,,,,R100105,,121.49994282142858,25.024113714285715,,,,,,,,,,,,已核准,,,,100.10.12府都新字第10002897300號,,,
自劃單元,臺北市中正區臨沂段三小段414地號等11筆土地為更新單元,409,,,,中正區,,,,,,,,,2011/4/29,,,,1508.00,,,,,R100201,,121.53087790000001,25.0340502,,,,,,,,,,,,已核准,,,,100.4.29府都新字第10001010600號,,,
自劃單元,變更臺北市中正區南海段一小段686地號等14筆土地為同小段687地號等12筆土地為更新單元,408,,,,中正區,,,,,,,,,2011/5/20,,,,837.00,,,,,R100202,,121.51868961111111,25.032713555555556,,,,,,,,,,,,已核准,,,,100.5.20府都新字第10030440700號,,,
自劃單元,臺北市中正區臨沂段三小段464地號等22筆土地為更新單元,407,,,,中正區,,,,,,,,,2011/7/11,,,,2377.00,,,,,R100203,,121.52916418181817,25.034366090909092,,,,,,,,,,,,已核准,,,,100.7.11府都新字第10001839400號,,,
自劃單元,臺北市中正區中正段一小段393-1地號等31筆土地為更新單元,406,,,,中正區,,,,,,,,,2011/7/11,,,,2560.00,,,,,R100204,,121.52273682142857,25.0399385,,,,,,,,,,,,已核准,,,,100.7.11府都新字第10001764700號,,,
自劃單元,臺北市中正區中正段二小段342-1地號等33筆土地為更新單元,405,,,,中正區,,,,,,,,,2011/7/11,,,,3542.00,,,,,R100205,,121.52506609090909,25.035870393939394,,,,,,,,,,,,已核准,,,,100.7.11府都新字第10001839300號,,,
自劃單元,臺北市中正區南海段二小段49-5地號等31筆土地為更新單元,404,,,,中正區,,,,,,,,,2011/7/11,,,,1485.00,,,,,R100206,,121.52073495348837,25.02763734883721,,,,,,,,,,,,已核准,,,,100.7.11府都新字第10001764600號,,,
自劃單元,臺北市中正區南海段五小段488地號等19筆土地為更新單元,403,,,,中正區,,,,,,,,,2011/9/28,,,,1811.00,,,,,R100208,,121.50734575,25.0365565625,,,,,,,,,,,,已核准,,,,100.9.28府都新字第10002883200號,,,
自劃單元,臺北市大同區延平段三小段359地號等66筆土地為更新單元,120,,,,大同區,,,,,,,,,2002/8/16,,,,4491.00,,,,,R100301,,121.51110814634146,25.057914073170732,,,,,,,,,,,,已核准,,,,91.8.16府都新字第09131677400號,,,
自劃單元,臺北市中山區中山段二小段125地號1筆土地為更新單元,315,,,,中山區,,,,,,,,,2011/6/23,,,,786.00,,,,,R100402,,121.519569875,25.06324075,,,,,,,,,,,,已核准,,,,100.6.23府都新字第10001764800號,,,
自劃單元,臺北市中山區德惠段三小段359地號等31筆土地為更新單元,307,,,,中山區,,,,,,,,,2011/12/16,,,,3180.00,,,,,R100412,,121.53010177272728,25.06611777272727,,,,,,,,,,,,已核准,,,,100.11.15府都新字第10003193300號,,,
自劃單元,臺北市中山區中山段一小段782地號等14筆土地為更新單元,318,,,,中山區,,,,,,,,,2011/6/8,,,,1438.00,,,,,R100403,,121.52440190909091,25.062340409090908,,,,,,,,,,,,已核准,,,,100.6.8府都新字第10001419600號,,,
自劃單元,臺北市中山區長安段三小段725地號等7筆土地為更新單元,317,,,,中山區,,,,,,,,,2011/6/8,,,,1884.00,,,,,R100404,,121.5296512,25.05032684,,,,,,,,,,,,已核准,,,,100.6.8府都新字第10001419400號,,,
自劃單元,臺北市中山區長春段一小段994地號等39筆土地為更新單元,314,,,,中山區,,,,,,,,,2011/8/25,,,,1956.00,,,,,R100405,,121.5415630625,25.05352753125,,,,,,,,,,,,已核准,,,,100.8.25府都新字第10002508500號,,,
自劃單元,臺北市中山區中山段三小段18地號等9筆土地為更新單元,313,,,,中山區,,,,,,,,,2011/8/25,,,,1585.00,,,,,R100406,,121.52442780952381,25.06005138095238,,,,,,,,,,,,已核准,,,,100.8.25府都新字第10002551500號,,,
自劃單元,臺北市中山區中山段一小段381地號等12筆土地為更新單元,312,,,,中山區,,,,,,,,,2011/9/22,,,,1738.00,,,,,R100407,,121.525266,25.06465472727273,,,,,,,,,,,,已核准,,,,100.9.22府都新字第10002904800號,,,
自劃單元,臺北市中山區吉林段一小段329地號等31筆土地為更新單元,311,,,,中山區,,,,,,,,,2011/9/22,,,,3072.00,,,,,R100408,,121.53125081395349,25.060998139534885,,,,,,,,,,,,已核准,,,,100.9.22府都新字第10002905000號,,,
自劃單元,變更臺北市中山區吉林段三小段136地號等18筆土地為同小段136地號等33筆土地更新單元,310,,,,中山區,,,,,,,,,2011/10/24,,,,2542.00,,,,,R100409,,121.5283493939394,25.06223493939394,,,,,,,,,,,,已核准,,,,100.10.24府都新字第10003203800號,,,
自劃單元,臺北市中山區中山段一小段147地號等17筆土地為更新單元,309,,,,中山區,,,,,,,,,2011/11/15,,,,3530.00,,,,,R100410,,121.52515103571429,25.0663935,,,,,,,,,,,,已核准,,,,100.11.15府都新字第10003216200號,,,
自劃單元,臺北市中山區中山段一小段930地號等18筆土地為更新單元,308,,,,中山區,,,,,,,,,2011/11/15,,,,2402.00,,,,,R100411,,121.52402372727272,25.061535363636363,,,,,,,,,,,,已核准,,,,100.11.15府都新字第10003203700號,,,
自劃單元,臺北市松山區延吉段三小段695地號等3筆土地為更新單元,623,,,,松山區,,,,,,,,,2011/6/8,,,,1490.00,,,,,R100501,,121.54943607142857,25.04693507142857,,,,,,,,,,,,已核准,,,,100.6.8府都新字第10001428300號,,,
自劃單元,臺北市松山區民生段127地號等20筆土地為更新單元,622,,,,松山區,,,,,,,,,2011/8/3,,,,5942.00,,,,,R100502,,121.5527684673913,25.05965718478261,,,,,,,,,,,,已核准,,,,100.8.3府都新字第10002122400號,,,
自劃單元,臺北市松山區寶清段七小段102地號等18筆土地為更新單元,620,,,,松山區,,,,,,,,,2011/9/22,,,,2170.00,,,,,R100504,,121.57648356521739,25.05103808695652,,,,,,,,,,,,已核准,,,,100.9.22府都新字第10002897600號,,,
自劃單元,臺北市松山區民生段116地號等44筆土地為更新單元,619,,,,松山區,,,,,,,,,2011/9/22,,,,6839.00,,,,,R100505,,121.55492825806452,25.057002161290324,,,,,,,,,,,,已核准,,,,100.9.22府都新字第10002905200號,,,
自劃單元,臺北市信義區祥和段二小段667地號土地為更新單元,690,,,,信義區,,,,,,,,,2011/5/20,,,,3289.00,,,,,R100601,,121.56638809090909,25.028298227272728,,,,,,,,,,,,已核准,,,,100.5.20府都新字第10030440600號,,,
自劃單元,臺北市信義區祥和段三小段523地號等20筆土地為更新單元,688,,,,信義區,,,,,,,,,2011/6/23,,,,2459.00,,,,,R100603,,121.5709381875,25.02397209375,,,,,,,,,,,,已核准,,,,100.6.23府都新字第10001764000號,,,
自劃單元,臺北市信義區吳興段三小段155地號等3筆土地為更新單元,687,,,,信義區,,,,,,,,,2011/6/23,,,,1537.00,,,,,R100604,,121.57248916666667,25.018202583333334,,,,,,,,,,,,已核准,,,,100.6.23府都新字第10001839200號,,,
自劃單元,臺北市信義區三興段三小段159地號等21筆土地為更新單元,685,,,,信義區,,,,,,,,,2011/10/31,,,,3076.00,,,,,R100606,,121.55684880645161,25.026702741935484,,,,,,,,,,,,已核准,,,,100.10.31府都新字第10003216300號,,,
自劃單元,臺北市信義區祥和段四小段253地號等19筆土地為更新單元,684,,,,信義區,,,,,,,,,2011/11/25,,,,2453.00,,,,,R100607,,121.57128528947368,25.02373755263158,,,,,,,,,,,,已核准,,,,100.11.25府都新字第10003672600號,,,
自劃單元,臺北市大安區懷生段三小段214地號等5筆土地為更新單元,178,,,,大安區,,,,,,,,,2011/4/29,,,,627.00,,,,,R100701,,121.53651346153846,25.041409923076923,,,,,,,,,,,,已核准,,,,100.4.29府都新字第10001005000號,,,
自劃單元,臺北市大安區學府段一小段625-2地號等2筆土地為更新單元,177,,,,大安區,,,,,,,,,2011/4/29,,,,616.00,,,,,R100702,,121.5437116,25.0225462,,,,,,,,,,,,已核准,,,,100.4.29府都新字第10001009900號,,,
自劃單元,臺北市大安區辛亥段三小段518地號等15筆土地為更新單元,176,,,,大安區,,,,,,,,,2011/4/29,,,,1274.00,,,,,R100703,,121.55264137931034,25.021139827586207,,,,,,,,,,,,已核准,,,,100.4.29府都新字第10001004900號,,,
自劃單元,臺北市大安區仁愛段三小段560地號等9筆土地為更新單元,175,,,,大安區,,,,,,,,,2011/4/29,,,,1923.00,,,,,R100704,,121.5530940625,25.0340329375,,,,,,,,,,,,已核准,,,,100.4.29府都新字第10001010500號,,,
自劃單元,臺北市大安區大安段三小段260地號等15筆土地為更新單元,174,,,,大安區,,,,,,,,,2011/4/29,,,,534.00,,,,,R100705,,121.54774970833333,25.024983375,,,,,,,,,,,,已核准,,,,100.4.29府都新字第10000978100號,,,
自劃單元,臺北市大安區瑞安段二小段594地號等12筆土地為更新單元,173,,,,大安區,,,,,,,,,2011/5/20,,,,2591.00,,,,,R100706,,121.54309510526316,25.028095315789475,,,,,,,,,,,,已核准,,,,100.5.20府都新字第10001419700號,,,
自劃單元,臺北市大安區學府段三小段410 地號等33筆土地為更新單元,172,,,,大安區,,,,,,,,,2011/6/23,,,,3251.00,,,,,R100707,,121.538405,25.02518724137931,,,,,,,,,,,,已核准,,,,100.6.23府都新字第10001764100號,,,
自劃單元,臺北市大安區懷生段一小段260-1地號等10筆土地為更新單元,170,,,,大安區,,,,,,,,,2011/9/16,,,,1188.00,,,,,R100709,,121.54190836842105,25.043746157894738,,,,,,,,,,,,已核准,,,,100.9.16府都新字第10002564100號,,,
自劃單元,臺北市大安區金華段二小段56地號等7筆土地為更新單元,169,,,,大安區,,,,,,,,,2011/9/23,,,,1400.00,,,,,R100710,,121.53269994736843,25.028869368421052,,,,,,,,,,,,已核准,,,,100.9.23府都新字第10002904900號,,,
自劃單元,臺北市大安區仁愛段六小段418-1地號等5筆土地為更新單元,168,,,,大安區,,,,,,,,,2011/9/23,,,,2336.00,,,,,R100711,,121.5504045909091,25.04231881818182,,,,,,,,,,,,已核准,,,,100.9.23府都新字第10002904700號,,,
自劃單元,臺北市大安區大安段一小段153地號等24筆土地為更新單元,167,,,,大安區,,,,,,,,,2011/10/31,,,,3733.00,,,,,R100712,,121.54748719354839,25.03126058064516,,,,,,,,,,,,已核准,,,,100.10.31府都新字第10003203900號,,,
自劃單元,臺北市大安區學府段二小段161地號等37筆土地為更新單元,166,,,,大安區,,,,,,,,,2011/11/18,,,,4059.00,,,,,R100713,,121.54303215384616,25.022086076923078,,,,,,,,,,,,已核准,,,,100.11.18府都新字第10003193100號,,,
自劃單元,臺北市大安區金華段一小段753地號等24筆土地為更新單元,165,,,,大安區,,,,,,,,,2011/11/18,,,,2800.00,,,,,R100714,,121.52831795652173,25.030296391304347,,,,,,,,,,,,已核准,,,,100.11.18府都新字第10003193500號,,,
自劃單元,臺北市大安區仁愛段四小段192地號等13筆土地為更新單元,164,,,,大安區,,,,,,,,,2011/12/7,,,,2041.00,,,,,R100715,,121.55050391304349,25.035264260869564,,,,,,,,,,,,已核准,,,,100.12.7府都新字第10003569600號,,,
自劃單元,臺北市文山區萬慶段二小段6地號等44筆土地為更新單元,524,,,,文山區,,,,,,,,,2011/6/8,,,,4054.00,,,,,R100801,,121.5404629009901,24.994650099009903,,,,,,,,,,,,已核准,,,,100.6.8府都新字第10001419200號,,,
自劃單元,臺北市文山區實踐段三小段709地號等9筆土地為更新單元,523,,,,文山區,,,,,,,,,2011/6/8,,,,1014.00,,,,,R100802,,121.55644825806452,24.979291,,,,,,,,,,,,已核准,,,,100.6.8府都新字第10001424500號,,,
自劃單元,臺北市文山區興泰段二小段205地號等35筆土地為更新單元,522,,,,文山區,,,,,,,,,2011/7/11,,,,4104.00,,,,,R100803,,121.55602714492754,25.004639347826085,,,,,,,,,,,,已核准,,,,100.7.11府都新字第10001764500號,,,
自劃單元,臺北市文山區萬慶段一小段121地號等42筆土地為更新單元,521,,,,文山區,,,,,,,,,2011/8/12,,,,6240.00,,,,,R100804,,121.53756408974358,24.99809880769231,,,,,,,,,,,,已核准,,,,100.8.12府都新字第10002110200號,,,
自劃單元,臺北市文山區興隆段三小段804地號等10筆土地為更新單元,520,,,,文山區,,,,,,,,,2011/9/5,,,,1281.00,,,,,R100805,,121.53882518518519,25.00767274074074,,,,,,,,,,,,已核准,,,,100.9.5府都新字第10002875500號,,,
自劃單元,臺北市文山區華興段四小段634地號等13筆土地為更新單元,519,,,,文山區,,,,,,,,,2011/9/28,,,,2778.00,,,,,R100806,,121.54691745652174,24.987724673913043,,,,,,,,,,,,已核准,,,,100.9.28府都新字第10002883000號,,,
自劃單元,臺北市文山區萬慶段三小段78地號等7筆土地為更新單元,518,,,,文山區,,,,,,,,,2011/9/28,,,,829.00,,,,,R100807,,121.53972154,24.99217378,,,,,,,,,,,,已核准,,,,100.9.28府都新字第10002897400號,,,
自劃單元,臺北市內湖區東湖段六小段245-2地號等15筆土地為更新單元,484,,,,內湖區,,,,,,,,,2011/4/26,,,,1642.00,,,,,R100901,,121.60648870588236,25.0725838627451,,,,,,,,,,,,已核准,,,,100.4.26府都新字第10001004700號,,,
自劃單元,臺北市內湖區碧湖段三小段542-2等46筆土地為更新單元,483,,,,內湖區,,,,,,,,,2011/6/8,,,,3160.00,,,,,R100902,,121.5794695,25.079005078125,,,,,,,,,,,,已核准,,,,100.6.8府都新字第10001424200號,,,
自劃單元,臺北市內湖區東湖段一小段20-9地號1筆土地為更新單元,482,,,,內湖區,,,,,,,,,2011/6/8,,,,761.00,,,,,R100903,,121.61841285,25.0706269,,,,,,,,,,,,已核准,,,,100.6.8府都新字第10001428800號,,,
自劃單元,變更劃定臺北市內湖區文德段二小段369-2地號等61筆土地為同小段369-2地號等67筆土地更新單元,481,,,,內湖區,,,,,,,,,2011/6/23,,,,4438.00,,,,,R100904,,121.58062752857143,25.076338485714285,,,,,,,,,,,,已核准,,,,100.6.23府都新字第10001419800號,,,
自劃單元,臺北市內湖區文德段二小段129-1地號等7筆土地為更新單元,480,,,,內湖區,,,,,,,,,2011/10/25,,,,1820.00,,,,,R100905,,121.58414543137255,25.076941588235293,,,,,,,,,,,,已核准,,,,100.10.24府都新字第10003193200號,,,
自劃單元,臺北市士林區三玉段二小段571地號等23筆土地為更新單元,48,,,,士林區,,,,,,,,,2011/4/26,,,,1597.00,,,,,R100A01,,121.5306413255814,25.113826418604653,,,,,,,,,,,,已核准,,,,100.4.26府都新字第10000978300號,,,
自劃單元,臺北市士林區三玉段四小段194地號等6筆土地為更新單元,47,,,,士林區,,,,,,,,,2011/4/26,,,,1168.00,,,,,R100A02,,121.52773385106383,25.109833425531914,,,,,,,,,,,,已核准,,,,100.4.26府都新字第10001004800號,,,
自劃單元,臺北市士林區福順段三小段15地號等15筆土地為更新單元,46,,,,士林區,,,,,,,,,2011/4/28,,,,1638.00,,,,,R100A03,,121.51256397297297,25.08123062162162,,,,,,,,,,,,已核准,,,,100.4.28府都新字第10000978200號,,,
自劃單元,臺北市士林區三玉段二小段109地號14筆土地為更新單元,45,,,,士林區,,,,,,,,,2011/4/28,,,,2596.00,,,,,R100A04,,121.53234069491525,25.116281423728815,,,,,,,,,,,,已核准,,,,100.4.28府都新字第10030571200號,,,
自劃單元,臺北市士林區光華段二小段70地號等18筆土地為更新單元,44,,,,士林區,,,,,,,,,2011/5/30,,,,3051.00,,,,,R100A05,,121.52435729824562,25.09461510526316,,,,,,,,,,,,已核准,,,,100.5.30府都新字第10001424400號,,,
自劃單元,臺北市士林區天母段二小段181地號等12筆土地為更新單元,43,,,,士林區,,,,,,,,,2011/5/30,,,,2457.00,,,,,R100A06,,121.52958849090909,25.119907236363638,,,,,,,,,,,,已核准,,,,100.5.30府都新字第10001428600號,,,
自劃單元,臺北市士林區三玉段三小段328地號1筆土地為更新單元,42,,,,士林區,,,,,,,,,2011/7/28,,,,911.00,,,,,R100A07,,121.52890066666667,25.1123635,,,,,,,,,,,,已核准,,,,100.7.28府都新字第10002122600號,,,
自劃單元,臺北市士林區芝山段三小段349地號等19筆土地為更新單元,41,,,,士林區,,,,,,,,,2011/7/28,,,,2814.00,,,,,R100A08,,121.53056605263158,25.10135307894737,,,,,,,,,,,,已核准,,,,100.7.28府都新字第10001428700號,,,
自劃單元,臺北市士林區蘭雅段二小段150地號等27筆土地為更新單元,40,,,,士林區,,,,,,,,,2011/10/21,,,,2194.00,,,,,R100A09,,121.52448585714286,25.103041642857143,,,,,,,,,,,,已核准,,,,100.10.21府都新字第10003216100號,,,
自劃單元,臺北市士林區蘭雅段一小段581地號等9筆土地為更新單元,80,,,,士林區,,,,,,,,,2007/10/17,,,,2708.00,,,,,R100A05,,121.52419247368421,25.107578342105263,,,,,,,,,,,,已核准,,,,96.10.17府都新字第09606184800號,,,
自劃單元,臺北市北投區大業段五小段1-2地號等4筆土地為更新單元,574,,,,北投區,,,,,,,,,2011/4/27,,,,1326.00,,,,,R100B03,,121.49925783333333,25.130274541666665,,,,,,,,,,,,已核准,,,,100.4.27府都新字第10001010200號,,,
自劃單元,臺北市北投區行義段三小段549地號等9筆土地為更新單元,572,,,,北投區,,,,,,,,,2011/4/27,,,,1125.00,,,,,R100B05,,121.52489269230769,25.122857076923076,,,,,,,,,,,,已核准,,,,100.4.27府都新字第10000978400號,,,
自劃單元,臺北市北投區開明段二小段116地號等43筆土地為更新單元,571,,,,北投區,,,,,,,,,2011/4/27,,,,5300.00,,,,,R100B06,,121.5018834375,25.13809305,,,,,,,,,,,,已核准,,,,100.4.27府都新字第10001005500號,,,
自劃單元,臺北市北投區崇仰段四小段517-1地號等27筆土地為更新單元,570,,,,北投區,,,,,,,,,2011/8/9,,,,4720.00,,,,,R100B07,,121.50528474025974,25.122043883116884,,,,,,,,,,,,已核准,,,,100.8.9府都新字第10002110300號,,,
自劃單元,臺北市北投區立農段三小段6-5地號等64筆土地為更新單元,568,,,,北投區,,,,,,,,,2011/8/23,,,,4856.00,,,,,R100B09,,121.51059993589743,25.117217833333335,,,,,,,,,,,,已核准,,,,100.8.23府都新字第10002109900號,,,
自劃單元,臺北市萬華區萬華段二小段268-2地號等34筆土地為更新單元,778,,,,萬華區,,,,,,,,,2012/6/8,,,,1840.00,,,,,R101102,,121.5029804736842,25.035514342105262,,,,,,,,,,,,已核准,,,,101.6.8府都新字第10130234300號,,,
自劃單元,臺北市萬華區雙園段三小段681地號等24筆土地為更新單元範圍(已失效),777,,,,萬華區,,,,,,,,,2012/6/21,,,,2473.00,,,,,R101103,,121.49189272222222,25.024225944444446,,,,,,,,,,,,已失效,,,,101.6.21府都新字第10130557000號,,,
自劃單元,臺北市中山區中山段四小段497地號等13筆土地為更新單元(已失效),305,,,,中山區,,,,,,,,,2012/5/21,,,,1227.00,,,,,R101402,,121.52187744444444,25.05447311111111,,,,,,,,,,,,已失效,,,,101.5.21府都新字第10130089200號,,,
自劃單元,臺北市中山區長安段三小段396地號等3筆土地為更新單元,304,,,,中山區,,,,,,,,,2012/6/6,,,,1712.00,,,,,R101403,,121.53258128571429,25.05160157142857,,,,,,,,,,,,已核准,,,,101.6.6府都新字第10130310100號,,,
自劃單元,臺北市中山區吉林段五小段201地號等23筆土地為更新單元(已失效),303,,,,中山區,,,,,,,,,2012/6/15,,,,2415.00,,,,,R101404,,121.52852418181818,25.05284806060606,,,,,,,,,,,,已失效,,,,101.6.15府都新字第10130276600號,,,
自劃單元,臺北市松山區敦化段五小段6-13地號等4筆土地為更新單元(已失效),614,,,,松山區,,,,,,,,,2012/6/6,,,,1328.00,,,,,R101503,,121.5474285625,25.0600525,,,,,,,,,,,,已失效,,,,101.6.6府都新字第10130088800號,,,
自劃單元,臺北市信義區雅祥段一小段228-5地號等21筆土地為更新單元(已失效),683,,,,信義區,,,,,,,,,2012/2/8,,,,1054.00,,,,,R101601,,121.57052442857143,25.046396238095237,,,,,,,,,,,,已失效,,,,101.2.8府都新字第10003889400號,,,
自劃單元,臺北市信義區永春段一小段549地號等21筆土地為更新單元(已失效),682,,,,信義區,,,,,,,,,2012/3/28,,,,3016.00,,,,,R101602,,121.57719425,25.0364634375,,,,,,,,,,,,已失效,,,,101.3.28府都新字第10130180200號,,,
自劃單元,臺北市信義區永吉段一小段302地號等79筆土地為更新單元(已失效),681,,,,信義區,,,,,,,,,2012/3/29,,,,5961.00,,,,,R101603,,121.5781496,25.04370018181818,,,,,,,,,,,,已失效,,,,101.3.29府都新字第10130286600號,,,
自劃單元,臺北市信義區逸仙段二小段78地號等19筆土地為更新單元(已失效),680,,,,信義區,,,,,,,,,2012/4/2,,,,2701.00,,,,,R101604,,121.56324823529413,25.04204226470588,,,,,,,,,,,,已失效,,,,101.4.2府都新字第10130319800號,,,
自劃單元,臺北市信義區永吉段二小段749地號等31筆土地為更新單元(已失效),679,,,,信義區,,,,,,,,,2012/4/3,,,,3881.00,,,,,R101605,,121.57238452380952,25.04509307142857,,,,,,,,,,,,已失效,,,,101.4.3府都新字第10130051900號,,,
自劃單元,臺北市信義區雅?段二小段201-1地號等18筆土地為更新單元(已失效),678,,,,信義區,,,,,,,,,2012/4/3,,,,1166.00,,,,,R101606,,121.57071111111111,25.044482296296298,,,,,,,,,,,,已失效,,,,101.4.3府都新字第10130052000號,,,
自劃單元,臺北市信義區雅祥段一小段349地號等12筆土地為?新單元,676,,,,信義區,,,,,,,,,2012/4/10,,,,1014.00,,,,,R101608,,121.56944076190476,25.048843952380953,,,,,,,,,,,,已核准,,,,101.4.10府都新字第10130191200號,,,
自劃單元,臺北市信義區犁和段二小段470地號等20筆土地為更新單元(已失效),675,,,,信義區,,,,,,,,,2012/4/11,,,,2466.00,,,,,R101609,,121.55723614285714,25.022244714285716,,,,,,,,,,,,已失效,,,,101.4.11府都新字第10130251100號,,,
自劃單元,臺北市信義區逸仙段二小段375地號等2筆土地為更新單元(已失效),673,,,,信義區,,,,,,,,,2012/4/30,,,,2352.00,,,,,R101611,,121.56296111111111,25.040426444444446,,,,,,,,,,,,已失效,,,,101.4.30府都新字第10130363500號,,,
自劃單元,臺北市信義區三興段一小段525地號等23筆土地為更新單元(已失效),672,,,,信義區,,,,,,,,,2012/5/11,,,,1878.00,,,,,R101612,,121.55906631034483,25.031510103448277,,,,,,,,,,,,已失效,,,,101.5.11府都新字第10130291500號,,,
自劃單元,臺北市信義區雅祥段四小段624地號等22筆土地為更新單元(已失效),671,,,,信義區,,,,,,,,,2012/5/23,,,,2867.00,,,,,R101613,,121.56774290625,25.0417975,,,,,,,,,,,,已失效,,,,101.5.23府都新字第10130958400號,,,
自劃單元,臺北市大安區金華段二小段570地號等13筆土地為更新單元(已失效),163,,,,大安區,,,,,,,,,2012/2/20,,,,1300.00,,,,,R101701,,121.52933103846154,25.029040384615385,,,,,,,,,,,,已失效,,,,101.2.20府都新字第10003920600號,,,
自劃單元,臺北市大安區懷生段三小段341地號等12筆土地為更新單元,162,,,,大安區,,,,,,,,,2012/4/25,,,,2670.00,,,,,R101702,,121.53551807142857,25.039161464285716,,,,,,,,,,,,已核准,,,,101.4.25府都新字第10130152800號,,,
自劃單元,臺北市大安區仁愛段三小段596地號等2筆土地為更新單元,161,,,,大安區,,,,,,,,,2012/5/4,,,,1801.00,,,,,R101703,,121.55316964285714,25.0336355,,,,,,,,,,,,已核准,,,,101.5.4府都新字第10130102100號,,,
自劃單元,臺北市大安區通化段六小段408地號等11筆土地為更新單元(已失效),159,,,,大安區,,,,,,,,,2012/5/8,,,,1731.00,,,,,R101705,,121.55175545,25.0255776,,,,,,,,,,,,已失效,,,,101.5.8府都新字第10130259900號,,,
自劃單元,臺北市大安區仁愛段六小段422地號1筆土地為更新單元,158,,,,大安區,,,,,,,,,2012/6/7,,,,2172.00,,,,,R101706,,121.5499158,25.042335733333335,,,,,,,,,,,,已核准,,,,101.6.7府都新字第10130415300號,,,
自劃單元,臺北市士林區芝蘭段四小段159地號等5筆土地為更新單元,37,,,,士林區,,,,,,,,,2012/4/26,,,,1653.00,,,,,R101A01,,121.53468967857143,25.109179714285712,,,,,,,,,,,,已核准,,,,101.4.26府都新字第10130234400號,,,
自劃單元,臺北市士林區百齡段三小段466地號等24筆土地為更新單元(已失效),36,,,,士林區,,,,,,,,,2012/5/11,,,,3130.00,,,,,R101A02,,121.51611199999999,25.08629334090909,,,,,,,,,,,,已失效,,,,101.5.11府都新字第10130294900號,,,
自劃單元,臺北市士林區三玉段一小段585地號等12筆土地為更新單元(已失效),35,,,,士林區,,,,,,,,,2012/5/11,,,,2069.00,,,,,R101A03,,121.5313662,25.1096525,,,,,,,,,,,,已失效,,,,101.5.11府都新字第10130258300號,,,
自劃單元,臺北市中山區吉林段四小段566地號等38筆土地為更新單元,340,,,,中山區,,,,,,,,,2009/6/5,,,,1920.00,,,,,R098409,,121.52583920000001,25.0568402,,,,,,,,,,,,已核准,,,,98.6.5府都新字第09802501800號,,,
自劃單元,變更臺北市中山區正義段四小段1地號等11筆土地為同小段1地號等8筆土地更新單元,316,,,,中山區,,,,,,,,,2009/5/7,,,,1859.00,,,,,R098407,,121.52202358333334,25.051920708333334,,,,,,,,,,,,已核准,,,,100.6.8府都新字第10001428500號,,,
自劃單元,臺北市士林區三玉段三小段2地號等10筆土地為更新單元,51,,,,士林區,,,,,,,,,2010/9/28,,,,5718.00,,,,,R099A13,,121.53128347619048,25.117501365079367,,,,,,,,,,,,已核准,,,,99.9.28府都新字第09902932500號,,,
自劃單元,變更臺北市士林區福林段一小段331-2地號等81筆土地為同小段385-5地號等7筆土地更新單元,63,,,,士林區,,,,,,,,,2010/1/27,,,,1388.00,,,,,R099A03,,121.53290182051282,25.09857741025641,,,,,,,,,,,,已核准,,,,99.1.27府都新字第09900040100號,,,
自劃單元,臺北市大安區通化段五小段88地號等64筆土地為更新單元,226,,,,大安區,,,,,,,,,2009/5/8,,,,2644.00,,,,,R098712,,121.54967004545455,25.032834954545454,,,,,,,,,,,,已核准,,,,98.5.8府都新字第09802249400號,,,
自劃單元,變更臺北市中正區福和段一小段10-1地號等18筆土地為同小段10-1地號等26筆土地為更新單元,415,,,,中正區,,,,,,,,,2009/8/12,,,,2429.00,,,,,R098213,,121.52797229268293,25.020202780487804,,,,,,,,,,,,已核准,,,,99.7.22府都新字第09902257700號,,,
自劃單元,劃定臺北市中正區福和段一小段852地號等58筆土地為更新單元,1064,,,,中正區,,,,,,,,,2002/5/10,,,,2771.00,,,,,R091201,,121.532831,25.015600962962964,,,,,,,,,,,,已核准,,,,91.5.10府都新字第09010253700號,,,
自劃單元,臺北市文山區萬隆段一小段188地號等12筆土地為更新單元,534,,,,文山區,,,,,,,,,2009/2/6,,,,1164.00,,,,,R098802,,121.53829367647059,25.00710844117647,,,,,,,,,,,,已核准,,,,98.2.6府都新字第09800101400號,,,
自劃單元,臺北市文山區景美段三小段295地號等36筆土地為更新單元,537,,,,文山區,,,,,,,,,2008/7/31,,,,5777.00,,,,,R097805,,121.54405968292683,24.993631146341464,,,,,,,,,,,,已核准,,,,97.7.31府都新字第09703811100號,,,
自劃單元,臺北市文山區實踐段二小段441地號等45筆土地為更新單元,526,,,,文山區,,,,,,,,,2010/8/30,,,,4689.00,,,,,R098810,,121.56000896052632,24.981151894736843,,,,,,,,,,,,已核准,,,,99.8.30府都新字第09902258000號,,,
自劃單元,臺北市北投區桃源段四小段109地號等7筆土地為更新單元(已失效),566,,,,北投區,,,,,,,,,2012/2/21,,,,4657.00,,,,,,,121.48297489655172,25.137610655172413,,,,,,,,,,,,已失效,,,,101.2.21府都新字第10003891900號,,,
自劃單元,臺北市松山區美仁段一小段330地號等38筆土地為更新單元,647,,,,松山區,,,,,,,,,2008/5/23,,,,5790.00,,,,,R097503,,121.55443996428572,25.05248267857143,,,,,,,,,,,,已核准,,,,97.5.23府都新字第09702217300號,,,
自劃單元,臺北市信義區三興段一小段1109地號等31筆土地為更新單元,720,,,,信義區,,,,,,,,,2008/9/26,,,,1632.00,,,,,R097610,,121.55795116,25.03112368,,,,,,,,,,,,已核准,,,,97.9.26府都新字第09705178900號,,,
自劃單元,臺北市信義區犁和段四小段4地號等12筆土地為?新單元(已失效),674,,,,信義區,,,,,,,,,2012/4/26,,,,1500.00,,,,,R101610,,121.55581731578947,25.02172389473684,,,,,,,,,,,,已失效,,,,101.4.26府都新字第10130275900號,,,
自劃單元,臺北市信義區雅祥段一小段411地號等11筆土地為更新單元,689,,,,信義區,,,,,,,,,2011/5/20,,,,2145.00,,,,,R100602,,121.5692917368421,25.04828352631579,,,,,,,,,,,,已核准,,,,100.5.20府都新字第10030440800號,,,
自劃單元,臺北市南港區南港段一小段1038地號等6筆土地為更新單元,753,,,,南港區,,,,,,,,,2009/9/14,,,,988.00,,,,,R098003,,121.605726575,25.0574776,,,,,,,,,,,,已核准,,,,98.9.14府都新字第09803813400號,,,
自劃單元,臺北市南港區玉成段四小段577地號等26筆土地為都市更新單元,755,,,,南港區,,,,,,,,,2009/4/9,,,,2721.00,,,,,R098001,,121.58853413235295,25.047573338235296,,,,,,,,,,,,已核准,,,,98.4.9府都新字第09800766900號,,,
自劃單元,臺北市士林區蘭雅段一小段170地號等12筆土地為更新單元,79,,,,士林區,,,,,,,,,2007/10/17,,,,4033.00,,,,,R096A04,,121.52493383783784,25.10977181081081,,,,,,,,,,,,已核准,,,,96.10.17府都新字第09606206500號,,,
自劃單元,臺北市中山區中山段四小段91地號等16筆土地為更新單元(已失效),819,,,,中山區,,,,,,,,,2014/8/5,,,,1736.00,,,,,嘉新A區案,,121.521573,25.059320666666665,,,,,,,,,,,,已失效,,,,103.8.5府都新字第10330913500號,,,
自劃單元,臺北市信義區逸仙段二小段68-2地號等15筆土地為更新單元(已失效),984,,,,信義區,,,,,,,,,2016/4/11,,,,2003.00,,,,,聯合報四大樓,,121.5647685925926,25.04260903703704,,,,,,,,,,,,已失效,,,,105.4.11府都新字第10530050800號,,,
自劃單元,臺北市士林區永平段三小段702地號等22筆土地為更新單元(已失效),869,,,,士林區,,,,,,,,,2015/5/1,,,,3069.00,,,,,合宏永平段,,121.50333926829268,25.089267853658537,,,,,,,,,,,,已失效,,,,104.5.1府都新字第10430084700號,,,
自劃單元,臺北市大安區通化段五小段290地號等25筆土地為更新單元,882,,,,大安區,,,,,,,,,2015/6/25,,,,2917.00,,,,,永慶敦南案,,121.55061696153847,25.030437346153846,,,,,,,,,,,,已核准,,,,104.6.25府都新字第10332470500號,,,
自劃單元,臺北市松山區敦化段一小段28地號1筆土地為更新單元,947,,,,松山區,,,,,,,,,2015/5/7,,,,4144.00,,,,,環宇大樓,,121.5465305,25.057278625000002,,,,,,,,,,,,已核准,,,,104.5.7府都新字第10332618200號,,,
自劃單元,臺北市中山區吉林段二小段834-1地號等3筆土地為更新單元(已失效),847,,,,中山區,,,,,,,,,2014/11/3,,,,1426.00,,,,,光華分行案,,121.53259,25.0531328,,,,,,,,,,,,已失效,,,,103.11.3府都新字第10332081000號,,,
自劃單元,臺北市中山區長安段三小段685地號等2筆土地為更新單元(已失效),820,,,,中山區,,,,,,,,,2014/9/26,,,,1156.00,,,,,世界通商大樓,,121.52811714285714,25.05172357142857,,,,,,,,,,,,已失效,,,,103.9.26府都新字第10331190500號,,,
自劃單元,臺北市松山區敦化段五小段2地號等2筆土地為更新單元,944,,,,松山區,,,,,,,,,2014/7/7,,,,1137.00,,,,,敦北大樓,,121.54917872727273,25.059768363636366,,,,,,,,,,,,已核准,,,,104.7.7府都新字第10332167700號,,,
自劃單元,臺北市松山區西松段三小段689地號等1筆土地為更新單元,598,,,,松山區,,,,,,,,,2014/4/14,,,,1984.00,,,,,光復大樓案,,121.55816328571429,25.04649057142857,,,,,,,,,,,,已核准,,,,103.4.14府都新字第10330271800號,,,
自劃單元,臺北市中正區公園段二小段129地號等3筆土地為更新單元(國泰人壽),908,,,,中正區,,,,,,,,,2015/10/6,,,,1530.00,,,,,襄陽大樓,,121.51634773333333,25.043649,,,,,,,,,,,,已核准,,,,104.10.6府都新字第10431855500號,,,
自劃單元,臺北市中正區公園段二小段246地號等23筆土地為更新單元,910,,,,中正區,,,,,,,,,2015/7/11,,,,2070.00,,,,,館前聯合大樓改建,,121.515335625,25.044272562499998,,,,,,,,,,,,已核准,,,,104.8.11府都新字第10332163400號,,,
自劃單元,臺北市大安區大安段一小段19地號等2筆土地為更新單元,150,,,,大安區,,,,,,,,,2012/11/21,,,,1089.00,,,,,頂禾華票大樓,,121.54823975000001,25.032519333333333,,,,,,,,,,,,已核准,,,,101.11.21府都新字第10132055500號,,,
自劃單元,臺北市大安區通化段一小段113地號等19筆土地為更新單元,844,,,,大安區,,,,,,,,,2014/11/21,,,,4797.00,,,,,華璞信義光復案,,121.55685204761905,25.032534333333334,,,,,,,,,,,,已核准,,,,103.11.21府都新字第10331007200號,,,
自劃單元,臺北市內湖區西湖段一小段128地號等30筆土地為更新單元,470,,,,內湖區,,,,,,,,,2014/1/8,,,,3827.00,,,,,忠泰環山路案,,121.56880691176471,25.086152676470586,,,,,,,,,,,,已核准,,,,103.1.8府都新字第10232061300號,,,
自劃單元,臺北市士林區天母段一小段219-6地號等13筆土地為更新單元,856,,,,士林區,,,,,,,,,2014/12/24,,,,4938.00,,,,,四方天母案,,121.52604854545454,25.115494484848487,,,,,,,,,,,,已核准,,,,103.12.24府都新字第10332486000號,,,
自劃單元,臺北市士林區天母段三小段417-1地號等29筆土地為更新單元,867,,,,士林區,,,,,,,,,2015/7/24,,,,3932.00,,,,,璞元天母西路案,,121.5249102923077,25.11895633846154,,,,,,,,,,,,已核准,,,,104.7.24府都新字第10431453900號,,,
自劃單元,臺北市松山區寶清段二小段238-5地號等22筆土地及信義區雅祥段一小段13-2地號(部分)1筆土地為更新單元(已失效),860,,,,松山區,,,,,,,,,2014/12/18,,,,1967.00,,,,,吉美八德路案,,121.57050886111111,25.04955027777778,,,,,,,,,,,,已失效,,,,103.12.18府都新字第10330537900號,,,
自劃單元,臺北市中山區中山段三小段812-2地號等15筆土地為更新單元,296,,,,中山區,,,,,,,,,2013/1/11,,,,2213.00,,,,,南京東路一段更新案,,121.52397757142857,25.052549714285714,,,,,,,,,,,,已核准,,,,102.1.11府都新字第10132131300號,,,
自劃單元,臺北市士林區百齡段五小段395-2地號等27筆土地為更新單元,14,,,,士林區,,,,,,,,,2013/7/17,,,,1985.00,,,,,愛山林承德路四段,,121.52266876190477,25.082073333333334,,,,,,,,,,,,已核准,,,,102.7.17府都新字第10230664000號,,,
自劃單元,臺北市大安區大安段一小段99地號等7筆土地為更新單元(已失效),133,,,,大安區,,,,,,,,,2013/9/13,,,,3896.00,,,,,郵政新村,,121.5464154375,25.0325935625,,,,,,,,,,,,已失效,,,,102.9.13府都新字第10231068400號,,,
自劃單元,臺北市內湖區文德段二小段615地號1筆土地為更新單元,919,,,,內湖區,,,,,,,,,2015/10/13,,,,1194.00,,,,,江南晴園,,121.57795570833333,25.076492916666666,,,,,,,,,,,,已核准,,,,104.10.13府都新字第10431448100號,,,
自劃單元,臺北市大安區懷生段二小段493地號等5筆土地為更新單元,968,,,,大安區,,,,,,,,,2016/1/15,,,,3031.00,,,,,富邦產險,,121.53866560714286,25.03716239285714,,,,,,,,,,,,已核准,,,,105.1.15府都新字第10432673300號,,,
自劃單元,臺北市士林區蘭雅段二小段119地號等22筆土地為更新單元,11,,,,士林區,,,,,,,,,2013/9/18,,,,3200.00,,,,,僑大中山北路案,,121.52499861643835,25.102930246575344,,,,,,,,,,,,已核准,,,,102.9.18府都新字第10231514700號,,,
自劃單元,臺北市中山區德惠段四小段365地號等20筆土地為更新單元(已失效),302,,,,中山區,,,,,,,,,2012/7/23,,,,2425.00,,,,,昇立新生北路,,121.52709311111111,25.066032,,,,,,,,,,,,已失效,,,,101.7.23府都新字第10131186800號,,,
自劃單元,臺北市中山區長春段三小段117-1地號等4筆土地為更新單元(已失效),817,,,,中山區,,,,,,,,,2014/7/22,,,,626.00,,,,,冠揚建國北路,,121.53645228571429,25.055057857142856,,,,,,,,,,,,已失效,,,,103.7.22府都新字第10330480000號,,,
自劃單元,臺北市中山區長安段三小段317地號等15筆土地為更新單元(已失效),276,,,,中山區,,,,,,,,,2014/2/17,,,,1747.00,,,,,元大伊通街,,121.53449979999999,25.051234700000002,,,,,,,,,,,,已失效,,,,103.2.17府都新字第10231869200號,,,
自劃單元,臺北市士林區天母段四小段469地號等2筆土地為更新單元,38,,,,士林區,,,,,,,,,2012/1/11,,,,1054.00,,,,,,,121.5299782,25.1228461,,,,,,,,,,,,已核准,,,,101.1.11府都新字第10003962600號,,,
自劃單元,臺北市士林區三玉段四小段176地號等14筆土地為更新單元(已失效),31,,,,士林區,,,,,,,,,2012/7/12,,,,2014.00,,,,,,,121.528148,25.1096955,,,,,,,,,,,,已失效,,,,101.7.12府都新字第10130853900號,,,
自劃單元,臺北市大同區延平段一小段314地號等36筆土地為更新單元,99,,,,大同區,,,,,,,,,2012/11/29,,,,2681.00,,,,,,,121.51240822222222,25.05939461111111,,,,,,,,,,,,已核准,,,,101.11.29府都新字第10132173200號,,,
自劃單元,臺北市大安區龍泉段一小段393地號等17筆土地為更新單元,156,,,,大安區,,,,,,,,,2012/9/19,,,,2911.00,,,,,,,121.5324164,25.021638433333333,,,,,,,,,,,,已核准,,,,101.9.19府都新字第10131100800號,,,
自劃單元,臺北市大安區懷生段一小段762地號等15筆土地為更新單元,155,,,,大安區,,,,,,,,,2012/9/21,,,,1720.00,,,,,,,121.53917136363636,25.041959181818182,,,,,,,,,,,,已核准,,,,101.9.21府都新字第10131565700號,,,
自劃單元,臺北市中山區北安段二小段503地號等13筆土地為更新單元,301,,,,中山區,,,,,,,,,2012/7/25,,,,1026.00,,,,,,,121.54543518181818,25.08228590909091,,,,,,,,,,,,已核准,,,,101.7.25府都新字第10130883800號,,,
自劃單元,臺北市中山區榮星段六小段657地號等1筆土地為更新單元,300,,,,中山區,,,,,,,,,2012/8/24,,,,2463.00,,,,,,,121.5339426,25.0582259,,,,,,,,,,,,已核准,,,,101.8.24府都新字第10131421000號,,,
自劃單元,臺北市中山區德惠段三小段562地號等26筆土地為更新單元(已失效),299,,,,中山區,,,,,,,,,2012/9/5,,,,2439.00,,,,,,,121.52991553333334,25.064207666666668,,,,,,,,,,,,已失效,,,,101.9.5府都新字第10131616300號,,,
自劃單元,臺北市中山區中山段一小段218地號等17筆土地為更新單元(已失效),298,,,,中山區,,,,,,,,,2012/10/25,,,,2685.00,,,,,,,121.5252889,25.0652108,,,,,,,,,,,,已失效,,,,101.10.25府都新字第10131891500號,,,
自劃單元,臺北市中正區福和段二小段437地號等20筆土地為更新單元(已失效),402,,,,中正區,,,,,,,,,2012/7/12,,,,2396.00,,,,,,,121.53549804166667,25.013069625,,,,,,,,,,,,已失效,,,,101.7.12府都新字第10130307700號,,,
自劃單元,臺北市中正區福和段一小段694地號等18筆土地為更新單元,397,,,,中正區,,,,,,,,,2012/12/3,,,,2101.00,,,,,,,121.5314026111111,25.016976166666666,,,,,,,,,,,,已核准,,,,101.12.3府都新字第10131144400號,,,
自劃單元,臺北市中正區臨沂段三小段413地號等3筆土地為更新單元(已失效),396,,,,中正區,,,,,,,,,2012/12/6,,,,1443.00,,,,,,,121.53057796,25.0339514,,,,,,,,,,,,已失效,,,,101.12.6府都新字第10131771300號,,,
自劃單元,臺北市中正區南海段四小段171地號等17筆土地為更新單元(已失效),400,,,,中正區,,,,,,,,,2012/7/27,,,,2070.00,,,,,,,121.51748996969697,25.03187896969697,,,,,,,,,,,,已失效,,,,101.7.27府都新字第10130258000號,,,
自劃單元,臺北市內湖區東湖段一小段14-2地號等1筆土地為更新單元,479,,,,內湖區,,,,,,,,,2012/7/3,,,,1402.00,,,,,,,121.61747629230769,25.073128646153847,,,,,,,,,,,,已核准,,,,101.7.3府都新字第10131094600號,,,
自劃單元,臺北市文山區興泰段二小段266地號等5筆土地為更新單元,514,,,,文山區,,,,,,,,,2012/11/13,,,,4467.00,,,,,,,121.55584523595506,25.003732719101123,,,,,,,,,,,,已核准,,,,101.11.13府都新字第10131016700號,,,
自劃單元,臺北市北投區振興段三小段770地號等29筆土地為更新單元,564,,,,北投區,,,,,,,,,2012/8/3,,,,3863.00,,,,,,,121.51888708333334,25.111377972222222,,,,,,,,,,,,已核准,,,,101.8.3府都新字第10130420200號,,,
自劃單元,臺北市北投區大業段四小段460-1地號等25筆土地為更新單元,561,,,,北投區,,,,,,,,,2012/9/24,,,,3330.00,,,,,,,121.49852662857143,25.127597942857143,,,,,,,,,,,,已核准,,,,101.9.24府都新字第10131472800號,,,
自劃單元,臺北市信義區三興段三小段350地號19筆土地為更新單元(已失效),669,,,,信義區,,,,,,,,,2012/11/15,,,,2338.00,,,,,,,121.55645938235294,25.027312911764707,,,,,,,,,,,,已失效,,,,101.11.15府都新字第10131676300號,,,
自劃單元,臺北市萬華區雙園段三小段741-3地號等23筆土地為更新單元,775,,,,萬華區,,,,,,,,,2012/8/27,,,,1859.00,,,,,,,121.4914384117647,25.023971529411764,,,,,,,,,,,,已核准,,,,101.8.27府都新字第10131448200號,,,
自劃單元,臺北市萬華區福星段四小段240地號等61筆土地為更新單元(已失效),773,,,,萬華區,,,,,,,,,2012/10/26,,,,4916.00,,,,,,,121.5043159,25.043844566666667,,,,,,,,,,,,已失效,,,,101.10.26府都新字第10131562800號,,,
自劃單元,臺北市南港區南港段一小段1215地號等8筆土地為更新單元(已失效),743,,,,南港區,,,,,,,,,2012/7/31,,,,960.00,,,,,,,121.60719534090909,25.055301363636364,,,,,,,,,,,,已失效,,,,101.7.31府都新字第10131056400號,,,
自劃單元,臺北市中山區中山段一小段338地號等18筆土地為更新單元(已失效),297,,,,中山區,,,,,,,,,2012/10/25,,,,3068.00,,,,,,,121.52353266666667,25.065230083333333,,,,,,,,,,,,已失效,,,,101.10.25府都新字第10131891400號,,,
自劃單元,臺北市中山區長安段二小段290地號等5筆土地為更新單元,375,,,,中山區,,,,,,,,,2007/5/22,,,,4983.00,,,,,,,121.53853175,25.048046499999998,,,,,,,,,,,,已核准,,,,96.5.22府都新字第09601880700號,,,
自劃單元,臺北市大安區復興段二小段7地號等2筆土地為更新單元,238,,,,大安區,,,,,,,,,2008/12/31,,,,2983.00,,,,,一品大廈,,121.5475528,25.0407495,,,,,,,,,,,,已核准,,,,97.12.31府都新字第09707806700號,,,
自劃單元,臺北市松山區西松段三小段327地號等50筆土地為更新單元(已失效),609,,,,松山區,,,,,,,,,2012/11/30,,,,3718.00,,,,,,,121.56063525,25.047278,,,,,,,,,,,,已失效,,,,101.11.30府都新字第10131463800號,,,
自劃單元,臺北市松山區西松段二小段722地號等10筆土地為更新單元(已失效),612,,,,松山區,,,,,,,,,2012/10/24,,,,3719.00,,,,,,,121.55851647058823,25.051177,,,,,,,,,,,,已失效,,,,101.10.24府都新字第10131850700號,,,
自劃單元,臺北市大安區通化段四小段339地號等21筆土地為更新單元,247,,,,大安區,,,,,,,,,2008/1/4,,,,1206.00,,,,,,,121.55280338461539,25.031162153846154,,,,,,,,,,,,已核准,,,,97.1.4府都新字第09608350000號,,,
自劃單元,臺北市大安區龍泉段三小段872地號等41筆土地為更新單元(已失效),157,,,,大安區,,,,,,,,,2012/8/1,,,,1200.00,,,,,,,121.527901,25.021902666666666,,,,,,,,,,,,已失效,,,,101.8.1府都新字第10130862100號,,,
自劃單元,臺北市大安區金華段二小段291地號等4筆土地為更新單元(已失效),148,,,,大安區,,,,,,,,,2012/12/28,,,,688.00,,,,,,,121.53289744444444,25.02713811111111,,,,,,,,,,,,已失效,,,,101.12.28府都新字第10132424200號,,,
自劃單元,臺北市大安區學府段二小段10地號等3筆土地為更新單元,153,,,,大安區,,,,,,,,,2012/10/18,,,,558.00,,,,,,,121.5427666,25.0245722,,,,,,,,,,,,已核准,,,,101.10.18府都新字第10131342900號,,,
自劃單元,臺北市大安區仁愛段二小段644地號等9筆土地為更新單元(已失效),151,,,,大安區,,,,,,,,,2012/11/14,,,,2382.00,,,,,,,121.55003894736842,25.03970552631579,,,,,,,,,,,,已失效,,,,101.11.14府都新字第10131693100號,,,
自劃單元,臺北市大安區辛亥段三小段571地號等26筆土地為更新單元(已失效),149,,,,大安區,,,,,,,,,2012/12/22,,,,2159.00,,,,,,,121.5523599047619,25.022029523809525,,,,,,,,,,,,已失效,,,,101.12.22府都新字第10131972900號,,,
自劃單元,臺北市中正區永昌段五小段303地號等22筆土地為更新單元,399,,,,中正區,,,,,,,,,2012/8/16,,,,1185.00,,,,,,,121.50949452631579,25.02555689473684,,,,,,,,,,,,已核准,,,,101.8.16府都新字第10130412900號,,,
自劃單元,臺北市士林區蘭雅段二小段454地號等32筆土地為更新單元(已失效),23,,,,士林區,,,,,,,,,2012/11/8,,,,3330.00,,,,,,,121.52046453333334,25.103409711111112,,,,,,,,,,,,已失效,,,,101.11.8府都新字第10132102500號,,,
自劃單元,臺北市士林區三玉段二小段481地號等3筆土地為更新單元(已失效),29,,,,士林區,,,,,,,,,2012/8/15,,,,2695.00,,,,,,,121.53145797777778,25.11405553333333,,,,,,,,,,,,已失效,,,,101.8.15府都新字第10130944100號,,,
自劃單元,臺北市士林區芝蘭段四小段115地號等9筆土地為更新單元,1,,,,士林區,,,,,,,,,2014/3/27,,,,5236.00,,,,,,,121.53502106976744,25.109530023255815,,,,,,,,,,,,已核准,,,,103.3.27府都新字第10232324600號,,,
自劃單元,臺北市內湖區文德段二小段271地號等2筆土地為更新單元(已失效),478,,,,內湖區,,,,,,,,,2012/7/24,,,,1472.00,,,,,,,121.5833776,25.07564886666667,,,,,,,,,,,,已失效,,,,101.7.24府都新字第10131090200號,,,
自劃單元,臺北市文山區實踐段一小段135地號等35筆土地為更新單元(已失效),515,,,,文山區,,,,,,,,,2012/11/8,,,,2941.00,,,,,,,121.55739190384615,24.986041346153847,,,,,,,,,,,,已失效,,,,101.11.8府都新字第10131096600號,,,
自劃單元,臺北市北投區行義段四小段303地號等9筆土地為更新單元(已失效),560,,,,北投區,,,,,,,,,2012/12/22,,,,2519.00,,,,,,,121.52400074545454,25.122829290909092,,,,,,,,,,,,已失效,,,,101.12.22府都新字第10131605900號,,,
自劃單元,臺北市北投區文林段四小段530地號等42筆土地為更新單元(已失效),565,,,,北投區,,,,,,,,,2012/6/5,,,,4788.00,,,,,,,121.51616072222222,25.1125605,,,,,,,,,,,,已失效,,,,101.6.5府都新字第10130323800號,,,
自劃單元,變更臺北市中山區吉林段四小段219地號等8筆土地為同小段261地號等4筆土地更新單元,341,,,,中山區,,,,,,,,,2009/5/7,,,,725.00,,,,,,,121.529,25.055078714285713,,,,,,,,,,,,已核准,,,,98.5.7府都新字第09802118500號,,,
自劃單元,臺北市士林區三玉段二小段712地號等6筆土地為更新單元(已失效),20,,,,士林區,,,,,,,,,2012/12/14,,,,2107.00,,,,,,,121.53037589361702,25.112532063829786,,,,,,,,,,,,已失效,,,,101.12.14府都新字第10132102600號,,,
自劃單元,臺北市士林區蘭雅段三小段20地號等13筆土地為更新單元(已失效),21,,,,士林區,,,,,,,,,2012/12/5,,,,4563.00,,,,,,,121.52511217307692,25.101917596153847,,,,,,,,,,,,已失效,,,,101.12.5府都新字第10131769000號,,,
自劃單元,臺北市士林區永平段一小段311地號等4筆土地為更新單元(已失效),24,,,,士林區,,,,,,,,,2012/10/29,,,,736.00,,,,,,,121.50598122727273,25.0930545,,,,,,,,,,,,已失效,,,,101.10.29府都新字第10132005300號,,,
自劃單元,臺北市士林區蘭雅段一小段633地號等4筆土地為更新單元,25,,,,士林區,,,,,,,,,2012/10/11,,,,1490.00,,,,,,,121.5240445,25.1064765,,,,,,,,,,,,已核准,,,,101.10.11府都新字第10131797600號,,,
自劃單元,變更臺北市士林區天母段三小段34地號等1筆土地為同小段34地號等2筆土地為更新單元,22,,,,士林區,,,,,,,,,2012/11/19,,,,1693.00,,,,,,,121.52643081481482,25.121391703703704,,,,,,,,,,,,已核准,,,,101.11.19府都新字第10131800200號,,,
自劃單元,臺北市士林區芝山段一小段127-1地號等6筆土地為更新單元,28,,,,士林區,,,,,,,,,2012/9/5,,,,1611.00,,,,,,,121.53173817391304,25.10869652173913,,,,,,,,,,,,已核准,,,,101.9.5府都新字第10131321800號,,,
自劃單元,臺北市中正區永昌段一小段646地號等20筆土地為更新單元,978,,,,中正區,,,,,,,,,2016/1/15,,,,1183.00,,,,,,,121.51335331818181,25.024385272727272,,,,,,,,,,,,已核准,,,,105.1.15府都新字第10231730400號,,,
自劃單元,臺北市士林區三玉段一小段219地號等9筆土地為更新單元,33,,,,士林區,,,,,,,,,2012/6/14,,,,1783.00,,,,,,,121.5338559,25.112532033333334,,,,,,,,,,,,已核准,,,,101.6.14府都新字第10130051600號,,,
自劃單元,臺北市士林區福林段一小段338-1地號等18筆土地為更新單元(已失效),34,,,,士林區,,,,,,,,,2012/6/14,,,,1291.00,,,,,,,121.53304320689655,25.099107689655174,,,,,,,,,,,,已失效,,,,101.6.14府都新字第10130860000號,,,
自劃單元,臺北市大安區金華段三小段383-16地號等33筆土地為更新單元,152,,,,大安區,,,,,,,,,2012/10/18,,,,989.00,,,,,,,121.52528651515152,25.033559515151516,,,,,,,,,,,,已核准,,,,101.10.18府都新字第10131717400號,,,
自劃單元,臺北市中山區長春段一小段712-1地號等34筆土地為更新單元,339,,,,中山區,,,,,,,,,2009/7/10,,,,4584.00,,,,,,,121.5430894,25.0536469,,,,,,,,,,,,已核准,,,,98.7.10府都新字第09802848900號,,,
自劃單元,臺北市中正區河堤段四小段263-19地號等25筆土地為更新單元,395,,,,中正區,,,,,,,,,2012/12/10,,,,1226.00,,,,,,,121.5198805,25.02590607692308,,,,,,,,,,,,已核准,,,,101.12.10府都新字第10131090300號,,,
自劃單元,臺北市文山區萬隆段二小段196地號等4筆土地為更新單元(已失效),512,,,,文山區,,,,,,,,,2012/12/27,,,,2514.00,,,,,,,121.53832973170732,25.002344,,,,,,,,,,,,已失效,,,,101.12.27府都新字第10132238100號,,,
自劃單元,臺北市文山區萬慶段二小段474地號等9筆土地為更新單元(已失效),513,,,,文山區,,,,,,,,,2012/12/22,,,,2075.00,,,,,,,121.53709325581396,24.995217604651163,,,,,,,,,,,,已失效,,,,101.12.22府都新字第10131858000號,,,
自劃單元,臺北市士林區永新段二小段45-2地號等13筆土地為更新單元,2,,,,士林區,,,,,,,,,2013/12/30,,,,2156.00,,,,,,,121.50428028125,25.08861296875,,,,,,,,,,,,已核准,,,,102.12.30府都新字第10231847000號,,,
自劃單元,臺北市士林區百齡段六小段647-1地號等21筆土地為更新單元(已失效),3,,,,士林區,,,,,,,,,2013/12/9,,,,2098.00,,,,,,,121.52266217857142,25.078715035714286,,,,,,,,,,,,已失效,,,,102.12.9府都新字第10232210700號,,,
自劃單元,臺北市士林區芝山段一小段11地號等3筆土地為更新單元,5,,,,士林區,,,,,,,,,2013/11/13,,,,1692.00,,,,,,,121.53338567857143,25.10899439285714,,,,,,,,,,,,已核准,,,,102.11.13府都新字第10232001000號,,,
自劃單元,臺北市士林區芝山段二小段971地號等17筆土地為更新單元(已失效),7,,,,士林區,,,,,,,,,2013/10/17,,,,1396.00,,,,,,,121.52671192857143,25.101432142857142,,,,,,,,,,,,已失效,,,,102.10.17府都新字第10231865600號,,,
自劃單元,臺北市士林區三玉段五小段445地號等20筆土地為更新單元,9,,,,士林區,,,,,,,,,2013/9/24,,,,1653.00,,,,,,,121.52623134883721,25.108361906976743,,,,,,,,,,,,已核准,,,,102.9.24府都新字第10231714500號,,,
自劃單元,臺北市士林區天母段一小段280地號等4筆土地為更新單元(已失效),10,,,,士林區,,,,,,,,,2013/9/18,,,,559.00,,,,,,,121.52553495238095,25.11462561904762,,,,,,,,,,,,已失效,,,,102.9.18府都新字第10231660300號,,,
自劃單元,臺北市士林區蘭雅段三小段227地號等11筆土地為更新單元(已失效),12,,,,士林區,,,,,,,,,2013/8/2,,,,1013.00,,,,,,,121.52321445,25.1015943,,,,,,,,,,,,已失效,,,,102.8.2府都新字第10231335600號,,,
自劃單元,臺北市士林區天山段二小段264地號等19筆土地為更新單元(已失效),13,,,,士林區,,,,,,,,,2013/7/24,,,,2676.00,,,,,,,121.5331880409091,25.118873154545454,,,,,,,,,,,,已失效,,,,102.7.24府都新字第10231022500號,,,
自劃單元,臺北市士林區三玉段四小段271地號等9筆土地為更新單元,15,,,,士林區,,,,,,,,,2013/6/21,,,,922.00,,,,,,,121.5287956511628,25.111876976744185,,,,,,,,,,,,已核准,,,,102.6.21府都新字第10230642300號,,,
自劃單元,臺北市士林區蘭雅段三小段57地號等18筆土地為更新單元(已失效),17,,,,士林區,,,,,,,,,2013/5/29,,,,2543.00,,,,,,,121.52492162068965,25.10129798275862,,,,,,,,,,,,已失效,,,,102.5.29府都新字第10230690400號,,,
自劃單元,臺北市士林區陽明段三小段379-6地號等15筆土地為更新單元,18,,,,士林區,,,,,,,,,2013/4/9,,,,1310.00,,,,,,,121.52337088235294,25.09700705882353,,,,,,,,,,,,已核准,,,,102.4.9府都新字第10230091700號,,,
自劃單元,臺北市士林區百齡段二小段354地號等14筆土地為更新單元,808,,,,士林區,,,,,,,,,2014/7/31,,,,2679.00,,,,,,,121.5209905116279,25.086965441860464,,,,,,,,,,,,已核准,,,,103.7.31府都新字第10330821700號,,,
自劃單元,臺北市士林區百齡段五小段3-1地號等25筆土地為更新單元(已失效),809,,,,士林區,,,,,,,,,2014/8/25,,,,2785.00,,,,,,,121.52292997435897,25.084537230769232,,,,,,,,,,,,已失效,,,,103.8.25府都新字第10331188300號,,,
自劃單元,臺北市士林區芝蘭段一小段480地號等8筆土地為更新單元,841,,,,士林區,,,,,,,,,2014/11/12,,,,4473.00,,,,,,,121.5354380862069,25.110328327586206,,,,,,,,,,,,已核准,,,,103.11.12府都新字第10331560100號,,,
自劃單元,臺北市士林區芝蘭段四小段130地號等9筆土地為更新單元,842,,,,士林區,,,,,,,,,2014/11/24,,,,1292.00,,,,,,,121.53435957352941,25.10947882352941,,,,,,,,,,,,已核准,,,,103.11.24府都新字第10330421400號,,,
自劃單元,臺北市士林區海光段二小段68地號等4筆土地為更新單元,863,,,,士林區,,,,,,,,,2015/11/11,,,,1532.00,,,,,,,121.5088494,25.083392,,,,,,,,,,,,已核准,,,,104.11.11府都新字第10432258000號,,,
自劃單元,臺北市士林區百齡段五小段107(部分)地號等2筆土地為更新單元,864,,,,士林區,,,,,,,,,2015/10/26,,,,1821.00,,,,,,,121.52119686111111,25.083839055555554,,,,,,,,,,,,已核准,,,,104.10.26府都新字第10431502400號,,,
自劃單元,臺北市士林區蘭雅段二小段397地號1筆土地為更新單元,865,,,,士林區,,,,,,,,,2015/10/15,,,,773.00,,,,,,,121.52186187878787,25.104396454545455,,,,,,,,,,,,已核准,,,,104.10.15府都新字第10431861900號,,,
自劃單元,臺北市士林區天母段二小段15地號等14筆土地為更新單元,868,,,,士林區,,,,,,,,,2015/6/30,,,,5256.00,,,,,,,121.53022615068492,25.120923410958905,,,,,,,,,,,,已核准,,,,104.6.30府都新字第10430443400號,,,
自劃單元,臺北市士林區百齡段五小段342地號等19筆土地為更新單元,870,,,,士林區,,,,,,,,,2015/4/29,,,,1211.00,,,,,,,121.52303593939394,25.082773515151516,,,,,,,,,,,,已核准,,,,104.4.29府都新字第10332457600號,,,
自劃單元,臺北市士林區蘭雅段三小段34-1地號等13筆土地為更新單元,871,,,,士林區,,,,,,,,,2015/4/27,,,,1324.00,,,,,,,121.52561206666667,25.101503,,,,,,,,,,,,已核准,,,,104.4.27府都新字第10330700800號,,,
自劃單元,臺北市士林區天母段一小段93-2地號等11筆土地為更新單元,872,,,,士林區,,,,,,,,,2015/4/8,,,,2274.00,,,,,,,121.52661920754717,25.116715264150944,,,,,,,,,,,,已核准,,,,104.4.8府都新字第10332262000號,,,
自劃單元,臺北市士林區百齡段五小段369地號等13筆土地為更新單元(已失效),986,,,,士林區,,,,,,,,,2016/5/23,,,,1723.00,,,,,,,121.522832,25.08263376,,,,,,,,,,,,已失效,,,,105.5.23府都新字第10432623800號,,,
自劃單元,臺北市士林區三玉段三小段140-7地號等4筆土地為更新單元,996,,,,士林區,,,,,,,,,2016/8/31,,,,571.00,,,,,,,121.52903833333333,25.115257333333332,,,,,,,,,,,,已核准,,,,105.8.31府都新字第10531546400號,,,
自劃單元,臺北市士林區天母段三小段96地號土地1筆為更新單元,997,,,,士林區,,,,,,,,,2016/10/4,,,,1552.00,,,,,,,121.52799608163265,25.121604346938774,,,,,,,,,,,,已核准,,,,105.10.4府都新字第10531806100號,,,
自劃單元,臺北市士林區福順段一小段347地號等16筆土地為更新單元,998,,,,士林區,,,,,,,,,2016/10/4,,,,1260.00,,,,,,,121.51288925,25.082815083333333,,,,,,,,,,,,已核准,,,,105.10.4府都新字第10531368300號,,,
自劃單元,臺北市士林區天母段一小段211-4地號等13筆土地為更新單元,1081,,,,士林區,,,,,,,,,2018/7/25,,,,855.00,,,,,,,121.52713878571429,25.115261904761905,,,,,,,,,,,,已核准,,,,107.7.25府都新字第10730803000號,,,
自劃單元,臺北市士林區天山段二小段121(部分)地號等5筆土地為更新單元,1015,,,,士林區,,,,,,,,,2017/1/3,,,,1253.00,,,,,,,121.53586365384615,25.118436,,,,,,,,,,,,已核准,,,,106.1.3府都新字第10532496100號,,,
自劃單元,臺北市士林區三玉段二小段328地號等14筆土地為更新單元(已失效),1018,,,,士林區,,,,,,,,,2014/3/5,,,,4840.00,,,,,,,121.53209173076922,25.11505951923077,,,,,,,,,,,,已失效,,,,103.3.5府都新字第10232367600號,,,
自劃單元,臺北市士林區海光段二小段71地號等33筆土地為更新單元(已失效),1024,,,,士林區,,,,,,,,,2017/2/7,,,,2068.00,,,,,,,121.50917006666667,25.083342766666668,,,,,,,,,,,,已失效,,,,106.2.7府都新字第10531847000號,,,
自劃單元,臺北市大同區雙連段二小段622-1地號等52筆土地為更新單元(已失效),87,,,,大同區,,,,,,,,,2014/2/18,,,,2323.00,,,,,,,121.51500738461539,25.05990019230769,,,,,,,,,,,,已失效,,,,103.2.18府都新字第10231916500號,,,
自劃單元,臺北市大同區市府段二小段12地號等13筆土地為更新單元,88,,,,大同區,,,,,,,,,2014/1/29,,,,1117.00,,,,,,,121.51698047368421,25.053081210526315,,,,,,,,,,,,已核准,,,,103.1.29府都新字第10232367800號,,,
自劃單元,臺北市大同區雙連段二小段83-1地號等73筆土地為更新單元,89,,,,大同區,,,,,,,,,2013/11/1,,,,4115.00,,,,,,,121.51488466666667,25.06040812820513,,,,,,,,,,,,已核准,,,,102.11.1府都新字第10231160300號,,,
自劃單元,臺北市大同區玉泉段一小段764地號等22筆土地為更新單元,90,,,,大同區,,,,,,,,,2013/10/25,,,,1532.00,,,,,,,121.51256792307693,25.051658576923078,,,,,,,,,,,,已核准,,,,102.10.25府都新字第10231068700號,,,
自劃單元,臺北市大同區迪化段三小段343-4地號等23筆土地為更新單元(已失效),91,,,,大同區,,,,,,,,,2013/10/15,,,,1439.00,,,,,,,121.5090445,25.054038153846154,,,,,,,,,,,,已失效,,,,102.10.15府都新字第10231849500號,,,
自劃單元,臺北市大同區大同段二小段721地號等32筆土地為更新單元(已失效),92,,,,大同區,,,,,,,,,2013/9/6,,,,2693.00,,,,,,,121.51437657142857,25.065037785714285,,,,,,,,,,,,已失效,,,,102.9.6府都新字第10231146100號,,,
自劃單元,臺北市大同區玉泉段二小段565地號等7筆土地為更新單元,93,,,,大同區,,,,,,,,,2013/8/23,,,,928.00,,,,,,,121.508358,25.053259307692308,,,,,,,,,,,,已核准,,,,102.8.23府都新字第10231128000號,,,
自劃單元,臺北市大同區大龍段一小段301-1地號等45筆土地為更新單元(已失效),94,,,,大同區,,,,,,,,,2013/4/12,,,,2513.00,,,,,,,121.5190978888889,25.07381362962963,,,,,,,,,,,,已失效,,,,102.4.12府都新字第10132268000號,,,
自劃單元,臺北市大同區大龍段一小段543地號等19筆土地為更新單元(已失效),95,,,,大同區,,,,,,,,,2013/4/11,,,,2115.00,,,,,,,121.51878678947368,25.073962315789473,,,,,,,,,,,,已失效,,,,102.4.11府都新字第10230374100號,,,
自劃單元,臺北市大同區大同段二小段146地號等6筆土地為更新單元(已失效),96,,,,大同區,,,,,,,,,2013/3/14,,,,641.00,,,,,,,121.517971,25.064063166666667,,,,,,,,,,,,已失效,,,,102.3.14府都新字第10132569100號,,,
自劃單元,臺北市大同區玉泉段二小段452-2地號等72筆土地為更新單元,97,,,,大同區,,,,,,,,,2013/2/23,,,,6687.00,,,,,,,121.50928208333333,25.052759805555556,,,,,,,,,,,,已核准,,,,102.2.23府都新字第10132602100號,,,
自劃單元,臺北市大同區延平段一小段430地號等12筆土地為更新單元,811,,,,大同區,,,,,,,,,2014/8/28,,,,1762.00,,,,,,,121.51254404347826,25.05845847826087,,,,,,,,,,,,已核准,,,,103.8.28府都新字第10331027000號,,,
自劃單元,臺北市大同區延平段一小段48地號等5筆土地為更新單元,812,,,,大同區,,,,,,,,,2014/10/8,,,,660.00,,,,,,,121.51219528571428,25.062675,,,,,,,,,,,,已核准,,,,103.10.8府都新字第10331923900號,,,
自劃單元,臺北市大同區大同段二小段115地號等22筆土地為更新單元,873,,,,大同區,,,,,,,,,2015/9/30,,,,1418.00,,,,,,,121.5179291,25.06496235,,,,,,,,,,,,已核准,,,,104.9.30府都新字第10431197000號,,,
自劃單元,臺北市大同區圓環段三小段114地號等32筆土地為更新單元(已失效),874,,,,大同區,,,,,,,,,2015/8/31,,,,1594.00,,,,,,,121.5177987826087,25.055532391304347,,,,,,,,,,,,已失效,,,,104.8.31府都新字第10430837500號,,,
自劃單元,臺北市大同區文昌段一小段692-7地號等34筆土地為更新單元,875,,,,大同區,,,,,,,,,2015/5/29,,,,2926.00,,,,,,,121.51078286956522,25.077275304347825,,,,,,,,,,,,已失效,,,,104.5.29府都新字第10232126000號,,,
自劃單元,臺北市大同區市府段二小段83地號等20筆土地為更新單元,964,,,,大同區,,,,,,,,,2016/1/18,,,,2144.00,,,,,,,121.51640972,25.0528472,,,,,,,,,,,,已核准,,,,105.1.18府都新字第10431067000號,,,
自劃單元,臺北市大同區市府段二小段61-1地號等27筆土地為更新單元(簡化流程),988,,,,大同區,,,,,,,,,2016/7/14,,,,3030.00,,,,,,,121.5169684,25.052767333333332,,,,,,,,,,,,已核准,,,,105.7.14府都新字第10531277500號,,,
自劃單元,臺北市大同區市府段二小段5-2地號等12筆土地為更新單元,1025,,,,大同區,,,,,,,,,2017/3/9,,,,843.00,,,,,,,121.51731042857142,25.05306864285714,,,,,,,,,,,,已核准,,,,106.3.9府都新字第10630189400號,,,
自劃單元,臺北市大安區懷生段一小段70-2地號等23筆土地為更新單元(已失效),122,,,,大安區,,,,,,,,,2014/3/11,,,,642.00,,,,,,,121.5430866590909,25.04386793181818,,,,,,,,,,,,已失效,,,,103.3.11府都新字第10330079100號,,,
自劃單元,變更臺北市大安區金華段一小段718地號等16筆土地為同小段719地號等11筆土地更新單元,123,,,,大安區,,,,,,,,,2014/3/11,,,,1779.00,,,,,,,121.52920145454546,25.030743954545454,,,,,,,,,,,,已核准,,,,103.3.11府都新字第10330235400號,,,
自劃單元,臺北市大安區辛亥段三小段504地號等8筆土地為更新單元(已失效),124,,,,大安區,,,,,,,,,2014/2/20,,,,1057.00,,,,,,,121.55267019047619,25.02166861904762,,,,,,,,,,,,已失效,,,,103.2.20府都新字第10232339800號,,,
自劃單元,臺北市大安區復興段三小段403地號等11筆土地為更新單元(已失效),125,,,,大安區,,,,,,,,,2013/11/7,,,,2041.00,,,,,,,121.54777828571429,25.034059,,,,,,,,,,,,已失效,,,,102.11.7府都新字第10231829600號,,,
自劃單元,變更臺北市大安區仁愛段六小段139-4地號等6筆土地為同小段139-4地號等5筆土地更新單元,127,,,,大安區,,,,,,,,,2013/11/1,,,,790.00,,,,,,,121.55271805,25.043364,,,,,,,,,,,,已核准,,,,102.11.1府都新字第10231963700號,,,
自劃單元,臺北市大安區學府段一小段509-1地號等26筆土地為更新單元,128,,,,大安區,,,,,,,,,2013/11/1,,,,1162.00,,,,,,,121.54752743478261,25.02142056521739,,,,,,,,,,,,已核准,,,,102.11.1府都新字第10231787400號,,,
自劃單元,臺北市大安區學府段四小段125地號等3筆土地為更新單元,129,,,,大安區,,,,,,,,,2013/10/29,,,,675.00,,,,,,,121.53605644444444,25.023946444444444,,,,,,,,,,,,已核准,,,,102.10.29府都新字第10231805400號,,,
自劃單元,臺北市大安區金華段三小段383-3地號等16筆土地為更新單元,130,,,,大安區,,,,,,,,,2013/10/14,,,,1316.00,,,,,,,121.52474916666667,25.033916583333333,,,,,,,,,,,,已核准,,,,102.10.14府都新字第10231090300號,,,
自劃單元,臺北市大安區學府段三小段397地號等31筆土地為更新單元,131,,,,大安區,,,,,,,,,2013/9/25,,,,2277.00,,,,,,,121.53910177777777,25.025072944444446,,,,,,,,,,,,已核准,,,,102.9.25府都新字第10230897800號,,,
自劃單元,臺北市大安區懷生段四小段112地號等10筆土地為更新單元(已失效),132,,,,大安區,,,,,,,,,2013/9/18,,,,1899.00,,,,,,,121.53710427272728,25.035928545454546,,,,,,,,,,,,已失效,,,,102.9.18府都新字第10230931500號,,,
自劃單元,臺北市大安區仁愛段四小段81地號等6筆土地為更新單元(已失效),134,,,,大安區,,,,,,,,,2013/8/23,,,,2084.00,,,,,,,121.54993253846153,25.036536076923078,,,,,,,,,,,,已失效,,,,102.8.23府都新字第10230507300號,,,
自劃單元,臺北市大安區通化段三小段84地號等7筆土地為更新單元,135,,,,大安區,,,,,,,,,2013/7/5,,,,860.00,,,,,,,121.55302311111112,25.025159555555557,,,,,,,,,,,,已核准,,,,102.7.5府都新字第10231049400號,,,
自劃單元,臺北市大安區仁愛段三小段654地號等4筆土地為更新單元(已失效),136,,,,大安區,,,,,,,,,2013/6/14,,,,680.00,,,,,,,121.5538762,25.0337414,,,,,,,,,,,,已失效,,,,102.6.14府都新字第10230855500號,,,
自劃單元,臺北市大安區復興段二小段142地號等13筆土地為同小段142地號等15筆土地更新單元,137,,,,大安區,,,,,,,,,2013/6/10,,,,1416.00,,,,,,,121.54473537037038,25.040846259259258,,,,,,,,,,,,已核准,,,,102.6.10府都新字第10231038900號,,,
自劃單元,臺北市大安區學府段三小段316地號等14筆土地為更新單元(已失效),138,,,,大安區,,,,,,,,,2013/5/31,,,,2380.00,,,,,,,121.53903326666666,25.022062333333334,,,,,,,,,,,,已失效,,,,102.5.31府都新字第10230363200號,,,
自劃單元,臺北市大安區復興段一小段65地號等20筆土地為更新單元(已失效),139,,,,大安區,,,,,,,,,2013/5/27,,,,3157.00,,,,,,,121.54766523809523,25.043769142857144,,,,,,,,,,,,已失效,,,,102.5.27府都新字第10230338500號,,,
自劃單元,臺北市大安區瑞安段二小段345地號等17筆土地為更新單元(已失效),140,,,,大安區,,,,,,,,,2013/4/9,,,,2815.00,,,,,,,121.54114730434783,25.02892752173913,,,,,,,,,,,,已失效,,,,102.4.9府都新字第10132348200號,,,
自劃單元,臺北市大安區大安段一小段95-2地號等12筆土地為更新單元,141,,,,大安區,,,,,,,,,2013/3/26,,,,3781.00,,,,,,,121.5464195,25.0329895,,,,,,,,,,,,已核准,,,,102.3.26府都新字第10132138500號,,,
自劃單元,臺北市大安區瑞安段三小段401地號等11筆土地為更新單元(已失效),142,,,,大安區,,,,,,,,,2013/3/22,,,,2852.00,,,,,,,121.53965078571429,25.026320214285715,,,,,,,,,,,,已失效,,,,102.3.22府都新字第10230161100號,,,
自劃單元,臺北市大安區仁愛段四小段280地號等21筆土地為更新單元(已失效),143,,,,大安區,,,,,,,,,2013/3/22,,,,4089.00,,,,,,,121.55090484615384,25.03485269230769,,,,,,,,,,,,已失效,,,,102.3.22府都新字第10132629900號,,,
自劃單元,臺北市大安區瑞安段三小段320地號等11筆土地為更新單元,144,,,,大安區,,,,,,,,,2013/3/13,,,,574.00,,,,,,,121.539018,25.027525909090908,,,,,,,,,,,,已核准,,,,102.3.13府都新字第10132552000號,,,
自劃單元,臺北市大安區復興段二小段182地號等9筆土地為更新單元(已失效),145,,,,大安區,,,,,,,,,2013/3/7,,,,1510.00,,,,,,,121.54729342857142,25.038794285714285,,,,,,,,,,,,已失效,,,,102.3.7府都新字第10132089000號,,,
自劃單元,臺北市大安區金華段二小段502地號等7筆土地為更新單元,147,,,,大安區,,,,,,,,,2013/1/8,,,,1268.00,,,,,,,121.53032578571428,25.029521142857142,,,,,,,,,,,,已核准,,,,102.1.8府都新字第10132005400號,,,
自劃單元,臺北市大安區瑞安段二小段299地號等25筆土地為更新單元(已失效),807,,,,大安區,,,,,,,,,2014/3/21,,,,2464.00,,,,,,,121.54151247222222,25.029383583333335,,,,,,,,,,,,已失效,,,,103.3.21府都新字第10330131400號,,,
自劃單元,臺北市大安區金華段一小段503地號等16筆土地為土地更新單元(已失效),813,,,,大安區,,,,,,,,,2014/7/18,,,,1905.00,,,,,,,121.52888164705882,25.03350988235294,,,,,,,,,,,,已失效,,,,103.7.18府都新字第10232434800號,,,
自劃單元,臺北市大安區仁愛段五小段414-4地號等4筆土地為更新單元(已失效),815,,,,大安區,,,,,,,,,2014/9/9,,,,2228.00,,,,,,,121.55467896,25.04230884,,,,,,,,,,,,已失效,,,,103.9.9府都新字第10331094700號,,,
自劃單元,臺北市大安區懷生段四小段211地號等18筆土地為更新單元(已失效),845,,,,大安區,,,,,,,,,2014/11/28,,,,2593.00,,,,,,,121.53725945,25.034101449999998,,,,,,,,,,,,已失效,,,,103.11.28府都新字第10331715400號,,,
自劃單元,臺北市大安區辛亥段三小段377地號等15筆土地為更新單元(已失效),877,,,,大安區,,,,,,,,,2015/11/9,,,,2231.00,,,,,,,121.55367145714285,25.021522914285715,,,,,,,,,,,,已失效,,,,104.11.9府都新字第10431524300號,,,
自劃單元,臺北市大安區仁愛段一小段162-2地號等16筆土地為更新單元(已失效),878,,,,大安區,,,,,,,,,2015/10/23,,,,3187.00,,,,,,,121.55610102857143,25.039170314285712,,,,,,,,,,,,已失效,,,,104.10.23府都新字第10431968900號,,,
自劃單元,臺北市大安區復興段一小段657-1地號等3筆土地為更新單元(已失效),879,,,,大安區,,,,,,,,,2015/9/4,,,,1620.00,,,,,,,121.547362,25.041999,,,,,,,,,,,,已失效,,,,104.9.4府都新字第10431546400號,,,
自劃單元,臺北市大安區通化段六小段652-2地號等15筆土地為更新單元,880,,,,大安區,,,,,,,,,2015/7/28,,,,2169.00,,,,,,,121.54961717241379,25.025221068965518,,,,,,,,,,,,已核准,,,,104.7.28府都新字第10430137100號,,,
自劃單元,臺北市大安區懷生段一小段475地號等9筆土地為更新單元(已失效),881,,,,大安區,,,,,,,,,2015/7/14,,,,1219.00,,,,,,,121.54137163636364,25.04248718181818,,,,,,,,,,,,已失效,,,,104.7.14府都新字第10430190200號,,,
自劃單元,臺北市大安區懷生段四小段467地號等8筆土地為更新單元(已失效),883,,,,大安區,,,,,,,,,2015/5/21,,,,674.00,,,,,,,121.53308516666667,25.036534333333332,,,,,,,,,,,,已失效,,,,104.5.21府都新字第10332012500號,,,
自劃單元,臺北市大安區仁愛段二小段687地號1筆土地為更新單元(寶豐隆),885,,,,大安區,,,,,,,,,2015/5/12,,,,4455.00,,,,,敦南金融大樓,,121.54960125,25.0392670625,,,,,,,,,,,,已核准,,,,104.5.12府都新字第10332009600號,,,
自劃單元,臺北市大安區學府段一小段195地號1筆土地為更新單元(已失效),886,,,,大安區,,,,,,,,,2015/5/1,,,,3658.00,,,,,,,121.54919313043479,25.02198560869565,,,,,,,,,,,,已失效,,,,104.5.1府都新字第10332416300號,,,
自劃單元,臺北市大安區金華段二小段186地號1筆土地為更新單元(已失效),888,,,,大安區,,,,,,,,,2015/4/22,,,,1199.00,,,,,,,121.5339601,25.028306,,,,,,,,,,,,已失效,,,,104.4.22府都新字第10330684900號,,,
自劃單元,臺北市大安區懷生段三小段294地號等7筆土地為更新單元(廖東漢、冠霖不動產顧問股份有限公司),966,,,,大安區,,,,,,,,,2016/1/6,,,,2191.00,,,,,,,121.53659855555556,25.03987822222222,,,,,,,,,,,,已核准,,,,105.1.6府都新字第10432528900號,,,
自劃單元,臺北市大安區復興段二小段179-2地號等6筆土地為更新單元,967,,,,大安區,,,,,,,,,2016/1/19,,,,2557.00,,,,,,,121.54764732142857,25.038314964285714,,,,,,,,,,,,已核准,,,,105.1.19府都新字第10432581500號,,,
自劃單元,臺北市大安區學府段三小段119地號等19筆土地為更新單元(已失效),969,,,,大安區,,,,,,,,,2016/1/25,,,,3208.00,,,,,,,121.54002820833334,25.023131291666665,,,,,,,,,,,,已失效,,,,105.1.25府都新字第10432491000號,,,
自劃單元,臺北市大安區懷生段四小段490地號等3筆土地為更新單元(已失效),970,,,,大安區,,,,,,,,,2016/2/2,,,,1184.00,,,,,,,121.5331108,25.0355891,,,,,,,,,,,,已失效,,,,105.2.2府都新字第10432462300號,,,
自劃單元,臺北市大安區瑞安段一小段221-3地號等3筆土地為更新單元,971,,,,大安區,,,,,,,,,2016/3/31,,,,1228.00,,,,,,,121.53924718181818,25.03136927272727,,,,,,,,,,,,已核准,,,,105.3.31府都新字第10530181200號,,,
自劃單元,臺北市大安區復興段二小段5地號等2筆土地為更新單元,972,,,,大安區,,,,,,,,,2016/4/1,,,,1587.00,,,,,,,121.54740046153846,25.04117653846154,,,,,,,,,,,,已核准,,,,105.4.1府都新字第10530143900號,,,
自劃單元,臺北市大安區仁愛段二小段429地號等4筆土地為更新單元(已失效),989,,,,大安區,,,,,,,,,2016/7/6,,,,1146.00,,,,,,,121.55161127272727,25.041066272727274,,,,,,,,,,,,已失效,,,,105.7.6府都新字第10531160800號,,,
自劃單元,臺北市大安區懷生段二小段465地號等20筆土地為更新單元,990,,,,大安區,,,,,,,,,2016/8/10,,,,2934.00,,,,,,,121.53954770588236,25.037360470588236,,,,,,,,,,,,已核准,,,,105.8.10府都新字第10432503800號,,,
自劃單元,臺北市大安區龍泉段二小段771地號等27筆土地為更新單元,999,,,,大安區,,,,,,,,,2016/9/1,,,,1945.00,,,,,,,121.53052568571428,25.021575285714285,,,,,,,,,,,,已核准,,,,105.9.1府都新字第10531654300號,,,
自劃單元,臺北市大安區懷生段二小段475-1地號等32筆土地為更新單元(已失效),1016,,,,大安區,,,,,,,,,2016/12/20,,,,2007.00,,,,,,,121.53905046666667,25.037377,,,,,,,,,,,,已失效,,,,105.12.20府都新字第10532184000號,,,
自劃單元,臺北市大安區龍泉段二小段745地號等6筆土地為更新單元,1021,,,,大安區,,,,,,,,,2017/4/25,,,,720.00,,,,,,,121.53119407142857,25.02209242857143,,,,,,,,,,,,已核准,,,,106.4.25府都新字第10630200500號,,,
自劃單元,臺北市大安區復興段三小段375地號等31筆土地為更新單元(已失效),1022,,,,大安區,,,,,,,,,2017/2/9,,,,2516.00,,,,,,,121.54764447826086,25.033680217391304,,,,,,,,,,,,已失效,,,,106.2.9府都新字第10532118400號,,,
自劃單元,臺北市大安區仁愛段一小段796地號等34筆土地為更新單元(已失效),1023,,,,大安區,,,,,,,,,2017/2/9,,,,3835.00,,,,,,,121.55689525862068,25.03485525862069,,,,,,,,,,,,已失效,,,,106.2.9府都新字第10532667000號,,,
自劃單元,臺北市中山區北安段一小段60-1地號等10筆土地為更新單元(已失效),274,,,,中山區,,,,,,,,,2014/4/10,,,,4150.00,,,,,,,121.55352862857143,25.085991857142858,,,,,,,,,,,,已失效,,,,103.4.10府都新字第10330284900號,,,
自劃單元,臺北市中山區德惠段二小段582-2地號等14筆土地為更新單元,275,,,,中山區,,,,,,,,,2014/2/18,,,,1807.00,,,,,,,121.53240533333333,25.064474222222223,,,,,,,,,,,,已核准,,,,103.2.18府都新字第10232407300號,,,
自劃單元,臺北市中山區吉林段四小段435-1地號等18筆土地為更新單元,277,,,,中山區,,,,,,,,,2014/1/13,,,,1680.00,,,,,,,121.52701892857142,25.057748285714286,,,,,,,,,,,,已核准,,,,103.1.13府都新字第10231818800號,,,
自劃單元,臺北市中山區北安段三小段214-1地號等40筆土地為更新單元,278,,,,中山區,,,,,,,,,2013/12/11,,,,4185.00,,,,,,,121.54485218518518,25.079178074074076,,,,,,,,,,,,已核准,,,,102.12.11府都新字第10231299300號,,,
自劃單元,臺北市中山區榮星段五小段755地號等1筆土地為更新單元,279,,,,中山區,,,,,,,,,2013/12/4,,,,1296.00,,,,,,,121.53812845454546,25.058197363636364,,,,,,,,,,,,已核准,,,,102.12.4府都新字第10231253500號,,,
自劃單元,臺北市中山區中山段二小段452地號等10筆土地為更新單元,280,,,,中山區,,,,,,,,,2013/11/7,,,,1499.00,,,,,,,121.52234877777778,25.061632777777778,,,,,,,,,,,,已核准,,,,102.11.7府都新字第10231335500號,,,
自劃單元,臺北市中山區長春段一小段172-6地號等14筆土地為更新單元,281,,,,中山區,,,,,,,,,2013/10/25,,,,1353.00,,,,,,,121.5432669,25.05516155,,,,,,,,,,,,已核准,,,,102.10.25府都新字第10231684200號,,,
自劃單元,臺北市中山區長春段二小段295-2地號等25筆土地更新單元,282,,,,中山區,,,,,,,,,2013/10/22,,,,1318.00,,,,,,,121.53748942105263,25.055645000000002,,,,,,,,,,,,已核准,,,,102.10.22府都新字第10231218400號,,,
自劃單元,臺北市中山區榮星段六小段306地號等16筆土地為更新單元,283,,,,中山區,,,,,,,,,2013/10/18,,,,2307.00,,,,,,,121.53540466666666,25.061234166666665,,,,,,,,,,,,已核准,,,,102.10.18府都新字第10231730900號,,,
自劃單元,臺北市中山區長安段四小段140地號等22筆土地為更新單元,285,,,,中山區,,,,,,,,,2013/7/4,,,,1573.00,,,,,,,121.5336119,25.0477371,,,,,,,,,,,,已核准,,,,102.7.4府都新字第10230829000號,,,
自劃單元,臺北市中山區長春段二小段450地號等25筆土地為更新單元(已失效),286,,,,中山區,,,,,,,,,2013/5/31,,,,1553.00,,,,,,,121.538459125,25.055021,,,,,,,,,,,,已失效,,,,102.5.31府都新字第10230345000號,,,
自劃單元,變更台北市中山區中山段一小段533地號等10筆土地為同小段533地號等11筆土地為更新單元,287,,,,中山區,,,,,,,,,2013/4/23,,,,1699.00,,,,,,,121.523689,25.063962142857143,,,,,,,,,,,,已核准,,,,102.4.23府都新字第10230363601號,,,
自劃單元,臺北市中山區中山段一小段387地號等11筆土地為更新單元(已失效),289,,,,中山區,,,,,,,,,2013/4/9,,,,1316.00,,,,,,,121.5245690909091,25.06471209090909,,,,,,,,,,,,已失效,,,,102.4.9府都新字第10132220300號,,,
自劃單元,臺北市中山區北安段二小段376地號等27筆土地為更新單元(已失效),290,,,,中山區,,,,,,,,,2013/4/2,,,,4248.00,,,,,,,121.547006,25.083533529411763,,,,,,,,,,,,已失效,,,,102.4.2府都新字第10230177800號,,,
自劃單元,臺北市中山區中山段三小段111地號等10筆土地為更新單元,292,,,,中山區,,,,,,,,,2013/2/4,,,,1237.00,,,,,,,121.52332733333333,25.059131583333333,,,,,,,,,,,,已核准,,,,102.2.4府都新字第10132144200號,,,
自劃單元,臺北市中山區吉林段三小段755地號等27筆土地為更新單元(已失效),294,,,,中山區,,,,,,,,,2013/1/23,,,,2971.00,,,,,,,121.52942242105263,25.058263210526317,,,,,,,,,,,,已失效,,,,102.1.23府都新字第10131623300號,,,
自劃單元,臺北市中山區北安段二小段604地號等19筆土地為更新單元(已失效),295,,,,中山區,,,,,,,,,2013/1/17,,,,2843.00,,,,,,,121.54588707692308,25.081567076923076,,,,,,,,,,,,已失效,,,,102.1.17府都新字第10132220200號,,,
自劃單元,臺北市中山區德惠段四小段432地號等7筆土地為更新單元,816,,,,中山區,,,,,,,,,2014/7/9,,,,1017.00,,,,,,,121.52720256250001,25.06510325,,,,,,,,,,,,已核准,,,,103.7.9府都新字第10232110000號,,,
自劃單元,臺北市中山區正義段三小段114地號等10筆土地為更新單元,818,,,,中山區,,,,,,,,,2014/7/22,,,,1186.00,,,,,,,121.52373707142857,25.05169942857143,,,,,,,,,,,,已核准,,,,103.7.22府都新字第10330415400號,,,
自劃單元,臺北市中山區榮星段二小段548地號等24筆土地為更新單元(已失效),821,,,,中山區,,,,,,,,,2014/10/13,,,,2761.00,,,,,,,121.54206793750001,25.0649999375,,,,,,,,,,,,已失效,,,,103.10.13府都新字第10331283200號,,,
自劃單元,臺北市中山區榮星段六小段468地號等22筆土地為更新單元(已失效),846,,,,中山區,,,,,,,,,2014/10/30,,,,3463.00,,,,,,,121.53425471428571,25.060579571428573,,,,,,,,,,,,已失效,,,,103.10.30府都新字第10331607200號,,,
自劃單元,臺北市中山區中山段一小段822地號等2筆土地為更新單元(已失效),848,,,,中山區,,,,,,,,,2014/11/25,,,,1578.00,,,,,,,121.52343428571429,25.062167285714285,,,,,,,,,,,,已失效,,,,103.11.25府都新字第10330616800號,,,
自劃單元,臺北市中山區吉林段四小段705-3地號等14筆土地為更新單元(陳猷勝),889,,,,中山區,,,,,,,,,2015/10/23,,,,1699.00,,,,,,,121.52666530769231,25.05519423076923,,,,,,,,,,,,已核准,,,,104.10.23府都新字第10431942800號,,,
自劃單元,臺北市中山區中山段二小段202地號等12筆土地為更新單元(中國信託商業銀行股份有限公司),890,,,,中山區,,,,,,,,,2015/10/7,,,,1843.00,,,,,,,121.52224,25.062392181818183,,,,,,,,,,,,已核准,,,,104.10.7府都新字第10431581700號,,,
自劃單元,臺北市中山區長春段三小段282地號等7筆土地為更新單元(六福開發股份有限公司)(已失效),891,,,,中山區,,,,,,,,,2015/9/9,,,,1468.00,,,,,,,121.5335158,25.0546347,,,,,,,,,,,,已失效,,,,104.9.9府都新字第10431517200號,,,
自劃單元,臺北市中山區吉林段三小段607地號等15筆土地為更新單元(李迎榛)(已失效),892,,,,中山區,,,,,,,,,2015/8/27,,,,1130.00,,,,,,,121.52868922222223,25.059195888888887,,,,,,,,,,,,已失效,,,,104.8.27府都新字第10430490900號,,,
自劃單元,臺北市中山區中山段二小段221-1地號等12筆土地為更新單元(陳旭中),893,,,,中山區,,,,,,,,,2015/8/27,,,,1085.00,,,,,,,121.52192877777777,25.061989555555556,,,,,,,,,,,,已核准,,,,104.8.27府都新字第10431308300號,,,
自劃單元,臺北市中山區正義段二小段315地號等9筆土地為更新單元(余美德),894,,,,中山區,,,,,,,,,2015/8/27,,,,1194.00,,,,,,,121.52510477777777,25.049967666666667,,,,,,,,,,,,已核准,,,,104.8.27府都新字第10430690000號,,,
自劃單元,臺北市中山區正義段四小段144地號等60筆土地為更新單元(游大緯)(已失效),895,,,,中山區,,,,,,,,,2015/8/14,,,,4342.00,,,,,,,121.52140476315789,25.05083752631579,,,,,,,,,,,,已失效,,,,104.8.14府都新字第10331691500號,,,
自劃單元,臺北市中山區長安段一小段274地號等6筆土地為更新單元(陳丁任)(已失效),896,,,,中山區,,,,,,,,,2015/8/7,,,,1606.00,,,,,,,121.541077,25.050248083333333,,,,,,,,,,,,已失效,,,,104.8.7府都新字第10430652500號,,,
自劃單元,臺北市中山區長安段二小段239地號等4筆土地為更新單元(郭弘斌)(已失效),897,,,,中山區,,,,,,,,,2015/6/15,,,,740.00,,,,,,,121.54011828571429,25.048148285714287,,,,,,,,,,,,已失效,,,,104.6.15府都新字第10430800400號,,,
自劃單元,臺北市中山區德惠段二小段813-1地號等6筆土地為更新單元(陳同實業),900,,,,中山區,,,,,,,,,2015/4/27,,,,1197.00,,,,,,,121.5314313,25.063319800000002,,,,,,,,,,,,已核准,,,,104.4.27府都新字第10332103000號,,,
自劃單元,臺北市中山區中山段二小段485地號等14筆土地為更新單元,901,,,,中山區,,,,,,,,,2015/4/24,,,,1662.00,,,,,,,121.52239161904762,25.060510476190476,,,,,,,,,,,,已核准,,,,104.4.24府都新字第10332300800號,,,
自劃單元,臺北市中山區榮星段六小段440地號等23筆土地為更新單元(已失效),902,,,,中山區,,,,,,,,,2015/4/24,,,,3457.00,,,,,,,121.53435092857143,25.060873,,,,,,,,,,,,已失效,,,,104.4.24府都新字第10332074800號,,,
自劃單元,臺北市中山區中山段三小段94地號等4筆土地為更新單元,903,,,,中山區,,,,,,,,,2015/4/22,,,,1088.00,,,,,,,121.5232684,25.0598912,,,,,,,,,,,,已核准,,,,104.4.22府都新字第10331802200號,,,
自劃單元,臺北市中山區中山段三小段325地號等9筆土地為更新單元,904,,,,中山區,,,,,,,,,2015/4/21,,,,1087.00,,,,,,,121.5240914,25.0568903,,,,,,,,,,,,已核准,,,,104.4.21府都新字第10332278100號,,,
自劃單元,臺北市中山區德惠段二小段885地號等27筆土地為更新單元(已失效),905,,,,中山區,,,,,,,,,2015/4/10,,,,2996.00,,,,,,,121.5322485,25.063655999999998,,,,,,,,,,,,已失效,,,,104.4.10府都新字第10332180500號,,,
自劃單元,臺北市中山區正義段三小段430地號等23筆土地為更新單元(已失效),906,,,,中山區,,,,,,,,,2015/4/1,,,,2106.00,,,,,,,121.5223075,25.050260115384617,,,,,,,,,,,,已失效,,,,104.4.1府都新字第10332051500號,,,
自劃單元,臺北市中山區北安段二小段470-2地號等5筆土地為更新單元,974,,,,中山區,,,,,,,,,2016/4/21,,,,3054.00,,,,,,,121.54581861904762,25.083146904761904,,,,,,,,,,,,已核准,,,,105.4.21府都新字第10530098800號,,,
自劃單元,臺北市中山區北安段一小段165地號等3筆土地為更新單元(已失效),991,,,,中山區,,,,,,,,,2016/5/30,,,,2523.00,,,,,,,121.54724778947369,25.08463310526316,,,,,,,,,,,,已失效,,,,105.5.30府都新字第10530679200號,,,
自劃單元,臺北市中山區中山段一小段639地號等12筆土地為更新單元,1000,,,,中山區,,,,,,,,,2016/8/22,,,,1088.00,,,,,,,121.52351627272728,25.063552,,,,,,,,,,,,已核准,,,,105.8.22府都新字第10531602200號,,,
自劃單元,臺北市中山區榮星段五小段634-6地號等12筆土地為更新單元,1001,,,,中山區,,,,,,,,,2016/9/13,,,,1568.00,,,,,,,121.53950473333333,25.0582084,,,,,,,,,,,,已核准,,,,105.9.13府都新字第10531609300號,,,
自劃單元,臺北市中山區德惠段二小段687-3地號等39筆土地為更新單元,1002,,,,中山區,,,,,,,,,2016/9/30,,,,3335.00,,,,,,,121.53074752631579,25.064158463157895,,,,,,,,,,,,已核准,,,,105.9.30府都新字第10531824000號,,,
自劃單元,臺北市中山區中山段一小段782地號等32筆土地為更新單元,1078,,,,中山區,,,,,,,,,2018/9/6,,,,4297.00,,,,,,,121.52412692592593,25.062274296296295,,,,,,,,,,,,已核准,,,,107.9.6府都新字第1076002659號,,,
自劃單元,臺北市中山區長安段一小段468地號1筆土地為更新單元,1004,,,,中山區,,,,,,,,,2016/11/2,,,,812.00,,,,,,,121.54068625000001,25.049723125,,,,,,,,,,,,已核准,,,,105.11.2府都新字第10531754700號,,,
自劃單元,臺北市中山區正義段三小段566地號等5筆土地為更新單元,1026,,,,中山區,,,,,,,,,2017/3/22,,,,769.00,,,,,,,121.523385,25.048334714285716,,,,,,,,,,,,已核准,,,,106.3.22府都新字第10630122400號,,,
自劃單元,臺北市中正區南海段三小段792地號等15筆土地為都市更新單元(已失效),386,,,,中正區,,,,,,,,,2013/12/4,,,,1666.00,,,,,,,121.51682009090909,25.029081545454545,,,,,,,,,,,,已失效,,,,102.12.4府都新字第10231204800號,,,
自劃單元,臺北市中正區南海段三小段295地號等23筆土地為更新單元,387,,,,中正區,,,,,,,,,2013/10/18,,,,1275.00,,,,,,,121.51894661111112,25.03021338888889,,,,,,,,,,,,已核准,,,,102.10.18府都新字第10231652100號,,,
自劃單元,臺北市中正區中正段一小段111地號等35筆土地為都市更新單元,388,,,,中正區,,,,,,,,,2013/10/17,,,,2744.00,,,,,,,121.52739778947368,25.03870863157895,,,,,,,,,,,,已核准,,,,102.10.17府都新字第10230533700號,,,
自劃單元,臺北市中正區成功段三小段69地號土地為都市更新單元,389,,,,中正區,,,,,,,,,2013/9/27,,,,2078.00,,,,,,,121.5220622,25.0442276,,,,,,,,,,,,已核准,,,,102.9.27府都新字第10231207100號,,,
自劃單元,臺北市中正區福和段一小段363-2地號等7筆土地為都市更新單元,390,,,,中正區,,,,,,,,,2013/9/2,,,,734.00,,,,,,,121.52833815789474,25.01805594736842,,,,,,,,,,,,已核准,,,,102.9.2府都新字第10231283200號,,,
自劃單元,臺北市中正區臨沂段四小段282-3地號等18筆土地為都市更新單元(已失效),391,,,,中正區,,,,,,,,,2013/8/7,,,,2472.00,,,,,,,121.52841472727273,25.03687418181818,,,,,,,,,,,,已失效,,,,102.8.7府都新字第10231022300號,,,
自劃單元,變更臺北市中正區南海段五小段255地號等22筆土地為同小段231-1地號等29筆土地為更新單元,392,,,,中正區,,,,,,,,,2013/6/19,,,,2304.00,,,,,,,121.51519838095238,25.027800904761904,,,,,,,,,,,,已核准,,,,102.6.19府都新字第10231032100號,,,
自劃單元,臺北市中正區中正段一小段115地號等1筆及臨沂段二小段238地號等6筆土地為更新單元(已失效),393,,,,中正區,,,,,,,,,2013/4/11,,,,1813.00,,,,,,,121.528969625,25.0385254375,,,,,,,,,,,,已失效,,,,102.4.11府都新字第10230363700號,,,
自劃單元,臺北市中正區臨沂段四小段391地號等16筆土地為更新單元(已失效),822,,,,中正區,,,,,,,,,2014/7/21,,,,1716.00,,,,,,,121.52794414285714,25.035658142857145,,,,,,,,,,,,已失效,,,,103.7.21府都新字第10330347800號,,,
自劃單元,臺北市中正區中正段一小段44地號等5筆及臨沂段二小段224-1地號等18筆土地為更新單元,823,,,,中正區,,,,,,,,,2014/7/22,,,,1229.00,,,,,,,121.52888771428572,25.03885814285714,,,,,,,,,,,,已核准,,,,103.7.22府都新字第10331108100號,,,
自劃單元,臺北市中正區臨沂段三小段228地號等7筆土地為更新單元(已失效),824,,,,中正區,,,,,,,,,2014/9/22,,,,2249.00,,,,,,,121.531413875,25.034884,,,,,,,,,,,,已核准,,,,103.9.22府都新字第10330969700號,,,
自劃單元,臺北市中正區永昌段一小段277地號等13筆土地為更新單元,825,,,,中正區,,,,,,,,,2014/9/22,,,,1724.00,,,,,,,121.51626725,25.0249075,,,,,,,,,,,,已核准,,,,103.9.22府都新字第10232028800號,,,
自劃單元,臺北市中正區河堤段一小段615地號等6筆土地為更新單元,849,,,,中正區,,,,,,,,,2014/11/13,,,,810.00,,,,,,,121.52347664285715,25.020939785714287,,,,,,,,,,,,已核准,,,,103.11.13府都新字第10332157600號,,,
自劃單元,臺北市中正區河堤段三小段518-2地號等5筆土地為更新單元(已失效),907,,,,中正區,,,,,,,,,2015/10/26,,,,2526.00,,,,,,,121.52161285,25.02228705,,,,,,,,,,,,已失效,,,,104.10.26府都新字第10431126200號,,,
自劃單元,臺北市中正區南海段一小段529-1地號等21筆土地為更新單元,909,,,,中正區,,,,,,,,,2015/10/2,,,,1269.00,,,,,,,121.51982859090909,25.033254272727273,,,,,,,,,,,,已核准,,,,104.10.2府都新字第10431861800號,,,
自劃單元,臺北市中正區南海段五小段79地號等9筆土地為更新單元,911,,,,中正區,,,,,,,,,2015/8/4,,,,1009.00,,,,,,,121.514572875,25.030443125,,,,,,,,,,,,已核准,,,,104.8.4府都新字第10332478600號,,,
自劃單元,臺北市中正區中正段一小段68地號等12筆土地為更新單元(倪伯舜),912,,,,中正區,,,,,,,,,2015/6/30,,,,3546.00,,,,,,,121.52633142105263,25.03928947368421,,,,,,,,,,,,已核准,,,,104.6.30府都新字第10430790100號,,,
自劃單元,臺北市中正區臨沂段一小段495-4地號等9筆土地為更新單元,913,,,,中正區,,,,,,,,,2015/6/3,,,,2152.00,,,,,,,121.52863245833333,25.0426385,,,,,,,,,,,,已核准,,,,104.6.3府都新字第10430789700號,,,
自劃單元,臺北市中正區臨沂段四小段169地號等14筆土地為更新單元(已失效),914,,,,中正區,,,,,,,,,2015/5/27,,,,3298.00,,,,,,,121.52967891666667,25.035950916666668,,,,,,,,,,,,已失效,,,,104.5.27府都新字第10330770500號,,,
自劃單元,臺北市中正區中正段一小段207地號等14筆土地為更新單元(已失效),915,,,,中正區,,,,,,,,,2015/5/5,,,,956.00,,,,,,,121.52555745454545,25.038639727272727,,,,,,,,,,,,已失效,,,,104.5.5府都新字第10332702200號,,,
自劃單元,臺北市中正區河堤段四小段276地號等6筆土地為更新單元,916,,,,中正區,,,,,,,,,2015/4/30,,,,1058.00,,,,,,,121.5214039,25.0246162,,,,,,,,,,,,已核准,,,,104.4.30府都新字第10332616800號,,,
自劃單元,臺北市中正區臨沂段三小段318地號等4筆土地為更新單元(王招治),917,,,,中正區,,,,,,,,,2015/4/24,,,,1067.00,,,,,,,121.53024165,25.0349334,,,,,,,,,,,,已核准,,,,104.4.24府都新字第10332187600號,,,
自劃單元,臺北市中正區福和段一小段221地號等47筆土地為更新單元,918,,,,中正區,,,,,,,,,2015/4/8,,,,4730.00,,,,,,,121.52764918604652,25.01940669767442,,,,,,,,,,,,已核准,,,,104.4.8府都新字第10332259600號,,,
自劃單元,臺北市中正區南海段四小段740地號等24筆土地為更新單元 (黃旭男)(已失效),977,,,,中正區,,,,,,,,,2016/1/4,,,,1262.00,,,,,,,121.5153213,25.0307011,,,,,,,,,,,,已失效,,,,105.1.4府都新字第10332174500號,,,
自劃單元,臺北市中正區臨沂段一小段396地號等3筆土地為更新單元,993,,,,中正區,,,,,,,,,2016/8/5,,,,950.00,,,,,,,121.529518,25.04107425,,,,,,,,,,,,已核准,,,,105.8.5府都新字第10531340700號,,,
自劃單元,臺北市中正區河堤段五小段399地號等3筆土地為更新單元,1005,,,,中正區,,,,,,,,,2016/10/27,,,,1078.00,,,,,,,121.51882283333333,25.0237635,,,,,,,,,,,,已核准,,,,105.10.27府都新字第10531845200號,,,
自劃單元,臺北市內湖區碧湖段三小段668地號等9筆土地為更新單元(已失效),469,,,,內湖區,,,,,,,,,2014/3/5,,,,2611.00,,,,,,,121.57791603571428,25.079409857142856,,,,,,,,,,,,已失效,,,,103.3.5府都新字第10232341100號,,,
自劃單元,臺北市內湖區碧湖段二小段34-2地號等19筆土地為更新單元(已失效),471,,,,內湖區,,,,,,,,,2013/11/6,,,,1096.00,,,,,,,121.59255547826088,25.08416208695652,,,,,,,,,,,,已失效,,,,102.11.6府都新字第10231555200號,,,
自劃單元,臺北市內湖區東湖段一小段15-3地號等2筆土地為更新單元(已失效),473,,,,內湖區,,,,,,,,,2013/9/17,,,,3840.00,,,,,,,121.61810075,25.072113166666668,,,,,,,,,,,,已失效,,,,102.9.17府都新字第10231273800號,,,
自劃單元,臺北市內湖區康寧段三小段66-4地號等4筆土地為更新單元(已失效),474,,,,內湖區,,,,,,,,,2013/9/16,,,,2850.00,,,,,,,121.59711587323943,25.082407788732393,,,,,,,,,,,,已失效,,,,102.9.16府都新字第10231359000號,,,
自劃單元,臺北市內湖區碧湖段四小段605-5地號等11筆土地為更新單元(已失效),475,,,,內湖區,,,,,,,,,2013/5/31,,,,3029.00,,,,,,,121.5726582962963,25.084034166666665,,,,,,,,,,,,已失效,,,,102.5.31府都新字第10230196300號,,,
自劃單元,臺北市內湖區康寧段四小段474地號等10筆土地為更新單元,476,,,,內湖區,,,,,,,,,2013/5/30,,,,1118.00,,,,,,,121.58985504166667,25.078970083333335,,,,,,,,,,,,已核准,,,,102.5.30府都新字第10230606700號,,,
自劃單元,臺北市內湖區石潭段三小段646地號等1筆土地為更新單元(已失效),477,,,,內湖區,,,,,,,,,2013/3/21,,,,1730.00,,,,,,,121.59122303333334,25.069547666666665,,,,,,,,,,,,已失效,,,,102.3.21府都新字第10131096700號,,,
自劃單元,臺北市內湖區東湖段六小段240地號等22筆土地為更新單元,826,,,,內湖區,,,,,,,,,2014/7/22,,,,1908.00,,,,,,,121.60722603846153,25.07310626923077,,,,,,,,,,,,已核准,,,,103.7.22府都新字第10330313800號,,,
自劃單元,臺北市內湖區碧湖段一小段87-9地號等7筆土地為更新單元,857,,,,內湖區,,,,,,,,,2014/12/12,,,,1013.00,,,,,,,121.5870697254902,25.08845850980392,,,,,,,,,,,,已核准,,,,103.12.12府都新字第10332291200號,,,
自劃單元,臺北市內湖區東湖段五小段13地號等10筆土地為更新單元,920,,,,內湖區,,,,,,,,,2015/7/31,,,,2687.00,,,,,,,121.62025035064934,25.073512805194806,,,,,,,,,,,,已核准,,,,104.7.31府都新字第10431554900號,,,
自劃單元,臺北市內湖區東湖段一小段16-11地號1筆土地為更新單元,921,,,,內湖區,,,,,,,,,2015/7/17,,,,1403.00,,,,,,,121.61856307692308,25.07176546153846,,,,,,,,,,,,已核准,,,,104.7.17府都新字第10430840300號,,,
自劃單元,臺北市內湖區西湖段二小段460-3地號等17筆土地為更新單元(已失效),922,,,,內湖區,,,,,,,,,2015/6/29,,,,3039.00,,,,,,,121.55877576595745,25.08541338297872,,,,,,,,,,,,已失效,,,,104.6.29府都新字第10430694500號,,,
自劃單元,臺北市內湖區東湖段一小段18-1地號1筆土地為更新單元,923,,,,內湖區,,,,,,,,,2015/4/28,,,,1090.00,,,,,,,121.61755099999999,25.071277000000002,,,,,,,,,,,,已核准,,,,104.4.28府都新字第10331895900號,,,
自劃單元,臺北市內湖區文德段四小段20-4地號等11筆土地為更新單元(已失效),924,,,,內湖區,,,,,,,,,2015/4/14,,,,2021.00,,,,,,,121.589474375,25.067836517857142,,,,,,,,,,,,已失效,,,,104.4.14府都新字第10331943300號,,,
自劃單元,臺北市內湖區康寧段二小段64地號等3筆土地為更新單元,925,,,,內湖區,,,,,,,,,2015/4/14,,,,3214.00,,,,,,,121.59247956521739,25.088305463768116,,,,,,,,,,,,已核准,,,,104.3.31府都新字第10332345500號,,,
自劃單元,臺北市內湖區康寧段二小段242地號等8筆土地為更新單元,994,,,,內湖區,,,,,,,,,2016/5/23,,,,837.00,,,,,,,121.592797375,25.08594803125,,,,,,,,,,,,已核准,,,,105.5.23府都新字第10530906200號,,,
自劃單元,臺北市內湖區碧湖段二小段475-6地號1筆土地為更新單元,1017,,,,內湖區,,,,,,,,,2016/11/29,,,,380.00,,,,,,,121.58758338709677,25.08185029032258,,,,,,,,,,,,已核准,,,,105.11.29府都新字第10532124500號,,,
自劃單元,臺北市文山區興隆段三小段273地號等26筆土地為更新單元(已失效),500,,,,文山區,,,,,,,,,2014/4/10,,,,6790.00,,,,,,,121.54396810769231,25.00052143076923,,,,,,,,,,,,已失效,,,,103.4.10府都新字第10231420200號,,,
自劃單元,臺北市文山區景美段一小段554-2地號等18筆土地為更新單元(已失效),501,,,,文山區,,,,,,,,,2014/3/26,,,,2218.00,,,,,,,121.54236097560975,24.99612063414634,,,,,,,,,,,,已失效,,,,103.3.26府都新字第10231302500號,,,
自劃單元,臺北市文山區景美段二小段455地號等3筆土地為更新單元,502,,,,文山區,,,,,,,,,2014/3/13,,,,4146.00,,,,,,,121.54506925757576,24.995536227272726,,,,,,,,,,,,已核准,,,,103.3.13府都新字第10232107800號,,,
自劃單元,臺北市文山區興隆段四小段199-5地號等25筆土地為更新單元(已失效),503,,,,文山區,,,,,,,,,2013/8/5,,,,2002.00,,,,,,,121.53952376,25.00176436,,,,,,,,,,,,已失效,,,,102.8.5府都新字第10230821300號,,,
自劃單元,臺北市文山區華興段四小段495-3地號等36筆土地為更新單元(已失效),506,,,,文山區,,,,,,,,,2013/6/19,,,,4212.00,,,,,,,121.54669436781609,24.986435494252873,,,,,,,,,,,,已失效,,,,102.6.19府都新字第10230450600號,,,
自劃單元,臺北市文山區萬芳段二小段183-1地號等30筆土地為更新單元,508,,,,文山區,,,,,,,,,2013/4/17,,,,2509.00,,,,,,,121.57044744444444,24.996301177777777,,,,,,,,,,,,已核准,,,,102.4.17府都新字第10230212300號,,,
自劃單元,臺北市文山區華興段二小段143地號等14筆土地為更新單元(已失效),511,,,,文山區,,,,,,,,,2013/1/23,,,,1024.00,,,,,,,121.55364393548388,24.989050258064516,,,,,,,,,,,,已失效,,,,102.1.23府都新字第10132425100號,,,
自劃單元,臺北市文山區實踐段一小段298-4地號等5筆土地為更新單元,827,,,,文山區,,,,,,,,,2014/9/15,,,,2908.00,,,,,,,121.5579765106383,24.984644340425533,,,,,,,,,,,,已核准,,,,103.9.15府都新字第10330421700號,,,
自劃單元,臺北市文山區興隆段三小段450地號等21筆土地為更新單元(已失效),926,,,,文山區,,,,,,,,,2015/7/31,,,,3608.00,,,,,,,121.54218453424657,25.004922616438357,,,,,,,,,,,,已失效,,,,104.7.31府都新字第10431305500號,,,
自劃單元,臺北市文山區木柵段一小段601地號等11筆土地為更新單元,927,,,,文山區,,,,,,,,,2015/6/18,,,,3080.00,,,,,,,121.56653138356164,24.989685684931505,,,,,,,,,,,,已核准,,,,104.6.18府都新字第10430181200號,,,
自劃單元,臺北市文山區興安段二小段603地號等57筆土地為更新單元(已失效),928,,,,文山區,,,,,,,,,2015/6/12,,,,6100.00,,,,,,,121.547991,24.999467507042255,,,,,,,,,,,,已失效,,,,104.6.12府都新字第10430190500號,,,
自劃單元,臺北市文山區景美段一小段57-5地號等33筆土地為更新單元(已失效),930,,,,文山區,,,,,,,,,2015/4/1,,,,4599.00,,,,,,,121.54091703409091,25.00040875,,,,,,,,,,,,已失效,,,,104.4.1府都新字第10331925000號,,,
自劃單元,臺北市文山區木柵段一小段243地號等18筆土地為更新單元(已失效),1009,,,,文山區,,,,,,,,,2016/12/19,,,,1810.00,,,,,,,121.5696363125,24.988257,,,,,,,,,,,,已失效,,,,105.12.19府都新字第10432548700號,,,
自劃單元,臺北市北投區行義段四小段500地號等5筆土地為更新單元(已失效）,549,,,,北投區,,,,,,,,,2014/2/26,,,,2435.00,,,,,,,121.52189668852459,25.12290037704918,,,,,,,,,,,,已失效,,,,103.2.26府都新字第10232359500號,,,
自劃單元,臺北市北投區文林段四小段376地號等35筆土地為更新單元,550,,,,北投區,,,,,,,,,2013/10/25,,,,3593.00,,,,,,,121.51372520689655,25.11260531034483,,,,,,,,,,,,已核准,,,,102.10.25府都新字第10231382600號,,,
自劃單元,臺北市北投區文林段三小段915-2地號等8筆土地為更新單元,553,,,,北投區,,,,,,,,,2013/6/26,,,,1028.00,,,,,,,121.51635807692308,25.10677223076923,,,,,,,,,,,,已核准,,,,102.6.26府都新字第10230771500號,,,
自劃單元,臺北市北投區振興段四小段400地號等12筆土地為更新單元(已失效),554,,,,北投區,,,,,,,,,2013/6/21,,,,1343.00,,,,,,,121.51552178431372,25.117157705882352,,,,,,,,,,,,已失效,,,,102.6.21府都新字第10230976800號,,,
自劃單元,臺北市北投區奇岩段三小段204地號等16筆土地為更新單元(已失效),555,,,,北投區,,,,,,,,,2013/4/30,,,,3280.00,,,,,,,121.50583775,25.124417819444446,,,,,,,,,,,,已失效,,,,102.4.30府都新字第10132055400號,,,
自劃單元,臺北市北投區溫泉段四小段113地號等38筆土地為更新單元(已失效),556,,,,北投區,,,,,,,,,2013/4/29,,,,2821.00,,,,,,,121.50279505,25.131366325000002,,,,,,,,,,,,已失效,,,,102.4.29府都新字第10131701500號,,,
自劃單元,臺北市北投區振興段二小段84地號等30筆土地為更新單元,557,,,,北投區,,,,,,,,,2013/4/9,,,,4239.00,,,,,,,121.52003716216215,25.116513324324323,,,,,,,,,,,,已核准,,,,102.4.9府都新字第10132267900號,,,
自劃單元,臺北市北投區立農段四小段380地號等13筆土地為更新單元(已失效),558,,,,北投區,,,,,,,,,2013/4/1,,,,2108.00,,,,,,,121.507319,25.114887966666668,,,,,,,,,,,,已失效,,,,102.4.1府都新字第10131840800號,,,
自劃單元,臺北市北投區振興段一小段207地號等26筆土地為更新單元(已失效),559,,,,北投區,,,,,,,,,2013/3/27,,,,3736.00,,,,,,,121.52033325641025,25.11515476923077,,,,,,,,,,,,已失效,,,,102.3.27府都新字第10131615800號,,,
自劃單元,臺北市北投區立農段二小段183地號等20筆土地為更新單元(已失效）,828,,,,北投區,,,,,,,,,2014/7/11,,,,1336.00,,,,,,,121.51192352272727,25.118740613636362,,,,,,,,,,,,已失效,,,,103.7.11府都新字第10232435400號,,,
自劃單元,臺北市北投區文林段三小段397地號等8筆土地為更新單元,829,,,,北投區,,,,,,,,,2014/8/8,,,,1002.00,,,,,,,121.5166548,25.10848964,,,,,,,,,,,,已核准,,,,103.8.8府都新字第10330082200號,,,
自劃單元,臺北市北投區振興段二小段184地號等45筆土地為更新單元(已失效）,830,,,,北投區,,,,,,,,,2014/9/2,,,,5134.00,,,,,,,121.51878329411765,25.116051352941177,,,,,,,,,,,,已失效,,,,103.9.2府都新字第10330783800號,,,
自劃單元,臺北市北投區振興段三小段638地號等24筆土地為更新單元,850,,,,北投區,,,,,,,,,2014/10/27,,,,3564.00,,,,,,,121.51836226923076,25.11198828846154,,,,,,,,,,,,已核准,,,,103.10.27府都新字第10331527400號,,,
自劃單元,臺北市北投區振興段二小段151地號等28筆土地為更新單元(已失效）,851,,,,北投區,,,,,,,,,2014/10/28,,,,4536.00,,,,,,,121.5198580909091,25.115893886363637,,,,,,,,,,,,已失效,,,,103.10.28府都新字第10331761900號,,,
自劃單元,臺北市北投區振興段三小段321地號等53筆土地為更新單元(已失效）,932,,,,北投區,,,,,,,,,2015/7/13,,,,3834.00,,,,,,,121.5192015531915,25.112675531914892,,,,,,,,,,,,已失效,,,,104.7.13府都新字第10430836300號,,,
自劃單元,臺北市北投區振興段二小段125地號等21筆土地為更新單元,933,,,,北投區,,,,,,,,,2015/7/8,,,,3287.00,,,,,,,121.51884620689655,25.11658424137931,,,,,,,,,,,,已核准,,,,104.7.8府都新字第10431205000號,,,
自劃單元,臺北市北投區振興段三小段652-2地號等25筆土地為更新單元,936,,,,北投區,,,,,,,,,2015/6/1,,,,3332.00,,,,,,,121.51884711290323,25.112032467741937,,,,,,,,,,,,已核准,,,,104.6.1府都新字第10430230600號,,,
自劃單元,臺北市北投區奇岩段五小段348地號等16筆土地為更新單元(已失效）,938,,,,北投區,,,,,,,,,2015/4/24,,,,1192.00,,,,,,,121.50159219047619,25.124967714285713,,,,,,,,,,,,已失效,,,,104.4.24府都新字第10332177700號,,,
自劃單元,臺北市北投區關渡段二小段512地號等2筆土地為更新單元(已失效）,940,,,,北投區,,,,,,,,,2015/4/14,,,,1136.00,,,,,,,121.46877945762712,25.118566491525424,,,,,,,,,,,,已失效,,,,104.4.14府都新字第10332682200號,,,
自劃單元,臺北市北投區大業段二小段712-1地號等39筆土地為更新單元,941,,,,北投區,,,,,,,,,2015/4/9,,,,3003.00,,,,,,,121.49685655294118,25.134605782352942,,,,,,,,,,,,已核准,,,,104.4.9府都新字第10331598000號,,,
自劃單元,臺北市北投區桃源段一小段395地號等45筆土地為更新單元(已失效）,980,,,,北投區,,,,,,,,,2015/12/8,,,,4725.00,,,,,,,121.48905933928572,25.141548375,,,,,,,,,,,,已失效,,,,104.12.8府都新字第10431535000號,,,
自劃單元,臺北市北投區文林段三小段39地號等13筆土地為更新單元,995,,,,北投區,,,,,,,,,2016/7/12,,,,1804.00,,,,,,,121.51611116666666,25.110206,,,,,,,,,,,,已核准,,,,105.7.12府都新字第10432193200號,,,
自劃單元,臺北市北投區新民段二小段297地號等9筆土地為更新單元,1010,,,,北投區,,,,,,,,,2016/8/26,,,,2060.00,,,,,,,121.50642048780487,25.13922648780488,,,,,,,,,,,,已核准,,,,105.8.26府都新字第10530420200號,,,
自劃單元,臺北市北投區奇岩段三小段1-1地號等10筆土地為更新單元,1011,,,,北投區,,,,,,,,,2016/9/7,,,,1718.00,,,,,,,121.50838934285714,25.1260676,,,,,,,,,,,,已核准,,,,105.9.7府都新字第10531737200號,,,
自劃單元,臺北市北投區文林段四小段176地號等14筆土地為更新單元,1027,,,,北投區,,,,,,,,,2017/2/23,,,,1616.00,,,,,,,121.51289573333334,25.113648233333333,,,,,,,,,,,,已核准,,,,106.2.23府都新字第10532362100號,,,
自劃單元,臺北市松山區民生段96-1地號等4筆土地為更新單元(已失效),597,,,,松山區,,,,,,,,,2014/4/28,,,,1186.00,,,,,,,121.55993600000001,25.059856875,,,,,,,,,,,,已失效,,,,103.4.28府都新字第10330276400號,,,
自劃單元,臺北市松山區美仁段一小段117地號等26筆土地為更新單元(已失效),600,,,,松山區,,,,,,,,,2013/12/30,,,,4016.00,,,,,,,121.5556880952381,25.052891428571428,,,,,,,,,,,,已失效,,,,102.12.30府都新字第10231575300號,,,
自劃單元,臺北市松山區延吉段一小段407地號等35筆土地為更新單元,601,,,,松山區,,,,,,,,,2013/11/7,,,,2984.00,,,,,,,121.55457732258064,25.047839870967742,,,,,,,,,,,,已核准,,,,102.11.7府都新字第10231055800號,,,
自劃單元,臺北市松山區美仁段二小段362地號等25筆土地為更新單元(已失效),602,,,,松山區,,,,,,,,,2013/10/30,,,,3705.00,,,,,,,121.55587483333333,25.050350833333333,,,,,,,,,,,,已失效,,,,102.10.30府都新字第10230590500號,,,
自劃單元,臺北市松山區敦化段二小段528地號等9筆土地為更新單元,604,,,,松山區,,,,,,,,,2013/6/28,,,,767.00,,,,,,,121.544868,25.04805114285714,,,,,,,,,,,,已核准,,,,102.6.28府都新字第10231161200號,,,
自劃單元,臺北市松山區西松段一小段266地號等26筆土地為更新單元(已失效),605,,,,松山區,,,,,,,,,2013/6/13,,,,5001.00,,,,,,,121.56135727777777,25.053715944444445,,,,,,,,,,,,已失效,,,,102.6.13府都新字第10230211900號,,,
自劃單元,臺北市松山區民生段92地號等16筆土地為更新單元(已失效),607,,,,松山區,,,,,,,,,2013/4/18,,,,4688.00,,,,,,,121.55725592307692,25.058048743589744,,,,,,,,,,,,已失效,,,,102.4.18府都新字第10131843400號,,,
自劃單元,臺北市松山區延吉段一小段157地號等6筆土地為更新單元(已失效),608,,,,松山區,,,,,,,,,2013/1/24,,,,610.00,,,,,,,121.55743575,25.04583625,,,,,,,,,,,,已失效,,,,102.1.24府都新字第10132541600號,,,
自劃單元,變更臺北市松山區美仁段二小段501地號等11筆土地為同小段501地號等9筆土地更新單元,834,,,,松山區,,,,,,,,,2014/8/13,,,,1679.00,,,,,,,121.55608803333334,25.0483584,,,,,,,,,,,,已核准,,,,103.8.13府都新字第10331142901號,,,
自劃單元,臺北市松山區敦化段一小段374地號等6筆土地為更新單元,946,,,,松山區,,,,,,,,,2015/5/18,,,,5567.00,,,,,,,121.54707229629629,25.05484722222222,,,,,,,,,,,,已核准,,,,104.5.18府都新字第10332161400號,,,
自劃單元,臺北市松山區民生段117地號1筆土地為更新單元(已失效),832,,,,松山區,,,,,,,,,2014/7/22,,,,601.00,,,,,,,121.55437523076922,25.057248769230767,,,,,,,,,,,,已失效,,,,103.7.22府都新字第10330854700號,,,
自劃單元,臺北市松山區美仁段一小段636地號等14筆土地為更新單元(已失效),833,,,,松山區,,,,,,,,,2014/7/24,,,,3114.00,,,,,,,121.55250164705882,25.054466294117645,,,,,,,,,,,,已失效,,,,103.7.24府都新字第10232383200號,,,
自劃單元,臺北市松山區美仁段一小段459地號等10筆土地為更新單元,854,,,,松山區,,,,,,,,,2014/10/24,,,,2005.00,,,,,,,121.55233682608696,25.052184826086958,,,,,,,,,,,,已核准,,,,103.10.24府都新字第10331112800號,,,
自劃單元,臺北市松山區敦化段一小段510地號等1筆土地為更新單元(已失效),859,,,,松山區,,,,,,,,,2014/12/9,,,,1338.00,,,,,,,121.54775166666667,25.053508166666667,,,,,,,,,,,,已失效,,,,103.12.9府都新字第10331388000號,,,
自劃單元,臺北市松山區延吉段三小段727地號1筆土地為更新單元（已失效）,943,,,,松山區,,,,,,,,,2015/9/1,,,,1341.00,,,,,,,121.54943657142857,25.046398571428572,,,,,,,,,,,,已失效,,,,104.9.1府都新字第10431238000號,,,
自劃單元,臺北市松山區敦化段一小段419-1地號等8筆土地為更新單元（已失效）,945,,,,松山區,,,,,,,,,2015/5/29,,,,15051.00,,,,,,,121.54817125925926,25.052568925925925,,,,,,,,,,,,已失效,,,,104.5.29府都新字第10430153300號,,,
自劃單元,臺北市松山區寶清段二小段75-27地號等18筆土地為更新單元(已失效),948,,,,松山區,,,,,,,,,2015/5/1,,,,1030.00,,,,,,,121.5710911707317,25.051164024390243,,,,,,,,,,,,已失效,,,,104.5.1府都新字第10232484600號,,,
自劃單元,臺北市松山區寶清段五小段47-2地號等17筆土地為更新單元(已失效),950,,,,松山區,,,,,,,,,2015/4/17,,,,1521.00,,,,,,,121.56872271428571,25.049673642857144,,,,,,,,,,,,已失效,,,,104.4.17府都新字第10331990600號,,,
自劃單元,臺北市松山區西松段一小段153地號等23筆土地為更新單元(已失效),981,,,,松山區,,,,,,,,,2015/12/15,,,,4444.00,,,,,,,121.56130578947368,25.051861210526315,,,,,,,,,,,,已失效,,,,104.12.15府都新字第10431934700號,,,
自劃單元,臺北市松山區寶清段六小段121地號等17筆土地為更新單元(已失效),982,,,,松山區,,,,,,,,,2015/12/28,,,,2087.00,,,,,,,121.57880016666667,25.051609555555554,,,,,,,,,,,,已失效,,,,104.12.28府都新字第10432341500號,,,
自劃單元,臺北市松山區西松段一小段742地號等24筆土地為更新單元,1012,,,,松山區,,,,,,,,,2016/8/17,,,,2857.00,,,,,,,121.5575972,25.052377533333335,,,,,,,,,,,,已核准,,,,105.8.17府都新字第10531399700號,,,
自劃單元,臺北市松山區寶清段三小段576-1地號等27筆土地為更新單元(已失效)（舊表缺漏）,1019,,,,松山區,,,,,,,,,2015/4/16,,,,2354.00,,,,,,,121.564769,25.05394990909091,,,,,,,,,,,,已失效,,,,104.4.16府都新字第10331985000號,,,
自劃單元,臺北市信義區逸仙段三小段764地號等16筆土地為更新單元,659,,,,信義區,,,,,,,,,2013/12/30,,,,2191.00,,,,,,,121.55852485714286,25.03419507142857,,,,,,,,,,,,已核准,,,,102.12.30府都新字第10232041900號,,,
自劃單元,臺北市信義區祥和段三小段40地號等11筆土地為更新單元(已失效),660,,,,信義區,,,,,,,,,2013/11/15,,,,2842.00,,,,,,,121.56873933333333,25.0277133,,,,,,,,,,,,已失效,,,,102.11.15府都新字第10231473300號,,,
自劃單元,臺北市信義區福德段一小段429地號1筆土地為更新單元,661,,,,信義區,,,,,,,,,2013/10/23,,,,1887.00,,,,,,,121.584654,25.040523909090908,,,,,,,,,,,,已核准,,,,102.10.23府都新字第10231772800號,,,
自劃單元,臺北市信義區雅祥段四小段662地號等32筆土地為更新單元,662,,,,信義區,,,,,,,,,2013/9/14,,,,2451.00,,,,,,,121.56815245454546,25.04146718181818,,,,,,,,,,,,已核准,,,,102.9.14府都新字第10230804800號,,,
自劃單元,臺北市信義區永春段三小段22-7地號等3筆土地為更新單元,664,,,,信義區,,,,,,,,,2013/6/14,,,,1025.00,,,,,,,121.58175323376624,25.032313,,,,,,,,,,,,已核准,,,,102.6.14府都新字第10230497300號,,,
自劃單元,臺北市信義區犁和段二小段125地號等16筆土地為更新單元(已失效),665,,,,信義區,,,,,,,,,2013/3/11,,,,2115.00,,,,,,,121.5570403902439,25.025305268292684,,,,,,,,,,,,已失效,,,,102.3.11府都新字第10132211800號,,,
自劃單元,臺北市信義區三興段二小段339-1地號等36筆土地為更新單元(已失效),666,,,,信義區,,,,,,,,,2013/2/8,,,,4842.00,,,,,,,121.55990603846153,25.028020576923076,,,,,,,,,,,,已失效,,,,102.2.8府都新字第10132488900號,,,
自劃單元,臺北市信義區吳興段一小段131地號等53筆土地為更新單元(已失效),667,,,,信義區,,,,,,,,,2013/2/1,,,,6835.00,,,,,,,121.566483225,25.02626585,,,,,,,,,,,,已失效,,,,102.2.1府都新字第10132533600號,,,
自劃單元,臺北市信義區永春段一小段180地號等18筆土地為更新單元,668,,,,信義區,,,,,,,,,2013/1/18,,,,1781.00,,,,,,,121.57679017391304,25.037861260869565,,,,,,,,,,,,已核准,,,,102.1.18府都新字第10132104000號,,,
自劃單元,臺北市信義區祥和段三小段82-2地號等51筆土地為更新單元(已失效）,951,,,,信義區,,,,,,,,,2015/6/5,,,,6330.00,,,,,,,121.56901252272728,25.026209704545455,,,,,,,,,,,,已失效,,,,104.6.5府都新字第10430329600號,,,
自劃單元,臺北市信義區永吉段四小段105地號等7筆土地為更新單元,952,,,,信義區,,,,,,,,,2015/5/8,,,,941.00,,,,,,,121.5751307,25.04193895,,,,,,,,,,,,已核准,,,,104.5.8府都新字第10332277700號,,,
自劃單元,臺北市信義區雅祥段三小段66地號等23筆土地為更新單元(已失效）,953,,,,信義區,,,,,,,,,2015/4/17,,,,1638.00,,,,,,,121.56903482608695,25.04491695652174,,,,,,,,,,,,已失效,,,,104.4.17府都新字第10331824800號,,,
自劃單元,臺北市信義區雅祥段一小段599地號等30筆土地為更新單元,954,,,,信義區,,,,,,,,,2015/4/10,,,,5423.00,,,,,,,121.568185875,25.046008041666667,,,,,,,,,,,,已核准,,,,104.4.10府都新字第10332471600號,,,
自劃單元,臺北市信義區吳興段二小段871-13地號等4筆土地為更新單元,955,,,,信義區,,,,,,,,,2015/4/9,,,,1364.00,,,,,,,121.56959117647058,25.01725682352941,,,,,,,,,,,,已核准,,,,104.4.9府都新字第10332507200號,,,
自劃單元,臺北市信義區信義段五小段38地號1筆土地為更新單元(胥小蝶)(已失效）,983,,,,信義區,,,,,,,,,2015/12/31,,,,3813.00,,,,,,,121.563242,25.032658333333334,,,,,,,,,,,,已失效,,,,104.12.31府都新字第10431880900號,,,
自劃單元,臺北市信義區雅祥段一小段227-4地號等10筆土地為更新單元,1013,,,,信義區,,,,,,,,,2016/8/18,,,,1469.00,,,,,,,121.57014763636364,25.04601518181818,,,,,,,,,,,,已核准,,,,105.8.18府都新字第10432599500號,,,
自劃單元,臺北市信義區逸仙段三小段657地號等10筆土地為更新單元,1028,,,,信義區,,,,,,,,,2017/2/3,,,,735.00,,,,,,,121.55861273333333,25.035496533333333,,,,,,,,,,,,已核准,,,,106.2.3府都新字第10532659300號,,,
自劃單元,臺北市南港區南港段二小段652-1地號等14筆土地為更新單元,740,,,,南港區,,,,,,,,,2013/5/29,,,,1148.00,,,,,,,121.60826818181818,25.053849636363637,,,,,,,,,,,,已核准,,,,102.5.29府都新字第10230360700號,,,
自劃單元,臺北市南港區南港段一小段1065地號等48筆土地為更新單元(已失效),741,,,,南港區,,,,,,,,,2013/4/17,,,,2846.00,,,,,,,121.60610763793103,25.057281086206896,,,,,,,,,,,,已失效,,,,102.4.17府都新字第10230144300號,,,
自劃單元,臺北市南港區中南段四小段90地號等24筆土地為更新單元,742,,,,南港區,,,,,,,,,2013/1/23,,,,2768.00,,,,,,,121.61920142857143,25.04105730612245,,,,,,,,,,,,已核准,,,,102.1.23府都新字第10132544600號,,,
自劃單元,臺北市南港區新光段一小段153地號等26暨玉成段四小段314地號等18筆土地為更新單元(已失效),836,,,,南港區,,,,,,,,,2014/7/4,,,,8385.00,,,,,,,121.59363248258707,25.04726043283582,,,,,,,,,,,,已失效,,,,103.7.4府都新字第10232137900號,,,
自劃單元,臺北市南港區新光段三小段47地號等26筆土地為更新單元(已失效),837,,,,南港區,,,,,,,,,2014/7/18,,,,2588.00,,,,,,,121.5870324375,25.04137175,,,,,,,,,,,,已失效,,,,103.7.18府都新字第10330494700號,,,
自劃單元,臺北市南港區玉成段五小段226地號等48筆土地為更新單元(已失效）,855,,,,南港區,,,,,,,,,2014/10/8,,,,9619.00,,,,,,,121.58412847368422,25.04568637894737,,,,,,,,,,,,已失效,,,,103.10.8府都新字第10330773200號,,,
自劃單元,臺北市南港區南港段三小段5-1地號等3筆及南港段四小段10地號等41筆(共44筆土地)為更新單元,956,,,,南港區,,,,,,,,,2015/7/23,,,,3280.00,,,,,,,121.60429720338983,25.05725718644068,,,,,,,,,,,,已核准,,,,104.7.23府都新字第10431420600號,,,
自劃單元,臺北市南港區南港段三小段316地號等3筆土地為更新單元,958,,,,南港區,,,,,,,,,2015/6/30,,,,2221.00,,,,,,,121.59624401639344,25.055141770491804,,,,,,,,,,,,已核准,,,,104.6.30府都新字第10430768500號,,,
自劃單元,臺北市南港區新光段二小段185地號等63筆土地為更新單元(已失效）,960,,,,南港區,,,,,,,,,2015/4/23,,,,2615.00,,,,,,,121.5880979,25.0426869125,,,,,,,,,,,,已失效,,,,104.4.23府都新字第10332680500號,,,
自劃單元,臺北市萬華區福星段四小段551地號等38筆土地為更新單元,764,,,,萬華區,,,,,,,,,2013/11/15,,,,2374.00,,,,,,,121.50456205,25.04338785,,,,,,,,,,,,已核准,,,,102.11.15府都新字第10231660500號,,,
自劃單元,臺北市萬華區萬大段二小段268地號等54筆土地為更新單元,765,,,,萬華區,,,,,,,,,2013/9/30,,,,3443.00,,,,,,,121.49906661111112,25.02477563888889,,,,,,,,,,,,已核准,,,,102.9.30府都新字第10231651300號,,,
自劃單元,臺北市萬華區萬大段一小段50-11地號等35筆土地為更新單元,766,,,,萬華區,,,,,,,,,2013/9/30,,,,3646.00,,,,,,,121.50010466666667,25.0282278,,,,,,,,,,,,已核准,,,,102.9.30府都新字第10231280300號,,,
自劃單元,臺北市萬華區福星段三小段348地號等54筆土地為更新單元(已失效),767,,,,萬華區,,,,,,,,,2013/9/16,,,,2667.00,,,,,,,121.50563052173914,25.044688782608695,,,,,,,,,,,,已失效,,,,102.9.16府都新字第10231073200號,,,
自劃單元,臺北市萬華區福星段三小段79-2地號等69筆土地為更新單元(已失效),768,,,,萬華區,,,,,,,,,2013/9/16,,,,5041.00,,,,,,,121.5077565,25.043610653846155,,,,,,,,,,,,已失效,,,,102.9.16府都新字第10230931400號,,,
自劃單元,臺北市萬華區直興段一小段519-1地號等27筆土地為更新單元(已失效),769,,,,萬華區,,,,,,,,,2013/9/9,,,,1152.00,,,,,,,121.50170978125,25.04145578125,,,,,,,,,,,,已失效,,,,102.9.9府都新字第10231213900號,,,
自劃單元,臺北市萬華區漢中段三小段218地號等31筆土地為更新單元,770,,,,萬華區,,,,,,,,,2013/4/24,,,,1894.00,,,,,,,121.50448361538461,25.039426692307693,,,,,,,,,,,,已核准,,,,102.4.24府都新字第10230277000號,,,
自劃單元,臺北市萬華區青年段二小段318-2地號等29筆土地為更新單元(已失效),771,,,,萬華區,,,,,,,,,2013/1/28,,,,2720.00,,,,,,,121.49992658064517,25.019274806451612,,,,,,,,,,,,已失效,,,,102.1.28府都新字第10132188800號,,,
自劃單元,臺北市萬華區福星段四小段491地號等33筆土地為更新單元(已失效),838,,,,萬華區,,,,,,,,,2014/7/16,,,,1384.00,,,,,,,121.50380027272728,25.043566772727274,,,,,,,,,,,,已失效,,,,103.7.16府都新字第10330609300號,,,
自劃單元,臺北市萬華區華江段二小段531地號等12筆土地為更新單元,839,,,,萬華區,,,,,,,,,2014/7/21,,,,1151.00,,,,,,,121.48902915,25.0320627,,,,,,,,,,,,已核准,,,,103.7.21府都新字第10330537200號,,,
自劃單元,臺北市萬華區萬華段一小段365地號等133筆土地為更新單元(已失效),840,,,,萬華區,,,,,,,,,2014/7/22,,,,6034.00,,,,,,,121.50415304761904,25.03701523809524,,,,,,,,,,,,已失效,,,,103.7.22府都新字第10231769100號,,,
自劃單元,臺北市萬華區福星段二小段149地號1筆土地為更新單元,961,,,,萬華區,,,,,,,,,2015/5/25,,,,1720.00,,,,,,,121.50834880000001,25.045072866666665,,,,,,,,,,,,已核准,,,,104.5.25府都新字第10332553400號,,,
自劃單元,臺北市萬華區漢中段三小段91地號等38筆土地為同小段38-3地號等67筆土地更新單元,962,,,,萬華區,,,,,,,,,2015/5/21,,,,2318.00,,,,,,,121.50594313207547,25.038436981132076,,,,,,,,,,,,已核准,,,,104.5.21府都新字第10430736200號,,,
自劃單元,臺北市萬華區龍山段一小段922地號等9筆土地為更新單元,963,,,,萬華區,,,,,,,,,2015/4/30,,,,1000.00,,,,,,,121.49658277777777,25.037533888888888,,,,,,,,,,,,已核准,,,,104.4.30府都新字第10331855100號,,,
自劃單元,臺北市萬華區華中段二小段191地號等3筆土地為更新單元,1007,,,,萬華區,,,,,,,,,2017/5/3,,,,715.00,,,,,,,121.49389783333334,25.023324416666668,,,,,,,,,,,,已核准,,,,106.5.3府都新字第10630794400號,,,
自劃單元,臺北市萬華區直興段三小段200地號等7筆土地為更新單元,1029,,,,萬華區,,,,,,,,,2017/5/8,,,,971.00,,,,,,,121.50038263157894,25.03920710526316,,,,,,,,,,,,已核准,,,,106.5.8府都新字第10630601500號,,,
自劃單元,臺北市大安區大安段三小段243地號等15筆土地更新單元,121,,,,大安區,,,,,,,,,2017/6/20,,,,1294.00,,,,,,,121.5476064,25.02565866666667,,,,,,,,,,,,已核准,,,,106.6.20府都新字第10631119500號,,,
自劃單元,臺北市松山區民生段77地號等10筆土地為更新單元,1074,,,,松山區,,,,,,,,,2018/10/1,,,,3158.00,,,,,,,121.56103134042553,25.05821891489362,,,,,,,,,,,,已核准,,,,107.10.1府都新字第1076005858號,,,
自劃單元,臺北市士林區三玉段三小段300地號1筆土地為更新單元,1032,,,,士林區,,,,,,,,,2017/6/13,,,,652.00,,,,,,,121.52920655172414,25.112886068965516,,,,,,,,,,,,已核准,,,,106.6.13府都新字第10630898800號,,,
自劃單元,臺北市士林區天山段二小段114地號等2筆土地為更新單元,1033,,,,士林區,,,,,,,,,2017/7/17,,,,741.00,,,,,,,121.53584169565218,25.119201217391304,,,,,,,,,,,,已核准,,,,106.7.17府都新字第10630825800號,,,
自劃單元,臺北市大同區延平段一小段355地號等38筆土地為更新單元,1034,,,,大同區,,,,,,,,,2017/9/7,,,,2376.00,,,,,,,121.51318391666666,25.058973916666666,,,,,,,,,,,,已核准,,,,106.9.7府都新字第10531128900號,,,
自劃單元,臺北市大同區市府段一小段18-1地號等19筆土地為更新單元(已失效),1046,,,,大同區,,,,,,,,,2018/3/16,,,,1104.00,,,,,,,121.51933968750001,25.052569062499998,,,,,,,,,,,,已失效,,,,107.3.16府都新字第10632454600號,,,
自劃單元,臺北市大安區辛亥段四小段482地號等1筆土地為更新單元,1035,,,,大安區,,,,,,,,,2017/8/31,,,,2156.00,,,,,,,121.55790013043479,25.017271913043476,,,,,,,,,,,,已核准,,,,106.8.31府都新字第10631613600號,,,
自劃單元,臺北市大安區辛亥段三小段390地號等4筆土地為更新單元(已失效),1048,,,,大安區,,,,,,,,,2017/12/6,,,,2076.00,,,,,,,121.5534781111111,25.021230833333334,,,,,,,,,,,,已失效,,,,106.12.6府都新字第10632044100號,,,
自劃單元,臺北市大安區懷生段一小段117地號等9筆土地為更新單元(已失效),1049,,,,大安區,,,,,,,,,2018/1/2,,,,4371.00,,,,,,,121.54273458139535,25.043522372093022,,,,,,,,,,,,已失效,,,,107.1.2府都新字第10632018600號,,,
自劃單元,臺北市中山區長安段二小段625地號等7筆土地為更新單元,1037,,,,中山區,,,,,,,,,2017/5/24,,,,1418.00,,,,,,,121.53867306666666,25.0456638,,,,,,,,,,,,已核准,,,,106.5.24府都新字第10630122800號,,,
自劃單元,臺北市中山區中山段一小段246地號等2筆土地為更新單元,1038,,,,中山區,,,,,,,,,2017/8/16,,,,895.00,,,,,,,121.52384471428572,25.066480428571428,,,,,,,,,,,,已核准,,,,106.8.16府都新字第10631452700號,,,
自劃單元,臺北市中山區長春段二小段688地號等12筆土地為更新單元,1039,,,,中山區,,,,,,,,,2017/8/31,,,,1454.00,,,,,,,121.53736975,25.053912625,,,,,,,,,,,,已核准,,,,106.8.31府都新字第10631819400號,,,
自劃單元,臺北市中山區吉林段一小段780-1地號等2筆土地為更新單元,1050,,,,中山區,,,,,,,,,2017/12/25,,,,1066.00,,,,,,,121.5327935625,25.058724774999998,,,,,,,,,,,,已核准,,,,106.12.25府都新字第10632871700號,,,
自劃單元,臺北市中山區長安段四小段8地號1筆土地為更新單元(已失效),1051,,,,中山區,,,,,,,,,2018/1/11,,,,524.00,,,,,,,121.53620185714286,25.048066285714285,,,,,,,,,,,,已失效,,,,107.1.11府都新字第10632901000號,,,
自劃單元,臺北市中正區臨沂段一小段303地號等10筆土地為更新單元,1040,,,,中正區,,,,,,,,,2016/8/2,,,,1562.00,,,,,敦年臨沂街,,121.53087963636364,25.041735727272727,,,,,,,,,,,,已失效,,,,105.8.2府都新字第10530509700號,,,
自劃單元,臺北市中正區中正段一小段242-3地號等8筆土地為更新單元,1052,,,,中正區,,,,,,,,,2018/3/20,,,,1217.00,,,,,,,121.5249465,25.0386819,,,,,,,,,,,,已核准,,,,107.3.20府都新字第10631903300號,,,
自劃單元,臺北市內湖區碧湖段三小段1-2地號等12筆土地為更新單元,1053,,,,內湖區,,,,,,,,,2017/11/21,,,,1253.00,,,,,,,121.58621255555556,25.083659472222223,,,,,,,,,,,,已核准,,,,106.11.21府都新字第10632223600號,,,
自劃單元,臺北市文山區興安段三小段206地號等10筆土地為更新單元(已失效),1043,,,,文山區,,,,,,,,,2017/9/13,,,,1301.00,,,,,,,121.54877039534884,24.997069627906978,,,,,,,,,,,,已核准,,,,106.9.13府都新字 第10631885600號,,,
自劃單元,臺北市文山區木柵段一小段757-1地號等12筆土地為更新單元,1008,,,,文山區,,,,,,,,,2017/10/13,,,,1393.00,,,,,,,121.56850866037736,24.990421679245284,,,,,,,,,,,,已核准,,,,106.10.13府都新字第10631936800號,,,
自劃單元,臺北市北投區文林段三小段838-1地號等7筆土地為更新單元,1044,,,,北投區,,,,,,,,,2017/8/2,,,,784.00,,,,,,,121.51556463157895,25.107354157894736,,,,,,,,,,,,已核准,,,,106.8.2府都新字 第10631534800號,,,
自劃單元,臺北市北投區桃源段五小段69(部分)地號等32筆土地為更新單元(已失效),1055,,,,北投區,,,,,,,,,2017/10/25,,,,5093.00,,,,,,,121.4765322586207,25.13452420689655,,,,,,,,,,,,已失效,,,,106.10.25府都新字第10631395200號,,,
自劃單元,臺北市北投區豐年段四小段479-2地號等3筆土地為更新單元,1056,,,,北投區,,,,,,,,,2017/10/26,,,,1914.00,,,,,,,121.46935361111112,25.126241222222223,,,,,,,,,,,,已核准,,,,106.10.26府都新字第10631978000號,,,
自劃單元,臺北市北投區新民段二小段405地號1筆土地為更新單元,1057,,,,北投區,,,,,,,,,2017/11/10,,,,4616.00,,,,,,,121.50499045121951,25.138984890243904,,,,,,,,,,,,已核准,,,,106.11.10府都新字第10632393300號,,,
自劃單元,臺北市松山區美仁段一小段712地號等2筆土地為更新單元,1058,,,,松山區,,,,,,,,,2017/9/26,,,,1127.00,,,,,,,121.55066488888889,25.053947,,,,,,,,,,,,已核准,,,,106.9.26府都新字第10631756900號,,,
自劃單元,臺北市松山區民生段150地號等6筆土地為更新單元,1059,,,,松山區,,,,,,,,,2017/10/6,,,,20920.00,,,,,,,121.550496,25.05652965,,,,,,,,,,,,已核准,,,,106.10.6府都新字第10632063800號,,,
自劃單元,臺北市松山區寶清段二小段155地號等25筆土地為更新單元,1060,,,,松山區,,,,,,,,,2017/10/23,,,,1651.00,,,,,,,121.57119645945946,25.05023527027027,,,,,,,,,,,,已核准,,,,106.10.23府都新字第10632160400號,,,
自劃單元,臺北市信義區逸仙段二小段69地號等3筆土地為更新單元,862,,,,信義區,,,,,,,,,2017/10/11,,,,583.00,,,,,,,121.5638280909091,25.043046818181818,,,,,,,,,,,,已核准,,,,106.10.11府都新字第10632006300號,,,
自劃單元,臺北市南港區南港段三小段72-1地號等7筆土地為更新單元,1045,,,,南港區,,,,,,,,,2017/9/4,,,,5994.00,,,,,,,121.59926913333334,25.05547393333333,,,,,,,,,,,,已核准,,,,106.9.4府都新字第10631805600號,,,
自劃單元,臺北市萬華區福星段四小段319地號等35筆土地為更新單元,1041,,,,萬華區,,,,,,,,,2018/12/21,,,,2210.00,,,,,,,121.50325136666666,25.0441053,,,,,,,,,,,,已核准,,,,107.12.21府都新字第1076002567號,,,
自劃單元,臺北市士林區三玉段一小段672地號等3筆土地為更新單元,4,,,,士林區,,,,,,,,,2013/11/15,,,,623.00,,,,,,,121.53189274285714,25.10943425714286,,,,,,,,,,,,已核准,,,,102.11.15府都新字第10232057700號,,,
自劃單元,臺北市松山區西松段二小段54地號等9筆土地為更新單元,1065,,,,松山區,,,,,,,,,2015/4/1,,,,2874.00,,,,,,,121.56349353846154,25.050513384615385,,,,,,,,,,,,已核准,,,,104.4.1府都新字第10330971400號,,,
自劃單元,臺北市萬華區直興段二小段441地號等18筆土地為更新單元,1042,,,,萬華區,,,,,,,,,2017/12/5,,,,1432.00,,,,,,,121.49885246428572,25.039752142857143,,,,,,,,,,,,已核准,,,,106.12.5府都新字第10632639800號,,,
自劃單元,臺北市中正區河堤段三小段450地號等16筆土地為更新單元(已失效),385,,,,中正區,,,,,,,,,2014/4/23,,,,3917.00,,,,,,,121.52295223076923,25.021987346153846,,,,,,,,,,,,已失效,,,,103.4.23府都新字第10232171300號,,,
自劃單元,劃定臺北市文山區興隆段三小段555-6地號（原622地號）等10筆（原8筆）土地為更新單元,517,,,,文山區,,,,,,,,,2012/2/10,,,,1052.00,,,,,,,121.53929145,25.00558545,,,,,,,,,,,,已核准,,,,101.2.10府都新字第10003920900號,,,
自劃單元,臺北市士林區三玉段四小段481地號等8筆土地為更新單元,987,,,,士林區,,,,,,,,,2016/8/8,,,,1854.00,,,,,,,121.52611345454545,25.11043524242424,,,,,,,,,,,,已核准,,,,105.8.8府都新字第10530273100號,,,
自劃單元,臺北市大安區復興段三小段3地號1筆土地為更新單元,1036,,,,大安區,,,,,,,,,2017/9/20,,,,1092.00,,,,,,,121.54830692307692,25.036560769230768,,,,,,,,,,,,已核准,,,,106.9.20府都新字第10631967000號,,,
自劃單元,變更臺北市士林區福林段三小段472地號等9筆土地為同小段472地號等12筆土地更新單元,26,,,,士林區,,,,,,,,,2012/10/4,,,,2014.00,,,,,,,121.52788315151516,25.097188606060605,,,,,,,,,,,,已核准,,,,101.10.4府都新字第10131801700號,,,
自劃單元,臺北市大同區延平段一小段608地號等23筆土地為同小段575地號等45筆土地更新單元,810,,,,大同區,,,,,,,,,2014/7/15,,,,3773.00,,,,,,,121.51277975471697,25.0578020754717,,,,,,,,,,,,已核准,,,,103.7.15府都新字第10330898500號,,,
自劃單元,臺北市士林區天母段一小段103-4地號等6筆土地為更新單元,1082,,,,士林區,,,,,,,,,2018/10/30,,,,2078.00,,,,,,,121.52645013888889,25.117200180555557,,,,,,,,,,,,已失效,,,,107.10.30府都新字第1076006810號,,,
自劃單元,臺北市大安區通化段五小段242地號等10筆土地為更新單元,1080,,,,大安區,,,,,,,,,2018/8/31,,,,4297.00,,,,,,,121.55092188235294,25.031995411764704,,,,,,,,,,,,已核准,,,,107.8.31府都新字第1076000640號,,,
自劃單元,臺北市中山區長春段三小段307地號1筆土地為更新單元,1069,,,,中山區,,,,,,,,,2018/6/6,,,,1956.00,,,,,,,121.53384614285714,25.052442142857142,,,,,,,,,,,,已核准,,,,107.6.6府都新字第10731051000號,,,
自劃單元,臺北市中山區長安段一小段712地號等3筆土地為更新單元(已失效),1068,,,,中山區,,,,,,,,,2018/5/18,,,,552.00,,,,,,,121.53722685714285,25.051398857142857,,,,,,,,,,,,已失效,,,,107.5.18府都新字第10731050900號,,,
自劃單元,臺北市中山區正義段一小段414地號等11筆土地為更新單元(已失效),1077,,,,中山區,,,,,,,,,2018/8/6,,,,1088.00,,,,,,,121.52883357142858,25.04843938095238,,,,,,,,,,,,已失效,,,,107.8.6府都新字第10731331900號,,,
自劃單元,臺北市中正區南海段二小段8地號等3筆土地及南海段三小段448地號等29筆土地為更新單元,1070,,,,中正區,,,,,,,,,2018/6/5,,,,3335.00,,,,,,,121.5194542,25.029424533333334,,,,,,,,,,,,已核准,,,,107.6.5府都新字第10632639900號,,,
自劃單元,臺北市中正區臨沂段四小段115地號等6筆土地為更新單元,1076,,,,中正區,,,,,,,,,2018/10/31,,,,2220.00,,,,,,,121.5300410909091,25.03678490909091,,,,,,,,,,,,已失效,,,,107.10.31府都新字第1076008058號,,,
自劃單元,臺北市北投區大業段四小段5地號(部分)等25筆土地為更新單元(已失效),1075,,,,北投區,,,,,,,,,2018/7/16,,,,2044.00,,,,,,,121.50054383333334,25.130051333333334,,,,,,,,,,,,已失效,,,,107.7.16府都新字第10730908700號,,,
自劃單元,臺北市信義區吳興段二小段776-1地號等15筆土地為更新單元,1073,,,,信義區,,,,,,,,,2018/9/10,,,,1234.79,,,,,,,121.569898140625,25.0176275,,,,,,,,,,,,已失效,,,,107.9.10府都新字第1076001696號,,,
自劃單元,臺北市萬華區福星段二小段674地號等4筆土地為更新單元(已失效),1071,,,,萬華區,,,,,,,,,2018/8/22,,,,1738.00,,,,,,,121.50434466666667,25.045565833333335,,,,,,,,,,,,已失效,,,,107.8.22府都新字第1076002557號,,,
自劃單元,臺北市文山區木柵段三小段368地號等14筆土地為更新單元,545,,,,文山區,,,,,,,,,2006/6/19,,,,2932.00,,,,,R095801,,121.56519516666667,24.98620355208333,,,,,,,,,,,,已核准,,,,95.6.19府都新字第0957089301號,,,
自劃單元,臺北市文山區木柵段三小段389地號等5筆土地為更新單元,530,,,,文山區,,,,,,,,,2009/10/28,,,,1336.00,,,,,R098805,,121.56536290909091,24.985878,,,,,,,,,,,,已核准,,,,98.10.28府都新字第09804329200號,,,
自劃單元,臺北市文山區華興段一小段18-1地號等11筆土地為更新單元,541,,,,文山區,,,,,,,,,2008/3/27,,,,1094.00,,,,,R097801,,121.55911849019608,24.990026882352943,,,,,,,,,,,,已核准,,,,97.3.27府都新字第09701277500號,,,
自劃單元,臺北市文山區木柵段四小段264地號等6筆土地為更新單元,536,,,,文山區,,,,,,,,,2008/10/10,,,,1879.00,,,,,R097806,,121.56413513636363,24.98414427272727,,,,,,,,,,,,已核准,,,,97.12.10府都新字第09707561600號,,,
自劃單元,臺北市文山區萬慶段一小段443地號等2筆土地為更新單元,532,,,,文山區,,,,,,,,,2009/9/4,,,,1282.00,,,,,R098804,,121.56413513636363,24.98414427272727,,,,,,,,,,,,已核准,,,,98.9.4府都新字第09803843600號,,,
自劃單元,臺北市文山區興安段一小段25地號等12筆土地為更新單元案,516,,,,文山區,,,,,,,,,2012/3/23,,,,1267.00,,,,,,,121.5578880625,24.99842234375,,,,,,,,,,,,已核准,,,,101.3.23府都新字第10130121300號,,,
自劃單元,臺北市文山區興安段二小段68地號等2筆土地為更新單元,1006,,,,文山區,,,,,,,,,2010/3/30,,,,1155.00,,,,,R098807,,121.55172871428572,25.001105857142857,,,,,,,,,,,,已核准,,,,99.3.30府都新字第09900723500號,,,
自劃單元,臺北市文山區興安段四小段122地號等22筆土地為更新單元,504,,,,文山區,,,,,,,,,2013/6/26,,,,1617.00,,,,,,,121.55830066071428,24.9936795,,,,,,,,,,,,已核准,,,,102.6.26府都新字第10131274900號,,,
自劃單元,臺北市文山區實踐段一小段461地號等7筆土地為更新單元,507,,,,文山區,,,,,,,,,2013/6/6,,,,2069.00,,,,,,,121.55870583673469,24.983928857142857,,,,,,,,,,,,已核准,,,,102.6.6府都新字第10230347300號,,,
自劃單元,臺北市文山區公訓段二小段210-2地號等59筆土地為更新單元,505,,,,文山區,,,,,,,,,2013/6/25,,,,7721.00,,,,,,,121.55592572992701,25.001958459854016,,,,,,,,,,,,已核准,,,,102.6.25府都新字第10230541600號,,,
自劃單元,臺北市文山區華興段三小段286地號等7筆土地為更新單元,509,,,,文山區,,,,,,,,,2013/3/2,,,,1310.00,,,,,,,121.55262951282052,24.987373256410258,,,,,,,,,,,,已核准,,,,102.3.21府都新字第10132445600號,,,
自劃單元,臺北市文山區公訓段三小段360地號等44筆土地及萬芳段三小段838-1地號為更新單元,527,,,,文山區,,,,,,,,,2010/8/27,,,,3705.00,,,,,R098809,,121.55912236082474,24.991866237113403,,,,,,,,,,,,已核准,,,,99.8.27府都新字第09902598900號,,,
自劃單元,臺北市文山區興安段一小段84地號等7筆土地為更新單元,929,,,,文山區,,,,,,,,,2015/4/16,,,,816.00,,,,,,,121.5572384,24.99828146666667,,,,,,,,,,,,已核准,,,,104.4.16府都新字第10332682700號,,,
自劃單元,臺北市北投區豐年段三小段4地號等16筆土地為更新單元,596,,,,北投區,,,,,,,,,2001/6/14,,,,2969.00,,,,,R092B01,,121.48450763043478,25.13769143478261,,,,,,,,,,,,已核准,,,,90.6.14府都新字第9021271600號,,,
自劃單元,臺北市北投區桃源段二小段251地號等14筆土地為更新單元,593,,,,北投區,,,,,,,,,2007/1/17,,,,4320.00,,,,,R096B01,,121.48610646875,25.139611125,,,,,,,,,,,,已核准,,,,96.1.17府都新字第09506547000號,,,
自劃單元,臺北市北投區振興段一小段15地號等7筆土地為更新單元,589,,,,北投區,,,,,,,,,2008/4/3,,,,2429.00,,,,,,,121.52287121621622,25.11869389189189,,,,,,,,,,,,已核准,,,,97.4.3府都新字第09701277400號,,,
自劃單元,變更臺北市北投區崇仰段三小段68地號等36筆土地為同小段同地號等35筆土地更新單元,67,,,,北投區,,,,,,,,,2009/7/7,,,,2245.00,,,,,R098B05,,121.52343749122807,25.119154754385963,,,,,,,,,,,,已核准,,,,98.7.7府都新字第09802847300號,,,
自劃單元,臺北市北投區文林段三小段923地號等11筆土地為更新單元,1054,,,,北投區,,,,,,,,,2010/4/2,,,,1293.00,,,,,R099B01,,121.51674088636364,25.106463795454545,,,,,,,,,,,,已核准,,,,99.4.2府都新字第09900754500號,,,
自劃單元,臺北市北投區奇岩段五小段444地號等7筆土地為更新單元,576,,,,北投區,,,,,,,,,2010/10/21,,,,1614.00,,,,,R099B09,,121.50063469047619,25.12533704761905,,,,,,,,,,,,已核准,,,,99.10.21府都新字第09903335800號,,,
自劃單元,臺北市北投區秀山段三小段220地號等20筆土地為更新單元,573,,,,北投區,,,,,,,,,2011/4/27,,,,6321.00,,,,,R100B04,,121.48929545,25.1437167375,,,,,,,,,,,,已核准,,,,100.4.27府都新字第10001005400號,,,
自劃單元,臺北市北投區崇仰段三小段156地號等23筆土地為更新單元,551,,,,北投區,,,,,,,,,2013/8/16,,,,1822.00,,,,,,,121.52298797727272,25.121700863636363,,,,,,,,,,,,已核准,,,,102.8.16府都新字第10231128300號,,,
自劃單元,臺北市北投區立農段二小段343-3地號等9筆土地為更新單元,931,,,,北投區,,,,,,,,,2015/10/29,,,,2162.00,,,,,,,121.510162625,25.1181549375,,,,,,,,,,,,已核准,,,,104.10.29府都新字第10431862100號,,,
自劃單元,臺北市北投區文林段四小段64地號等26筆土地為更新單元,575,,,,北投區,,,,,,,,,2011/4/27,,,,1717.00,,,,,R100B02,,121.51411570588235,25.113978205882354,,,,,,,,,,,,已核准,,,,100.4.27府都新字第10001005300號,,,
自劃單元,臺北市北投區立農段二小段254地號等2筆土地為更新單元,934,,,,北投區,,,,,,,,,2015/6/25,,,,2742.00,,,,,立農街,,121.5101594074074,25.11972227777778,,,,,,,,,,,,已核准,,,,104.6.25府都新字第10430308900號,,,
自劃單元,變更臺北市北投區振興段四小段168-4地號等42筆土地為同小段168-3地號等35筆土地更新單元,552,,,,北投區,,,,,,,,,2013/6/27,,,,3046.00,,,,,,,121.51584016949153,25.115111322033897,,,,,,,,,,,,已核准,,,,102.6.27府都新字第10231065000號,,,
自劃單元,臺北市北投區豐年段四小段56地號等6筆土地為更新單元,831,,,,北投區,,,,,,,,,2014/9/23,,,,2612.00,,,,,,,121.46835703278688,25.127496672131148,,,,,,,,,,,,已核准,,,,103.9.23府都新字第10330859000號,,,
自劃單元,臺北市北投區立農段一小段566-2地號等32筆土地為更新單元,858,,,,北投區,,,,,,,,,2014/12/16,,,,2104.00,,,,,,,121.5093146,25.113063333333333,,,,,,,,,,,,已核准,,,,103.12.16府都新字第10331624500號,,,
自劃單元,臺北市北投區立農段一小段513地號等14筆土地為更新單元,942,,,,北投區,,,,,,,,,2015/3/30,,,,2125.00,,,,,,,121.50870348387096,25.11364972580645,,,,,,,,,,,,已核准,,,,104.3.30府都新字第10430115300號,,,
自劃單元,臺北市北投區立農段五小段167-1地號等2筆土地為更新單元,939,,,,北投區,,,,,,,,,2015/4/17,,,,745.00,,,,,,,121.50741402941176,25.11951573529412,,,,,,,,,,,,已核准,,,,104.4.17府都新字第10430127200號,,,
自劃單元,臺北市萬華區直興段一小段373地號等12筆土地為更新單元,783,,,,萬華區,,,,,,,,,2011/7/11,,,,1545.00,,,,,R100103,,121.50486182352941,25.04583417647059,,,,,,,,,,,,已核准,,,,100.7.11府都新字第10001764900號,,,
自劃單元,臺北市松山區寶清段一小段341-1地號等28筆土地為更新單元,634,,,,松山區,,,,,,,,,2009/6/8,,,,2081.00,,,,,R098506,,121.56824264516129,25.053217387096776,,,,,,,,,,,,已核准,,,,98.6.8府都新字第09802561500號,,,
自劃單元,臺北市松山區寶清段一小段51-3地號1筆土地為更新單元,617,,,,松山區,,,,,,,,,2011/11/9,,,,922.00,,,,,R100507,,121.56750192307693,25.05636269230769,,,,,,,,,,,,已核准,,,,100.11.9府都新字第10003216400號,,,
自劃單元,臺北市松山區寶清段一小段51-17地號1筆土地為更新單元,621,,,,松山區,,,,,,,,,2011/9/22,,,,402.00,,,,,R100503,,121.56856783333333,25.056502666666667,,,,,,,,,,,,已核准,,,,100.9.22府都新字第10002905100號,,,
自劃單元,臺北市松山區寶清段一小段51-13地號土地為更新單元,628,,,,松山區,,,,,,,,,2010/4/30,,,,1375.00,,,,,R099505,,121.56854441666667,25.056929416666666,,,,,,,,,,,,已核准,,,,99.4.30府都新字第09901062100號,,,
自劃單元,臺北市松山區寶清段一小段57地號1筆土地為更新單元,861,,,,松山區,,,,,,,,,2014/12/24,,,,10034.00,,,,,,,121.56635355555555,25.05679622222222,,,,,,,,,,,,已核准,,,,103.12.24府都新字第10332074500號,,,
自劃單元,臺北市松山區寶清段一小段57-2地號等1筆土地為更新單元,615,,,,松山區,,,,,,,,,2012/5/22,,,,2871.00,,,,,R101502,,121.56640773333334,25.0563002,,,,,,,,,,,,已核准,,,,101.5.22府都新字第10130546100號,,,
自劃單元,臺北市松山區寶清段一小段57-13地號等1筆土地為更新單元,603,,,,松山區,,,,,,,,,2013/10/24,,,,4780.00,,,,,,,121.56498718181818,25.056626636363635,,,,,,,,,,,,已核准,,,,102.10.24府都新字第10231614900號,,,
自劃單元,臺北市松山區敦化段一小段703地號等9筆土地為更新單元,654,,,,松山區,,,,,,,,,2006/10/23,,,,1082.00,,,,,R095503,,121.545301,25.0537922,,,,,,,,,,,,已核准,,,,95.10.23府都新字第09535032500號,,,
自劃單元,臺北市松山區美仁段一小段800地號等9筆土地為更新單元,650,,,,松山區,,,,,,,,,2007/8/2,,,,2252.00,,,,,R096504,,121.55084564285714,25.052549071428572,,,,,,,,,,,,已核准,,,,96.8.2府都新字第09604298500號,,,
自劃單元,臺北市松山區美仁段二小段694地號等54筆土地為更新單元,635,,,,松山區,,,,,,,,,2009/5/6,,,,2078.00,,,,,R098505,,121.55388654166667,25.04842525,,,,,,,,,,,,已核准,,,,98.5.6府都新字第09802118100號,,,
自劃單元,臺北市松山區美仁段二小段536地號等3筆土地為更新單元,625,,,,松山區,,,,,,,,,2010/10/27,,,,1117.00,,,,,R098508,,121.55481477777778,25.05,,,,,,,,,,,,已核准,,,,99.10.27府都新字第09903357600號,,,
自劃單元,臺北市松山區延吉段一小段119地號等8筆土地為更新單元,629,,,,松山區,,,,,,,,,2010/4/28,,,,5457.00,,,,,R099504,,121.5568634,25.0467928,,,,,,,,,,,,已核准,,,,99.4.28府都新字第09901061800號,,,
自劃單元,臺北市松山區延吉段三小段691地號等6筆土地為更新單元,599,,,,松山區,,,,,,,,,2014/3/5,,,,1518.00,,,,,,,121.54946592307692,25.047365615384617,,,,,,,,,,,,已核准,,,,103.3.5府都新字第10232383800號,,,
自劃單元,臺北市松山區延吉段一小段585地號等7筆土地為更新單元,631,,,,松山區,,,,,,,,,2009/11/30,,,,2404.00,,,,,R098509,,121.55460021052632,25.04554047368421,,,,,,,,,,,,已核准,,,,98.11.30府都新字第09804694400號,,,
自劃單元,臺北市松山區敦化段一小段49地號等23筆土地為更新單元,606,,,,松山區,,,,,,,,,2013/5/15,,,,2388.00,,,,,,,121.54578328125,25.055828875,,,,,,,,,,,,已核准,,,,102.5.15府都新字第10230276200號,,,
自劃單元,臺北市信義區永吉段二小段33-2地號等2筆土地為更新單元,708,,,,信義區,,,,,,,,,2009/7/10,,,,3107.00,,,,,R096604,,121.57590383333333,25.0451135,,,,,,,,,,,,已核准,,,,98.7.10府都新字第09833402400號,,,
自劃單元,臺北市信義區犁和段一小段165地號等17筆土地為更新單元,732,,,,信義區,,,,,,,,,2007/7/27,,,,5874.00,,,,,R096605,,121.5598291060606,25.017987893939395,,,,,,,,,,,,已核准,,,,96.7.27府都新字第09604304800號,,,
自劃單元,臺北市信義區虎林段五小段15地號等7筆土地為更新單元,728,,,,信義區,,,,,,,,,2008/3/7,,,,1630.00,,,,,R097602,,121.57959408333333,25.048734,,,,,,,,,,,,已核准,,,,97.3.7府都新字第09700482600號,,,
自劃單元,臺北市信義區吳興段三小段196地號等17筆土地為更新單元,721,,,,信義區,,,,,,,,,2008/5/21,,,,5491.00,,,,,R097609,,121.57065462162163,25.023332216216215,,,,,,,,,,,,已核准,,,,97.5.21府都新字第09702499000號,,,
自劃單元,臺北市信義區吳興段二小段790-6地號等29筆土地為更新單元,719,,,,信義區,,,,,,,,,2008/10/28,,,,1563.00,,,,,R097611,,121.57065232352942,25.01836655882353,,,,,,,,,,,,已核准,,,,97.10.28府都新字第09705526000號,,,
自劃單元,臺北市信義區永吉段二小段376地號等30筆土地為更新單元,718,,,,信義區,,,,,,,,,2008/12/25,,,,2430.00,,,,,R097612,,121.57298118181818,25.045285363636363,,,,,,,,,,,,已核准,,,,97.12.25府都新字第09707447500號,,,
自劃單元,臺北市信義區永春段二小段15地號等18筆土地為更新單元,717,,,,信義區,,,,,,,,,2009/1/22,,,,2045.00,,,,,R098601,,121.57548623529412,25.036379294117648,,,,,,,,,,,,已核准,,,,98..1.22府都新字第09800098300號,,,
自劃單元,臺北市信義區雅祥段一小段578地號等15筆土地為更新單元,715,,,,信義區,,,,,,,,,2009/2/18,,,,3948.00,,,,,R098603,,121.56838092857143,25.046523,,,,,,,,,,,,已核准,,,,98.2.18府都新字第09800114600號,,,
自劃單元,臺北市信義區福德段一小段624-1地號等18筆土地為更新單元,697,,,,信義區,,,,,,,,,2010/6/23,,,,1525.00,,,,,R099606,,121.586546,25.04145211627907,,,,,,,,,,,,已核准,,,,99.6.23府都新字第09901504900號,,,
自劃單元,臺北市信義區永吉段一小段119-1地號等14筆土地為更新單元,691,,,,信義區,,,,,,,,,2010/11/26,,,,1601.00,,,,,R099611,,121.580254,25.044097555555556,,,,,,,,,,,,已核准,,,,99.11.26府都新字第09903761900號,,,
自劃單元,臺北市信義區逸仙段二小段151地號等18筆土地為更新單元,701,,,,信義區,,,,,,,,,2010/1/25,,,,6103.00,,,,,R099602,,121.56353655555556,25.041664822222224,,,,,,,,,,,,已核准,,,,99.1.25府都新字第09900014700號,,,
自劃單元,臺北市信義區雅祥段四小段735地號等45筆土地為?新單元,677,,,,信義區,,,,,,,,,2012/4/10,,,,2272.00,,,,,R101607,,121.56606202941177,25.041833529411765,,,,,,,,,,,,已核准,,,,101.4.10府都新字第10130118400號,,,
自劃單元,臺北市信義區雅祥段三小段233地號等2筆土地為更新單元,730,,,,信義區,,,,,,,,,2007/11/19,,,,4130.00,,,,,R096607,,121.56951747058824,25.043771529411764,,,,,,,,,,,,已核准,,,,96.11.19府都新字第09606504701號,,,
自劃單元,臺北市南港區玉成段五小段180-1地號等21筆土地為更新單元,757,,,,南港區,,,,,,,,,2008/9/19,,,,2233.00,,,,,R097005,,121.5843960425532,25.04701444680851,,,,,,,,,,,,已核准,,,,97.9.19府都新字第09705525800號,,,
自劃單元,臺北市南港區南港段一小段1110地號等21筆土地為更新單元,749,,,,南港區,,,,,,,,,2010/5/28,,,,2061.00,,,,,R099004,,121.60675936666667,25.056832333333332,,,,,,,,,,,,已核准,,,,99.5.28府都新字第09901458000號,,,
自劃單元,臺北市南港區南港段三小段274地號等16筆土地為更新單元,748,,,,南港區,,,,,,,,,2010/8/27,,,,3012.00,,,,,R099005,,121.59770786440679,25.054914508474575,,,,,,,,,,,,已核准,,,,99.8.26府都新字第09902526200號,,,
自劃單元,臺北市南港區南港段三小段68-3地號等5筆土地為更新單元,957,,,,南港區,,,,,,,,,2015/7/24,,,,2514.00,,,,,,,121.59660717021276,25.054993787234043,,,,,,,,,,,,已核准,,,,104.7.24府都新字第10431323700號,,,
自劃單元,臺北市南港區玉成段四小段158地號等6筆土地為更新單元,752,,,,南港區,,,,,,,,,2009/9/14,,,,1277.00,,,,,R098002,,121.59330261904762,25.048234285714287,,,,,,,,,,,,已核准,,,,98.9.14府都新字第09803816300號,,,
自劃單元,臺北市南港區玉成段五小段1地號等13筆土地為更新單元,959,,,,南港區,,,,,,,,,2015/4/23,,,,1941.00,,,,,,,121.5855784347826,25.047369347826088,,,,,,,,,,,,已核准,,,,104.4.23府都新字第10331665100號,,,
自劃單元,臺北市萬華區漢中段二小段328地號等99筆土地為更新單元,805,,,,萬華區,,,,,,,,,2008/2/26,,,,4836.00,,,,,R097101,,121.50493510344828,25.039943655172415,,,,,,,,,,,,已核准,,,,97.2.26府都新字第09700482200號,,,
自劃單元,臺北市萬華區萬華段一小段628-1地號等20筆土地為更新單元,798,,,,萬華區,,,,,,,,,2010/2/25,,,,894.00,,,,,R099101,,121.50415392857143,25.035534214285715,,,,,,,,,,,,已核准,,,,99.2.25府都新字第09900055500號,,,
自劃單元,臺北市萬華區漢中段二小段524地號等18筆土地為更新單元,784,,,,萬華區,,,,,,,,,2011/4/29,,,,1027.00,,,,,R100101,,121.5034907826087,25.040039782608694,,,,,,,,,,,,已核准,,,,100.4.29府都新字第10001005600號,,,
自劃單元,臺北市萬華區莒光段三小段198-4地號等28筆土地為更新單元,776,,,,萬華區,,,,,,,,,2012/6/21,,,,1288.00,,,,,R101104,,121.49743968965517,25.03167375862069,,,,,,,,,,,,已核准,,,,101.6.21府都新字第10130961800號,,,
自劃單元,臺北市萬華區漢中段三小段24-2地號等38筆土地為更新單元,763,,,,萬華區,,,,,,,,,2013/12/9,,,,1164.00,,,,,,,121.50564635714285,25.038876428571427,,,,,,,,,,,,已核准,,,,102.12.9府都新字第10231319300號,,,
自劃單元,臺北市萬華區雙園段三小段887-2地號等11筆土地為更新單元,985,,,,萬華區,,,,,,,,,2015/12/15,,,,1565.00,,,,,,,121.49473076666666,25.024222988888887,,,,,,,,,,,,已核准,,,,104.12.15府都新字第10432250800號,,,
自劃單元,臺北市文山區實踐段二小段563-1地號等39筆土地為更新單元,1091,,,,文山區,,,,,,,,,2019/1/7,,,,4275.00,,,,,,,121.55768372093023,24.980579209302327,,,,,,,,,,,,已核准,,,,108.1.7府都新字第1076016039號,,,
自劃單元,臺北市內湖區碧湖段四小段94-3地號等13筆土地為更新單元,1090,,,,內湖區,,,,,,,,,2019/7/30,,,,3766.00,,,,,,,121.57638952542374,25.084737694915255,,,,,,,,,,,,已核准,,,,108.7.30府都新字第1083013335號,,,
自劃單元,臺北市中山區中山段一小段450地號等12筆土地為更新單元,1088,,,,中山區,,,,,,,,,2019/4/17,,,,1098.00,,,,,,,121.52491857142857,25.063936714285713,,,,,,,,,,,,已核准,,,,108.4.17府都新字第1083003526號,,,
自劃單元,臺北市大安區仁愛段五小段480地號1筆土地為更新單元,1085,,,,大安區,,,,,,,,,2019/1/19,,,,1795.00,,,,,,,121.55632866666667,25.041764666666666,,,,,,,,,,,,已核准,,,,108.1.19府都新字第10730441000號,,,
自劃單元,臺北市中山區長春段一小段764地號等2筆土地為更新單元,1087,,,,中山區,,,,,,,,,2019/1/16,,,,2636.00,,,,,,,121.54363155555556,25.052276333333335,,,,,,,,,,,,已核准,,,,108.1.16府都新字第1076009959號,,,
自劃單元,臺北市萬華區莒光段四小段551地號等24筆(原22筆)土地為更新單元,1093,,,,萬華區,,,,,,,,,2019/1/15,,,,1126.00,,,,,,,121.4947856,25.0304656,,,,,,,,,,,,已核准,,,,108.1.15府都新字第1076014624號,,,
自劃單元,臺北市文山區華興段四小段44-2地號等12筆土地為更新單元,1092,,,,文山區,,,,,,,,,2019/5/1,,,,2005.00,,,,,,,121.54929775471697,24.985486773584906,,,,,,,,,,,,已核准,,,,108.5.1府都新字第1083002183號,,,
自劃單元,臺北市松山區延吉段一小段85地號等34筆土地惟更新單元,1084,,,,松山區,,,,,,,,,2019/7/5,,,,4174.00,,,,,,,121.55689473684211,25.047291263157895,,,,,,,,,,,,已核准,,,,108.7.5府都新字第1076017498號,,,
自劃單元,臺北市松山區敦化段一小段385地號等6筆土地為更新單元,1083,,,,松山區,,,,,,,,,2019/1/19,,,,3832.00,,,,,,,121.54621741666666,25.055157125,,,,,,,,,,,,已核准,,,,108.1.19府都新字第1076015781號,,,
自劃單元,臺北市中正區臨沂段一小段435地號等13筆土地為更新單元,1089,,,,中正區,,,,,,,,,2019/3/7,,,,1876.00,,,,,,,121.5282982962963,25.043193925925927,,,,,,,,,,,,已核准,,,,108.3.7府都新字第1076013837號,,,
自劃單元,臺北市大安區通化段六小段497地號等22筆土地為更新單元,1086,,,,大安區,,,,,,,,,2019/1/31,,,,2047.00,,,,,,,121.55111372413793,25.025797586206895,,,,,,,,,,,,已核准,,,,108.1.31府都新字第1083002080號,,,
自劃單元,臺北市文山區華興段四小段21-7地號等4筆土地為更新單元(已失效),1094,,,,文山區,,,,,,,,,2017/11/10,,,,1478.00,,,,,,,121.55002392941176,24.985821176470587,,,,,,,,,,,,已失效,,,,106.11.10府都新字第10630807700號,,,
自劃單元,臺北市大安區瑞安段三小段604地號等14筆土地為更新單元,1095,,,,大安區,,,,,,,,,2019/12/13,,,,3585.00,,,,,,,121.53961582857143,25.025797457142858,,,,,,,,,,,,已失效,,,,108.12.13府都新字第1083023929號,,,
自劃單元,臺北市中山區吉林段二小段898地號等3筆土地為更新單元,1096,,,,中山區,,,,,,,,,2019/12/17,,,,923.00,,,,,,,121.5319419111111,25.053853733333334,,,,,,,,,,,,已核准,,,,108.12.17府都新字第1083005212號,,,
自劃單元,臺北市中山區長安段一小段345地號等18筆土地為更新單元,1097,,,,中山區,,,,,,,,,2020/2/13,,,,1509.00,,,,,,,121.54352984545454,25.0485952,,,,,,,,,,,,已核准,,,,109.2.13府都新字第1097001462號,,,
自劃單元,臺北市松山區美仁段二小段831-3地號等14筆土地為更新單元,1098,,,,松山區,,,,,,,,,2019/11/15,,,,1801.00,,,,,,,121.55308712222222,25.049537633333333,,,,,,,,,,,,已核准,,,,108.11.15府都新字第1083016570號,,,
自劃單元,臺北市信義區犁和段二小段125地號等9筆土地為更新單元,1099,,,,信義區,,,,,,,,,2020/1/13,,,,984.00,,,,,,,121.55721444545455,25.0252097,,,,,,,,,,,,已失效,,,,109.1.13府都新字第1083027848號,,,
自劃單元,臺北市萬華區福星段二小段740地號等5筆土地為更新單元,1100,,,,萬華區,,,,,,,,,2019/10/21,,,,2276.00,,,,,,,121.5034971375,25.045740475,,,,,,,,,,,,已核准,,,,108.10.21府都新字第1083012534號,,,
自劃單元,臺北市士林區福林段一小段227地號等2筆土地為更新單元,1101,,,,士林區,,,,,,,,,2020/5/4,,,,2851.00,,,,,,,121.53483974782608,25.098773695652174,,,,,,,,,,,,已核准,,,,109.5.4府都新字第1097004945號,,,
自劃單元,臺北市大安區通化段六小段665地號等31筆土地為更新單元,1102,,,,大安區,,,,,,,,,2020/6/8,,,,2522.00,,,,,,,121.5497419375,25.024904799999998,,,,,,,,,,,,已核准,,,,109.6.8府都新字第1097003780號,,,
自劃單元,臺北市大安區學府段四小段110地號等8筆土地為更新單元,1103,,,,大安區,,,,,,,,,2020/6/23,,,,1315.00,,,,,,,121.53640054285715,25.02431707142857,,,,,,,,,,,,已失效,,,,109.6.23府都新字第1097004286號,,,
自劃單元,臺北市中山區中山段二小段234地號等4筆土地為更新單元,1104,,,,中山區,,,,,,,,,2020/5/8,,,,1008.00,,,,,,,121.52122476666666,25.062284577777778,,,,,,,,,,,,已核准,,,,109.5.8府都新字第1097001621號,,,
自劃單元,臺北市中山區中山段三小段355地號等13筆土地為更新單元,1105,,,,中山區,,,,,,,,,2020/6/9,,,,1191.00,,,,,,,121.52525232857143,25.056822985714284,,,,,,,,,,,,已核准,,,,109.6.9府都新字第1097001445號,,,
自劃單元,臺北市內湖區康寧段三小段265-28地號等15筆土地為更新單元,1106,,,,內湖區,,,,,,,,,2020/6/23,,,,791.00,,,,,,,121.59244135662651,25.08327248493976,,,,,,,,,,,,已失效,,,,109.6.23府都新字第1097009214號,,,
自劃單元,臺北市松山區敦化段五小段3地號等3筆土地為更新單元,1107,,,,松山區,,,,,,,,,2020/6/10,,,,1849.00,,,,,,,121.5484618125,25.0585746125,,,,,,,,,,,,已失效,,,,109.6.10府都新字第1083025437號,,,
自劃單元,臺北市萬華區龍山段一小段60-2地號等17筆土地為更新單元,1108,,,,萬華區,,,,,,,,,2020/6/18,,,,2050.00,,,,,,,121.50114462631579,25.0376976,,,,,,,,,,,,已核准,,,,109.6.18府都新字第1097007830號,,,
自劃單元,臺北市大安區通化段五小段447地號等5筆土地為更新單元,1109,,,,大安區,,,,,,,,,2020/7/15,,,,2721.00,,,,,,,121.54973961818182,25.031827545454547,,,,,,,,,,,,已核准,,,,109.7.15府都新字第1097003729號,,,
自劃單元,臺北市大安區金華段三小段112地號等40筆土地為更新單元,1110,,,,大安區,,,,,,,,,2020/7/30,,,,5376.00,,,,,,,121.52696702857142,25.030555,,,,,,,,,,,,已核准,,,,109.7.30府都新字第1097012101號,,,
自劃單元,臺北市北投區桃源段五小段69-2地號等34筆土地為更新單元,1111,,,,北投區,,,,,,,,,2020/7/10,,,,5742.00,,,,,,,121.4764439875,25.13450447,,,,,,,,,,,,已核准,,,,109.7.10府都新字第1083008644號,,,
自劃單元,臺北市文山區實踐段二小段563-1地號等39筆土地為更新單元,1112,,,,文山區,,,,,,,,,2019/1/7,,,,4275.00,,,,,,,121.55807663194445,24.98063481736111,,,,,,,,,,,,已核准,,,,108.1.7府都新字第1076016039號,,,
自劃單元,臺北市文山區華興段四小段44-2地號等12筆土地為更新單元,1113,,,,文山區,,,,,,,,,2019/5/1,,,,2005.00,,,,,,,121.54934470882353,24.9855096872549,,,,,,,,,,,,已核准,,,,108.5.1府都新字第1083002183號,,,
自劃單元,臺北市北投區大業段四小段574地號1筆土地為更新單元,1114,,,,北投區,,,,,,,,,2020/8/21,,,,4291.00,,,,,,,121.49913528125,25.12628505625,,,,,,,,,,,,已核准,,,,109.8.21府都新字第1097013304號,,,
自劃單元,臺北市南港區玉成段二小段299地號等7筆土地為更新單元,1115,,,,南港區,,,,,,,,,2020/9/2,,,,2036.00,,,,,,,121.59520346363637,25.051151445454547,,,,,,,,,,,,已核准,,,,109.9.2府都新字第1097012221號,,,
自劃單元,臺北市內湖區石潭段三小段646地號1筆土地為更新單元,1116,,,,內湖區,,,,,,,,,2020/9/10,,,,1730.37,,,,,,,121.59118752894737,25.069448854385964,,,,,,,,,,,,已核准,,,,109.9.10府都新字第1097009667號,,,
自劃單元,臺北市大安區復興段三小段373-3地號等36筆土地為更新單元,1117,,,,大安區,,,,,,,,,2020/9/23,,,,2657.00,,,,,,,121.54740345833333,25.03371335,,,,,,,,,,,,已核准,,,,109.9.23府都新字第1097015688號,,,
自劃單元,臺北市士林區光華段二小段956地號等22筆土地為更新單元,1118,,,,士林區,,,,,,,,,2020/9/28,,,,1409.00,,,,,,,121.51754663076923,25.091133484615384,,,,,,,,,,,,已核准,,,,109.9.28府都新字第1097012944號,,,
自劃單元,臺北市大安區復興段二小段212地號1筆土地為更新單元,1119,,,,大安區,,,,,,,,,2020/10/6,,,,1088.00,,,,,,,121.54742141538462,25.038310476923076,,,,,,,,,,,,已核准,,,,109.10.6府都新字第1097016662號,,,
自劃單元,臺北市中山區吉林段二小段898地號等3筆土地為更新單元,1120,,,,中山區,,,,,,,,,2020/10/16,,,,923.00,,,,,,,121.5319419111111,25.053853733333334,,,,,,,,,,,,已核准,,,,109.10.16府都新字第1097017217號,,,
自劃單元,臺北市大安區通化段五小段518地號1筆土地為更新單元,1121,,,,大安區,,,,,,,,,2020/10/20,,,,3067.00,,,,,,,121.54957731818182,25.030263436363636,,,,,,,,,,,,已核准,,,,109.10.20府都新字第1097016441號,,,
自劃單元,臺北市文山區萬慶段二小段302地號等21筆土地為更新單元,1122,,,,文山區,,,,,,,,,2020/10/27,,,,1646.00,,,,,,,121.53859955,24.9952341125,,,,,,,,,,,,已核准,,,,109.10.27府都新字第1097016807號,,,
自劃單元,臺北市大安區通化段五小段191-1地號等6筆土地為更新單元,1123,,,,大安區,,,,,,,,,2020/11/19,,,,1440.00,,,,,,,121.55104953333333,25.031215993333333,,,,,,,,,,,,已核准,,,,109.11.19府都新字第1097017826號,,,
自劃單元,臺北市大安區辛亥段三小段588地號等14筆土地為更新單元,1124,,,,大安區,,,,,,,,,2020/11/24,,,,1076.74,,,,,,,121.55231422,25.02197461,,,,,,,,,,,,已核准,,,,109.11.24府都新字第1097017476號,,,
自劃單元,臺北市大安區懷生段四小段592-1地號等13筆土地為更新單元,1125,,,,大安區,,,,,,,,,2020/11/26,,,,1206.00,,,,,,,121.53309933333334,25.034022858333334,,,,,,,,,,,,已核准,,,,109.11.26府都新字第1097012297號,,,
自劃單元,臺北市信義區雅祥段四小段224地號等17筆土地為更新單元,1126,,,,信義區,,,,,,,,,2020/12/8,,,,1041.00,,,,,,,121.567257548,25.04418624,,,,,,,,,,,,已核准,,,,109.12.8府都新字第1097018591號,,,
自劃單元,臺北市文山區萬慶段一小段95地號等15筆土地為更新單元,1127,,,,文山區,,,,,,,,,2020/12/14,,,,1790.00,,,,,,,121.53800167,24.9984456,,,,,,,,,,,,已核准,,,,109.12.14府都新字第1097017456號,,,
自劃單元,臺北市大安區仁愛段一小段85地號等5筆土地為更新單元,1128,,,,大安區,,,,,,,,,2020/12/28,,,,1192.00,,,,,,,121.55561888,25.040603179999998,,,,,,,,,,,,已核准,,,,109.12.28府都新字第1097016324號,,,
自劃單元,臺北市中山區吉林段四小段508地號等17筆土地為更新單元,1129,,,,中山區,,,,,,,,,2021/1/13,,,,3157.00,,,,,,,121.52591732222223,25.057741877777776,,,,,,,,,,,,已核准,,,,110.1.13府都新字第1097017908號,,,
自劃單元,臺北市中山區北安段二小段470-2地號等6筆土地為更新單元,1130,,,,中山區,,,,,,,,,2021/1/15,,,,3053.56,,,,,,,121.54583470714286,25.083212914285713,,,,,,,,,,,,已核准,,,,110.1.15府都新字第1097017364號,,,
自劃單元,臺北市大安區復興段三小段9-1地號等4筆土地為更新單元,1131,,,,大安區,,,,,,,,,2021/1/29,,,,1105.00,,,,,,,121.54732389,25.037426410000002,,,,,,,,,,,,已核准,,,,110.1.29府都新字第1097017429號,,,
自劃單元,臺北市信義區雅翔段一小段227-4地號等10筆土地為更新單元,1132,,,,信義區,,,,,,,,,2021/2/2,,,,1469.00,,,,,,,121.57008999166666,25.04607444166667,,,,,,,,,,,,已核准,,,,110.2.2府都新字第1097018008號,,,
自劃單元,臺北市中正區南海段一小段684地號等7筆土地為更新單元,1133,,,,中正區,,,,,,,,,2021/2/9,,,,952.00,,,,,,,121.51920762222223,25.032596133333332,,,,,,,,,,,,已核准,,,,110.2.9府都新字第1106001100號,,,
自劃單元,臺北市信義區雅祥段一小段614地號等10筆土地為更新單元,1134,,,,信義區,,,,,,,,,2021/2/26,,,,3508.00,,,,,,,121.56804508,25.04606017,,,,,,,,,,,,已核准,,,,110.2.26府都新字第1106000836號,,,
自劃單元,臺北市南港區南港段四小段302地號等2筆土地為更新單元,1135,,,,南港區,,,,,,,,,2021/4/12,,,,531.00,,,,,,,121.60229675625,25.05470137875,,,,,,,,,,,,已核准,,,,110.4.12府都新字第1106002755號,,,
自劃單元,臺北市中山區北安段一小段60-1地號等10筆土地為更新單元,1136,,,,中山區,,,,,,,,,2021/4/19,,,,4150.00,,,,,,,121.5537006590164,25.086103286885248,,,,,,,,,,,,已核准,,,,110.4.19府都新字第1106001133號,,,
自劃單元,臺北市大安區仁愛段一小段92地號等11筆土地更新單元,1137,,,,大安區,,,,,,,,,2021/4/22,,,,2308.00,,,,,,,121.55612966666666,25.04051358888889,,,,,,,,,,,,已核准,,,,110.4.22府都新字第1097023988號,,,
自劃單元,臺北市萬華區福星段四小段393-1地號17筆土地為更新單元,1138,,,,萬華區,,,,,,,,,2021/4/29,,,,850.00,,,,,,,121.5010728,25.04409755,,,,,,,,,,,,已核准,,,,110.4.29府都新字第1106001657號,,,
自劃單元,臺北市大安區復興段一小段396地號等8筆土地為更新單元,1139,,,,大安區,,,,,,,,,2021/6/1,,,,1809.00,,,,,,,121.54425187,25.04333421,,,,,,,,,,,,已核准,,,,110.6.1府都新字第1106001923號,,,
自劃單元,臺北市大安區復興段一小段396地號等8筆土地為更新單元,1140,,,,大安區,,,,,,,,,2021/6/9,,,,1809.00,,,,,,,121.54425187,25.04333421,,,,,,,,,,,,已核准,,,,110.6.9府都新字第1106003057號,,,
自劃單元,臺北市中正區臨沂段二小段60地號等18筆土地為更新單元,1141,,,,中正區,,,,,,,,,2021/6/30,,,,1464.00,,,,,,,121.53239145555555,25.039504066666666,,,,,,,,,,,,已核准,,,,110.6.30府都新字第1106002466號,,,
自劃單元,臺北市大同區市府段一小段18-1地號等19筆土地為更新單元,1142,,,,大同區,,,,,,,,,2021/7/1,,,,1104.00,,,,,,,121.51937257272728,25.052619236363636,,,,,,,,,,,,已核准,,,,110.7.1府都新字第1106002775號,,,
自劃單元,臺北市中正區河堤段一小段367地號等16筆土地為更新單元,1143,,,,中正區,,,,,,,,,2021/7/2,,,,1721.00,,,,,,,121.52446625,25.022275107142857,,,,,,,,,,,,已核准,,,,110.7.2府都新字第1097015490號,,,
自劃單元,臺北市大安區復興段二小段179-1地號等3筆土地為更新單元,1144,,,,大安區,,,,,,,,,2021/7/22,,,,1306.00,,,,,,,121.54826854545455,25.038729945454545,,,,,,,,,,,,已核准,,,,110.7.22府都新字第1106009197號,,,
自劃單元,臺北市大安區辛亥段三小段390地號等4筆土地為更新單元,1145,,,,大安區,,,,,,,,,2021/7/26,,,,2076.00,,,,,,,121.55343374545454,25.021219181818182,,,,,,,,,,,,已核准,,,,110.7.26府都新字第1106009247號,,,
自劃單元,臺北市大安區瑞安段二小段386地號等15筆土地為更新單元,1146,,,,大安區,,,,,,,,,2021/7/28,,,,1847.00,,,,,,,121.541085616,25.028999944,,,,,,,,,,,,已核准,,,,110.7.28府都新字第1106001658號,,,
自劃單元,臺北市大安區仁愛段二小段298地號等5筆土地為更新單元,1147,,,,大安區,,,,,,,,,2021/7/28,,,,2194.00,,,,,,,121.5537377,25.038274985714285,,,,,,,,,,,,已核准,,,,110.7.28府都新字第1106003333號,,,
自劃單元,臺北市中正區南海段四小段71地號等3筆土地為更新單元,1148,,,,中正區,,,,,,,,,2021/8/12,,,,1936.00,,,,,,,121.51485293,25.03263158,,,,,,,,,,,,已核准,,,,110.8.12府都新字第1106012565號,,,
自劃單元,臺北市文山區景美段五小段346地號等8筆土地為更新單元,1149,,,,文山區,,,,,,,,,2021/8/17,,,,3716.51,,,,,,,121.54236774615384,24.992116042051283,,,,,,,,,,,,已核准,,,,110.8.17府都新字第1106008968號,,,
自劃單元,臺北市大安區復興段二小段368地號等12筆土地為更新單元,1150,,,,大安區,,,,,,,,,2021/8/18,,,,2551.00,,,,,,,121.54475041111111,25.039208855555557,,,,,,,,,,,,已核准,,,,110.8.18府都新字第1106011826號,,,
自劃單元,臺北市北投區大業段三小段745地號等15筆土地為更新單元(已失效),1151,,,,北投區,,,,,,,,,2021/8/26,,,,1919.00,,,,,,,121.49698861428571,25.13110707142857,,,,,,,,,,,,已失效,,,,110.8.26府都新字第1106009049號,,,
自劃單元,臺北市松山區敦化段五小段3地號等3筆土地為更新單元,1152,,,,松山區,,,,,,,,,2021/8/31,,,,1849.00,,,,,,,121.5484618125,25.0585746125,,,,,,,,,,,,已核准,,,,110.8.31府都新字第1106014603號,,,
自劃單元,臺北市北投區桃源段二小段412地號等9筆土地為更新單元,1153,,,,北投區,,,,,,,,,2021/9/24,,,,1148.00,,,,,,,121.48531826103896,25.139031709090908,,,,,,,,,,,,已核准,,,,110.9.24府都新字第1106012724號,,,
自劃單元,臺北市大安區通化段五小段191-4地號等24筆土地為更新單元,1154,,,,大安區,,,,,,,,,2021/9/3,,,,1283.93,,,,,,,121.549766005,25.031526305,,,,,,,,,,,,已核准,,,,110.9.3府都新字第1106011982號,,,
自劃單元,臺北市中正區臨沂段三小段257地號等7筆土地為更新單元,1155,,,,中正區,,,,,,,,,2021/10/6,,,,1101.73,,,,,,,121.53108143,25.03519297,,,,,,,,,,,,已核准,,,,110.10.6府都新字第1106014702號,,,
自劃單元,臺北市中正區城中段一小段788-1地號等19筆土地為更新單元,1156,,,,中正區,,,,,,,,,2021/10/8,,,,2534.00,,,,,,,121.509720315,25.044482015,,,,,,,,,,,,已核准,,,,110.10.8府都新字第1106002700號,,,
自劃單元,臺北市士林區福順段三小段547地號等16筆土地為更新單元（已失效）,1157,,,,士林區,,,,,,,,,2021/10/15,,,,1279.22,,,,,,,121.5110921,25.08058255,,,,,,,,,,,,已失效,,,,110.10.15府都新字第1106012739號,,,
自劃單元,臺北市大安區學府段二小段10地號等4筆土地為更新單元,1158,,,,大安區,,,,,,,,,2021/11/10,,,,558.00,,,,,,,121.54277484285714,25.02455834285714,,,,,,,,,,,,已核准,,,,110.11.10府都新字第1106016956號,,,
自劃單元,臺北市松山區西松段一小段61地號等2筆土地為更新單元,1159,,,,松山區,,,,,,,,,2021/11/1,,,,3204.00,,,,,,,121.56355466363637,25.05365310909091,,,,,,,,,,,,已核准,,,,110.11.1府都新字第1106014411號,,,
自劃單元,臺北市中正區臨沂段二小段316地號等4筆土地為更新單元,1160,,,,中正區,,,,,,,,,2021/11/4,,,,519.00,,,,,,,121.52860312,25.03980114,,,,,,,,,,,,已核准,,,,110.11.4府都新字第1106016196號,,,
自劃單元,臺北市內湖區康寧段二小段238地號5筆土地為更新單元,1161,,,,內湖區,,,,,,,,,2021/11/9,,,,594.00,,,,,,,121.59305418888889,25.085871655555557,,,,,,,,,,,,已核准,,,,110.11.9府都新字第1106015851號,,,
自劃單元,臺北市南港區玉成段四小段499地號等26筆土地為更新單元,1162,,,,南港區,,,,,,,,,2021/11/29,,,,2452.83,,,,,,,121.58843540246913,25.048650661728395,,,,,,,,,,,,已核准,,,,110.11.29府都新字第1106012780號,,,
自劃單元,臺北市信義區信義段五小段38地號1筆土地為更新單元,1163,,,,信義區,,,,,,,,,2021/12/16,,,,3813.00,,,,,,,121.56337888,25.03259958,,,,,,,,,,,,已核准,,,,110.12.16府都新字第1106025700號,,,
自劃單元,臺北市文山區萬芳段三小段563-1地號等9筆土地為更新單元,1164,,,,文山區,,,,,,,,,2021/12/17,,,,1876.00,,,,,,,121.56391728,24.989730296,,,,,,,,,,,,已核准,,,,110.12.17府都新字第1106017583號,,,
自劃單元,臺北市文山區景美段三小段127-10(部分)地號等20筆土地為更新單元,1165,,,,文山區,,,,,,,,,2021/12/20,,,,2029.95,,,,,,,121.54200342,24.993673700000002,,,,,,,,,,,,已核准,,,,110.12.20府都新字第1106003224號,,,
自劃單元,臺北市中山區中山段三小段355地號等13筆土地為更新單元,1166,,,,中山區,,,,,,,,,2021/12/20,,,,1191.00,,,,,,,121.52525232857143,25.056822985714284,,,,,,,,,,,,已核准,,,,110.12.20府都新字第1106018477號,,,
自劃單元,臺北市中山區中山段一小段729地號等30筆土地為更新單元,1167,,,,中山區,,,,,,,,,2021/12/24,,,,2888.00,,,,,,,121.52480735,25.062078875,,,,,,,,,,,,已核准,,,,110.12.24府都新字第1106017837號,,,
自劃單元,臺北市大同區迪化段三小段688地號等52筆土地為更新單元,1168,,,,大同區,,,,,,,,,2022/1/4,,,,3587.00,,,,,,,121.50803327142857,25.054831542857144,,,,,,,,,,,,已核准,,,,111.1.4府都新字第1106016129號,,,
自劃單元,臺北市中正區臨沂段二小段108地號等9筆土地為更新單元,1169,,,,中正區,,,,,,,,,2022/1/4,,,,898.00,,,,,,,121.53201063750001,25.0385689625,,,,,,,,,,,,已核准,,,,111.1.4府都新字第1106018892號,,,
自劃單元,臺北市大安區龍泉段一小段694地號等21 筆土地為更新單元,1170,,,,大安區,,,,,,,,,2022/1/5,,,,3809.48,,,,,,,121.53191256666666,25.018134206666666,,,,,,,,,,,,已核准,,,,111.1.5府都新字第1106018518號,,,
自劃單元,臺北市信義區雅祥段一小段180地號等13筆土地為更新單元,1171,,,,信義區,,,,,,,,,2022/1/24,,,,1731.00,,,,,,,121.57176796666667,25.046284058333335,,,,,,,,,,,,已核准,,,,111.1.24府都新字第1106014859號,,,
自劃單元,臺北市中正區公園段二小段592地號等33筆土地為更新單元,1172,,,,中正區,,,,,,,,,2022/1/26,,,,2882.96,,,,,,,121.51370774545454,25.04541550909091,,,,,,,,,,,,已核准,,,,111.1.26府都新字第1106017839號,,,
自劃單元,臺北市中正區南海段三小段212地號等14筆土地為更新單元,1175,,,,中正區,,,,,,,,,2022/2/16,,,,925.00,,,,,,,121.5192755,25.030610733333333,,,,,,,,,,,,已核准,,,,111.2.16府都新字第1116001207號,,,
自劃單元,臺北市南港區玉成段二小段360地號等5筆土地為更新單元,1176,,,,南港區,,,,,,,,,2022/3/2,,,,9148.00,,,,,,,121.59205422142857,25.05058887857143,,,,,,,,,,,,已核准,,,,111.3.2府都新字第1106026994號,,,
自劃單元,臺北市松山區民生段127地號等20筆土地為更新單元,1177,,,,松山區,,,,,,,,,2022/3/4,,,,5913.00,,,,,,,121.55265257611111,25.059664088333335,,,,,,,,,,,,已核准,,,,111.3.4府都新字第1116000732號,,,
自劃單元,臺北市大安區龍泉段一小段28地號等3筆土地為更新單元,1179,,,,大安區,,,,,,,,,2022/3/11,,,,664.00,,,,,,,121.53390326,25.02588562,,,,,,,,,,,,已核准,,,,111.3.11府都新字第1116001273號,,,
自劃單元,臺北市信義區雅祥段四小段97地號等16筆土地為更新單元,1180,,,,信義區,,,,,,,,,2022/3/18,,,,2153.00,,,,,,,121.56837144545455,25.044570972727275,,,,,,,,,,,,已核准,,,,111.3.18府都新字第1106019229號,,,
自劃單元,臺北市南港區玉成段四小段322地號1筆土地為更新單元,1181,,,,南港區,,,,,,,,,2022/3/23,,,,1295.00,,,,,,,121.59356883157895,25.047059205263157,,,,,,,,,,,,已核准,,,,111.3.23府都新字第1116001195號,,,
自劃單元,臺北市信義區信義段二小段142地號等11筆土地為更新單元,1182,,,,信義區,,,,,,,,,2022/3/28,,,,1729.00,,,,,,,121.5713390111111,25.040251733333335,,,,,,,,,,,,已核准,,,,111.3.28府都新字第1116000809號,,,
自劃單元,臺北市大同區雙連段二小段1-3地號等7筆土地為更新單元,1183,,,,大同區,,,,,,,,,2022/3/30,,,,1770.24,,,,,,,121.51786315,25.061859249999998,,,,,,,,,,,,已核准,,,,111.3.30府都新字第1116000231號,,,
自劃單元,臺北市大安區復興段三小段431地號等14筆土地為更新單元,1184,,,,大安區,,,,,,,,,2022/4/12,,,,1562.00,,,,,,,121.54648384000001,25.03486557,,,,,,,,,,,,已核准,,,,111.4.12府都新字第1116002466號,,,
自劃單元,臺北市中正區福和段一小段436地號等4筆土地為更新單元,1185,,,,中正區,,,,,,,,,2022/4/12,,,,2633.90,,,,,,,121.52940368,25.0174545,,,,,,,,,,,,已核准,,,,111.4.12府都新字第1116003164號,,,
自劃單元,臺北市松山區敦化段四小段201地號等13筆土地為更新單元,1186,,,,松山區,,,,,,,,,2022/4/18,,,,1654.00,,,,,,,121.54462057692308,25.06378293846154,,,,,,,,,,,,已核准,,,,111.4.18府都新字第1116008790號,,,
自劃單元,臺北市北投區奇岩段五小段615地號等5筆土地為更新單元,1187,,,,北投區,,,,,,,,,2022/4/26,,,,2729.00,,,,,,,121.4998318368421,25.123202110526314,,,,,,,,,,,,已核准,,,,111.4.26府都新字第1116003266號,,,
自劃單元,臺北市大安區通化段四小段508地號等12筆土地為更新單元,1188,,,,大安區,,,,,,,,,2022/4/29,,,,2675.89,,,,,,,121.55291541428572,25.030673571428572,,,,,,,,,,,,已核准,,,,111.4.29府都新字第1116002790號,,,
自劃單元,臺北市北投區豐年段四小段517地號等4筆土地為更新單元,1189,,,,北投區,,,,,,,,,2022/5/3,,,,1856.00,,,,,,,121.46838435454545,25.12629249090909,,,,,,,,,,,,已核准,,,,111.5.3府都新字第1116002095號,,,
自劃單元,臺北市松山區西松段三小段175地號等14筆土地為更新單元,1190,,,,松山區,,,,,,,,,2022/5/4,,,,1469.00,,,,,,,121.5613269923077,25.04819790769231,,,,,,,,,,,,已核准,,,,111.5.4府都新字第1116002532號,,,
自劃單元,臺北市大安區瑞安段二小段844地號等20筆土地為更新單元,1191,,,,大安區,,,,,,,,,2022/5/6,,,,773.00,,,,,,,121.54297670909091,25.0254103,,,,,,,,,,,,已核准,,,,111.5.6府都新字第1116012618號,,,
自劃單元,臺北市松山區延吉段一小段565地號等6筆土地為更新單元,1192,,,,松山區,,,,,,,,,2022/5/11,,,,1142.00,,,,,,,121.55496044444445,25.0460819,,,,,,,,,,,,已核准,,,,111.5.11府都新字第1116003420號,,,
自劃單元,臺北市北投區溫泉段四小段273-3地號等16筆土地為更新單元,1193,,,,北投區,,,,,,,,,2022/5/12,,,,1057.89,,,,,,,121.50331673544304,25.130800274683544,,,,,,,,,,,,已核准,,,,111.5.12府都新字第1116002305號,,,
自劃單元,臺北市大安區復興段三小段385地號等12筆土地為更新單元,1194,,,,大安區,,,,,,,,,2022/5/12,,,,1267.00,,,,,,,121.54775002727273,25.03367589090909,,,,,,,,,,,,已核准,,,,111.5.12府都新字第1116003114號,,,
自劃單元,臺北市中山區正義段三小段295地號等12筆土地為更新單元,1195,,,,中山區,,,,,,,,,2022/5/17,,,,2013.00,,,,,,,121.52311672857142,25.051791728571427,,,,,,,,,,,,已核准,,,,111.5.17府都新字第1116003117號,,,
自劃單元,臺北市中山區吉林段三小段801地號等10筆土地為更新單元,1196,,,,中山區,,,,,,,,,2022/5/17,,,,1230.00,,,,,,,121.528641625,25.058280975,,,,,,,,,,,,已核准,,,,111.5.17府都新字第1116003568號,,,
自劃單元,臺北市中山區長安段三小段627地號等14筆土地為更新單元,1197,,,,中山區,,,,,,,,,2022/5/23,,,,2168.00,,,,,,,121.52927533333333,25.051615116666667,,,,,,,,,,,,已核准,,,,111.5.23府都新字第1116003355號,,,
自劃單元,臺北市大安區瑞安段二小段844地號等25筆土地為更新單元,1198,,,,大安區,,,,,,,,,2022/5/30,,,,1453.00,,,,,,,121.54295031818182,25.025373972727273,,,,,,,,,,,,已核准,,,,111.5.30府都新字第1116009618號,,,
自劃單元,臺北市信義區雅祥段一小段599地號等22筆土地為更新單元,1199,,,,信義區,,,,,,,,,2022/6/30,,,,1920.00,,,,,,,121.56855220909091,25.04610972727273,,,,,,,,,,,,已核准,,,,111.6.30府都新字第1116009946號,,,
自劃單元,臺北市中正區河堤段六小段278地號等7筆土地為更新單元,1200,,,,中正區,,,,,,,,,2022/6/30,,,,877.00,,,,,,,121.51918708,25.0215042,,,,,,,,,,,,已核准,,,,111.6.30府都新字第1116011193號,,,
自劃單元,臺北市大安區仁愛段一小段809地號等6筆土地為更新單元,1201,,,,大安區,,,,,,,,,2022/7/4,,,,2359.00,,,,,,,121.5571171,25.03484725,,,,,,,,,,,,已核准,,,,111.7.4府都新字第1116010631號,,,
自劃單元,臺北市大安區復興段二小段368地號等7筆土地為更新單元,1202,,,,大安區,,,,,,,,,2022/7/5,,,,1990.32,,,,,,,121.54483074444444,25.039227244444444,,,,,,,,,,,,已核准,,,,111.7.5府都新字第1116010627號,,,
自劃單元,臺北市內湖區潭美段三小段726地號1筆土地為更新單元,1203,,,,內湖區,,,,,,,,,2022/7/6,,,,796.00,,,,,,,121.58491043,25.05781306,,,,,,,,,,,,已核准,,,,111.7.6府都新字第1116010987號,,,
自劃單元,臺北市中正區城中段二小段36地號等23筆土地為更新單元,1204,,,,中正區,,,,,,,,,2022/7/8,,,,1196.00,,,,,,,121.51282871000001,25.04300317,,,,,,,,,,,,已核准,,,,111.7.8府都新字第1116009499號,,,
自劃單元,臺北市北投區豐年段四小段421地號等四筆土地為更新單元,1205,,,,北投區,,,,,,,,,2022/7/8,,,,4763.00,,,,,,,121.4706619625,25.128088225,,,,,,,,,,,,已核准,,,,111.7.8府都新字第1116010204號,,,
自劃單元,臺北市北投區行義段三小段352地號等22筆土地及行義段四小段289-8地號1筆土地為更新單元,1206,,,,北投區,,,,,,,,,2022/7/15,,,,4009.80,,,,,,,121.52678019803922,25.125654647058823,,,,,,,,,,,,已核准,,,,111.7.15府都新字第1116009952號,,,
自劃單元,臺北市士林區三玉段二小段68地號等3筆土地為更新單元,1207,,,,士林區,,,,,,,,,2022/7/26,,,,2096.00,,,,,,,121.53338940259741,25.11754798831169,,,,,,,,,,,,已核准,,,,111.7.26府都新字第1116011752號,,,
自劃單元,臺北市內湖區文德段二小段547-4地號等38筆土地為更新單元,1208,,,,內湖區,,,,,,,,,2022/8/4,,,,1057.00,,,,,,,121.57868906617647,25.076125269117647,,,,,,,,,,,,已核准,,,,111.8.4府都新字第1116011167號,,,
自劃單元,臺北市中山區長安段四小段526地號等7筆土地為更新單元,1209,,,,中山區,,,,,,,,,2022/8/5,,,,1232.00,,,,,,,121.5309886,25.04737148888889,,,,,,,,,,,,已核准,,,,111.8.5府都新字第1116011396號,,,
自劃單元,臺北市北投區文林段一小段436-1地號等23筆土地為更新單元,1210,,,,北投區,,,,,,,,,2022/8/10,,,,1320.00,,,,,,,121.51909166470588,25.104670111764705,,,,,,,,,,,,已核准,,,,111.8.10府都新字第1116011145號,,,
自劃單元,臺北市中正區南海段三小段831地號等7筆土地為更新單元,1211,,,,中正區,,,,,,,,,2022/8/15,,,,1469.00,,,,,,,121.51594130000001,25.028815944444446,,,,,,,,,,,,已核准,,,,111.8.15府都新字第1116011127號,,,
自劃單元,臺北市大安區復興段三小段310地號1筆土地為更新單元,1212,,,,大安區,,,,,,,,,2022/8/22,,,,1383.00,,,,,,,121.54824595714285,25.035294814285713,,,,,,,,,,,,已核准,,,,111.8.22府都新字第1116009860號,,,
自劃單元,臺北市信義區逸仙段三小段382-1地號等12筆土地為更新單元,1213,,,,信義區,,,,,,,,,2022/8/22,,,,1159.00,,,,,,,121.55816924,25.03699182,,,,,,,,,,,,已核准,,,,111.8.22府都新字第1116010586號,,,
自劃單元,臺北市信義區?和段二小段261-4地號等8筆土地為更新單元,1214,,,,信義區,,,,,,,,,2022/9/21,,,,635.00,,,,,,,121.55615388571428,25.02407182857143,,,,,,,,,,,,已核准,,,,111.9.21府都新字第1116016463號,,,
自劃單元,臺北市大安區復興段一小段65地號等20筆土地為更新單元,1215,,,,大安區,,,,,,,,,2022/9/22,,,,3157.00,,,,,,,121.54762624444444,25.04376457777778,,,,,,,,,,,,已核准,,,,111.9.22府都新字第1116016593號,,,
自劃單元,臺北市信義區三興段二小段95地號等23筆土地為更新單元,1216,,,,信義區,,,,,,,,,2022/9/23,,,,555.00,,,,,,,121.56350608333334,25.0277636,,,,,,,,,,,,已核准,,,,111.9.23府都新字第1116010244號,,,
自劃單元,臺北市中正區臨沂段一小段357地號等5筆土地為更新單元,1217,,,,中正區,,,,,,,,,2022/9/28,,,,1670.00,,,,,,,121.53014830000001,25.04268204285714,,,,,,,,,,,,已核准,,,,111.9.28府都新字第1116016904號,,,
自劃單元,臺北市大安區懷生段二小段475地號等37筆土地為更新單元,1218,,,,大安區,,,,,,,,,2022/9/30,,,,2967.00,,,,,,,121.53920392,25.03738358,,,,,,,,,,,,已核准,,,,111.9.30府都新字第1116017737號,,,
自劃單元,臺北市大安區懷生段四小段301地號等7筆土地為更新單元,1219,,,,大安區,,,,,,,,,2022/10/3,,,,1188.00,,,,,,,121.53478053333333,25.034379833333332,,,,,,,,,,,,已核准,,,,111.10.3府都新字第1116015936號,,,
自劃單元,臺北市士林區海光段二小段42地號等73筆土地為更新單元,1220,,,,士林區,,,,,,,,,2022/11/8,,,,4743.00,,,,,,,121.50881489402985,25.083607586567165,,,,,,,,,,,,已核准,,,,111.11.8府都新字第1116016745號,,,
自劃單元,臺北市大安區大安段一小段130地號等11筆土地為更新單元,1221,,,,大安區,,,,,,,,,2022/11/18,,,,1475.00,,,,,,,121.54752736842106,25.03165567894737,,,,,,,,,,,,已核准,,,,111.11.18府都新字第1116017663號,,,
自劃單元,臺北市松山區敦化段一小段709-1地號等4筆土地為更新單元,1222,,,,松山區,,,,,,,,,2022/11/21,,,,897.00,,,,,,,121.54494713333334,25.05346608888889,,,,,,,,,,,,已核准,,,,111.11.21府都新字第1116016772號,,,
自劃單元,臺北市內湖區西湖段二小段304-2地號1筆土地為更新單元,1223,,,,內湖區,,,,,,,,,2022/12/13,,,,3349.00,,,,,,,121.55983407777778,25.087845266666665,,,,,,,,,,,,已核准,,,,111.12.13府都新字第1116017162號,,,
自劃單元,臺北市信義區雅祥段一小段31-4地號等18筆土地為更新單元,1224,,,,信義區,,,,,,,,,2022/12/22,,,,1167.00,,,,,,,121.57131339166666,25.047749041666666,,,,,,,,,,,,已核准,,,,111.12.22府都新字第1116018475號,,,
自劃單元,臺北市中山區中山段二小段52地號等13筆土地為更新單元,1225,,,,中山區,,,,,,,,,2022/12/22,,,,1295.00,,,,,,,121.519927,25.06396178,,,,,,,,,,,,已核准,,,,111.12.22府都新字第1116020580號,,,
自劃單元,臺北市內湖區碧湖段三小段199地號等7筆土地為更新單元,1226,,,,內湖區,,,,,,,,,2022/12/22,,,,1083.00,,,,,,,121.58257645238095,25.079879233333333,,,,,,,,,,,,已核准,,,,111.12.22府都新字第1116021200號,,,
自劃單元,臺北市松山區美仁段一小段465地號等13筆土地為更新單元,1227,,,,松山區,,,,,,,,,2022/12/23,,,,1827.00,,,,,,,121.55239391428572,25.052473728571428,,,,,,,,,,,,已核准,,,,111.12.23府都新字第1116016903號,,,
自劃單元,臺北市大安區復興段一小段496地號等9筆土地為更新單元,1228,,,,大安區,,,,,,,,,2023/2/1,,,,1982.00,,,,,,,121.5482919,25.0428855375,,,,,,,,,,,,已核准,,,,112.2.1府都新字第1116020929號,,,
自劃單元,臺北市北投區開明段二小段250地號等19筆土地為更新單元,1229,,,,北投區,,,,,,,,,2023/2/1,,,,1549.00,,,,,,,121.50080324,25.13908374,,,,,,,,,,,,已核准,,,,112.2.1府都新字第1116020994號,,,
自劃單元,臺北市北投區奇岩段五小段495地號等24筆土地為更新單元,1230,,,,北投區,,,,,,,,,2023/2/15,,,,20652.00,,,,,,,121.50207984910715,25.12144004642857,,,,,,,,,,,,已核准,,,,112.2.15府都新字第1126000788號,,,
自劃單元,臺北市士林區天母段四小段552地號等5筆土地惟更新單元,1231,,,,士林區,,,,,,,,,2023/2/23,,,,1402.00,,,,,,,121.52759900344827,25.1233936,,,,,,,,,,,,已核准,,,,112.2.23府都新字第1116021272號,,,
自劃單元,臺北市松山區敦化段一小段135-1地號等18筆土地為更新單元,1232,,,,松山區,,,,,,,,,2023/2/24,,,,2238.00,,,,,,,121.5458372090909,25.056339736363636,,,,,,,,,,,,已核准,,,,112.2.24府都新字第1116025246號,,,
自劃單元,臺北市大安區大安段二小段248地號等6筆土地為更新單元,1233,,,,大安區,,,,,,,,,2023/2/2,,,,1301.00,,,,,,,121.54532163333333,25.0286825,,,,,,,,,,,,已核准,,,,112.2.2府都新字第1116021222號,,,
自劃單元,臺北市大安區仁愛段五小段222地號等5筆土地為更新單元,1234,,,,大安區,,,,,,,,,2023/2/9,,,,1709.66,,,,,,,121.55671723333333,25.042585086666666,,,,,,,,,,,,已核准,,,,112.2.9府都新字第1116025715號,,,
自劃單元,臺北市大安區仁愛段五小段224地號1筆土地為更新單元,1235,,,,大安區,,,,,,,,,2023/2/9,,,,1759.00,,,,,,,121.5573705,25.04256461111111,,,,,,,,,,,,已核准,,,,112.2.9府都新字第1116025716號,,,
自劃單元,臺北市南港區南港段一小段947-3地號等40筆土地為更新單元,1236,,,,南港區,,,,,,,,,2023/3/3,,,,19476.00,,,,,,,121.60803050298507,25.05889242885572,,,,,,,,,,,,已核准,,,,112.3.3府都新字第1116025314號,,,
自劃單元,臺北市士林區三玉段二小段328地號等14筆土地為更新單元,1237,,,,士林區,,,,,,,,,2023/3/6,,,,4841.00,,,,,,,121.53184545867768,25.11510262066116,,,,,,,,,,,,已核准,,,,112.3.6府都新字第1116021072號,,,
自劃單元,臺北市士林區百齡段一小段169-11地號等69筆土地為更新單元,1238,,,,士林區,,,,,,,,,2023/3/17,,,,3003.07,,,,,,,121.51699492592593,25.090194485185187,,,,,,,,,,,,已核准,,,,112.3.17府都新字第1116018020號,,,
自劃單元,臺北市大安區復興段三小段7地號等23筆土地為更新單元,1239,,,,大安區,,,,,,,,,2023/3/20,,,,1741.00,,,,,,,121.54737307272727,25.037378136363635,,,,,,,,,,,,已核准,,,,112.3.20府都新字第1126000627號,,,
自劃單元,臺北市北投區立農段五小段163-2地號等4筆土地為更新單元,1240,,,,北投區,,,,,,,,,2023/3/20,,,,858.00,,,,,,,121.50734461219513,25.11983648780488,,,,,,,,,,,,已核准,,,,112.3.20府都新字第1126001786號,,,
自劃單元,臺北市內湖區潭美段三小段779-4地號等24筆土地為更新單元,1241,,,,內湖區,,,,,,,,,2023/3/24,,,,11270.00,,,,,,,121.58332174690722,25.057010941237113,,,,,,,,,,,,已核准,,,,112.3.24府都新字第1116025599號,,,
自劃單元,臺北市大安區學府段四小段110地號等9筆土地為更新單元,1242,,,,大安區,,,,,,,,,2023/3/28,,,,1315.00,,,,,,,121.53640054285715,25.02431707142857,,,,,,,,,,,,已核准,,,,112.3.28府都新字第1126001925號,,,
自劃單元,臺北市士林區海光段二小段215地號等68筆土地為更新單元,1243,,,,士林區,,,,,,,,,2023/3/29,,,,3416.76,,,,,,,121.50975912592592,25.08294308888889,,,,,,,,,,,,已核准,,,,112.3.29府都新字第1116016905號,,,
自劃單元,臺北市文山區實踐段二小段495-2地號等8筆土地為更新單元,1244,,,,文山區,,,,,,,,,2023/3/30,,,,1173.00,,,,,,,121.55971380469799,24.980873726174497,,,,,,,,,,,,已核准,,,,112.3.30府都新字第1126000691號,,,
自劃單元,臺北市松山區美仁段一小段740地號等13筆土地為更新單元,1245,,,,松山區,,,,,,,,,2023/4/10,,,,2108.00,,,,,,,121.54996128571429,25.05365937142857,,,,,,,,,,,,已核准,,,,112.4.10府都新字第1116026242號,,,
自劃單元,臺北市松山區民生段140-9地號等3筆土地為更新單元,1246,,,,松山區,,,,,,,,,2023/4/10,,,,1131.00,,,,,,,121.5497813,25.058300833333334,,,,,,,,,,,,已核准,,,,112.4.10府都新字第1126002096號,,,
自劃單元,臺北市萬華區漢中段二小段218地號等28筆土地更新單元,1247,,,,萬華區,,,,,,,,,2023/4/13,,,,2230.45,,,,,,,121.50566587777777,25.03987747777778,,,,,,,,,,,,已核准,,,,112.4.13府都新字第1126002760號,,,
自劃單元,臺北市大安區仁愛段三小段596地號等2筆土地為更新單元,1248,,,,大安區,,,,,,,,,2023/4/18,,,,1801.00,,,,,,,121.55315433333334,25.033587406666665,,,,,,,,,,,,已核准,,,,112.4.18府都新字第1126001030號,,,
自劃單元,臺北市大安區仁愛段一小段276地號等12筆土地為更新單元,1249,,,,大安區,,,,,,,,,2023/5/1,,,,1328.00,,,,,,,121.55580856666667,25.03874338888889,,,,,,,,,,,,已核准,,,,112.5.1府都新字第1116026159號,,,
自劃單元,臺北市南港區玉成段四小段60地號等29筆土地為更新單元,1250,,,,南港區,,,,,,,,,2023/5/3,,,,1521.00,,,,,,,121.5933841,25.049727774358974,,,,,,,,,,,,已核准,,,,112.5.3府都新字第1126002145號,,,
自劃單元,臺北市南港區玉成段四小段707地號等5筆土地為更新單元,1251,,,,南港區,,,,,,,,,2023/5/10,,,,1261.00,,,,,,,121.58929094615385,25.046904753846153,,,,,,,,,,,,已核准,,,,112.5.10府都新字第1126002029號,,,
自劃單元,臺北市大安區學府段四小段179地號等9筆土地為更新單元,1252,,,,大安區,,,,,,,,,2023/5/23,,,,1325.00,,,,,,,121.53567620909091,25.024727436363637,,,,,,,,,,,,已核准,,,,112.5.23府都新字第1126001045號,,,
自劃單元,臺北市松山區美仁段二小段485地號等14筆土地為更新單元,1253,,,,松山區,,,,,,,,,2023/5/26,,,,1335.00,,,,,,,121.55534602222222,25.048445700000002,,,,,,,,,,,,已核准,,,,112.5.26府都新字第1126002473號,,,
自劃單元,臺北市士林區百齡段五小段3-1地號等22筆土地為更新單元,1254,,,,士林區,,,,,,,,,2023/6/2,,,,2491.00,,,,,,,121.52299108333334,25.084497733333333,,,,,,,,,,,,已核准,,,,112.6.2府都新字第1126002422,,,
自劃單元,臺北市士林區福林段一小段386地號等5筆土地為更新單元,1255,,,,士林區,,,,,,,,,2023/6/5,,,,743.00,,,,,,,121.53294251168832,25.098440701298703,,,,,,,,,,,,已核准,,,,112.6.5府都新字第1126004032,,,
自劃單元,臺北市士林區芝山段一小段175地號等8筆土地為更新單元,1256,,,,士林區,,,,,,,,,2023/6/13,,,,1661.00,,,,,,,121.53168896923077,25.10794659230769,,,,,,,,,,,,已核准,,,,112.6.13府都新字第1126004091,,,
自劃單元,臺北市中正區中正段一小段114-1地號等2筆土地及臨沂段二小段238-1地號等6筆土地為更新單元,1257,,,,中正區,,,,,,,,,2023/6/13,,,,1814.81,,,,,,,121.52893227142857,25.038524157142856,,,,,,,,,,,,已核准,,,,112.6.13府都新字第1126004249號,,,
自劃單元,臺北市大安區復興段二小段9地號等3筆土地為更新單元,1258,,,,大安區,,,,,,,,,2023/6/26,,,,3109.00,,,,,,,121.548296,25.04021035,,,,,,,,,,,,已核准,,,,112.6.26府都新字第1126004393號,,,
自劃單元,臺北市北投區大業段四小段181-1地號等12筆土地為更新單元,1259,,,,北投區,,,,,,,,,2023/7/3,,,,3566.00,,,,,,,121.49958039171271,25.12974113314917,,,,,,,,,,,,已核准,,,,112.7.3府都新字第1126003310號,,,
自劃單元,臺北市北投區振興段一小段731地號等3筆土地為更新單元,1260,,,,北投區,,,,,,,,,2023/7/4,,,,1399.00,,,,,,,121.519594232,25.109255568,,,,,,,,,,,,已核准,,,,112.7.4府都新字第1126004023號,,,
自劃單元,臺北市中山區中山段二小段361地號等19筆土地為更新單元,1261,,,,中山區,,,,,,,,,2023/7/13,,,,1615.00,,,,,,,121.52045062,25.06101005,,,,,,,,,,,,已核准,,,,112.7.13府都新字第1126003842號,,,
自劃單元,臺北市大同區圓環段三小段114地號等61筆土地為更新單元,1262,,,,大同區,,,,,,,,,2023/7/13,,,,4313.00,,,,,,,121.51738506,25.0556207,,,,,,,,,,,,已核准,,,,112.7.13府都新字第1126004081號,,,
自劃單元,臺北市中山區長安段四小段525地號等16筆土地為更新單元,1263,,,,中山區,,,,,,,,,2023/7/17,,,,2535.00,,,,,,,121.53116915454545,25.047286154545453,,,,,,,,,,,,已核准,,,,112.7.17府都新字第1126003677號,,,
自劃單元,臺北市北投區振興段三小段969-1地號等12筆土地為更新單元,1264,,,,北投區,,,,,,,,,2023/7/20,,,,1428.00,,,,,,,121.51950120000001,25.1104844,,,,,,,,,,,,已核准,,,,112.7.20府都新字第1126003991號,,,
自劃單元,臺北市大安區懷生段二小段60地號等18筆土地為更新單元,1265,,,,大安區,,,,,,,,,2023/7/24,,,,3431.00,,,,,,,121.5423161625,25.039663475,,,,,,,,,,,,已核准,,,,112.7.24府都新字第1126004803號,,,
自劃單元,臺北市中山區中山段一小段538地號等3筆土地為更新單元,1266,,,,中山區,,,,,,,,,2023/7/28,,,,703.00,,,,,,,121.52389372,25.0639679,,,,,,,,,,,,已核准,,,,112.7.28府都新字第1126010011號,,,
自劃單元,臺北市中正區公園段二小段592地號等19筆土地為更新單元,1267,,,,中正區,,,,,,,,,2023/8/7,,,,1638.27,,,,,,,121.51393084285714,25.045422871428574,,,,,,,,,,,,已核准,,,,112.8.7府都新字第1126014309號,,,
自劃單元,臺北市大同區市府段二小段310地號等38筆土地為更新單元,1268,,,,大同區,,,,,,,,,2023/8/18,,,,2212.00,,,,,,,121.51649122307693,25.051370815384615,,,,,,,,,,,,已核准,,,,112.8.18府都新字第1126004766號,,,
自劃單元,臺北市大同區延平段三小段302-4地號等11筆土地為更新單元,1269,,,,大同區,,,,,,,,,2023/8/18,,,,995.66,,,,,,,121.50872417142857,25.059272364285714,,,,,,,,,,,,已核准,,,,112.8.18府都新字第1126009609號,,,
自劃單元,臺北市中山區吉林段三小段265地號等22筆土地為更新單元,1270,,,,中山區,,,,,,,,,2023/8/22,,,,2085.00,,,,,,,121.52846841,25.06104556,,,,,,,,,,,,已核准,,,,112.8.22府都新字第1126010449號,,,
自劃單元,臺北市北投區豐年段二小段392地號等22筆土地為更新單元,1271,,,,北投區,,,,,,,,,2023/8/31,,,,2187.00,,,,,,,121.49144051165048,25.13833137669903,,,,,,,,,,,,已核准,,,,112.8.31府都新字第1126004672號,,,
自劃單元,臺北市北投區奇岩段五小段547-6地號1筆土地為更新單元,1272,,,,北投區,,,,,,,,,2023/9/1,,,,5726.29,,,,,,,121.50126614999999,25.12045725,,,,,,,,,,,,已核准,,,,112.9.1府都新字第1126014919號,,,
自劃單元,臺北市松山區敦化段一小段419-1地號等15筆土地為更新單元,1273,,,,松山區,,,,,,,,,2023/9/7,,,,15047.00,,,,,,,121.54826197058823,25.052519223529412,,,,,,,,,,,,已核准,,,,112.9.7府都新字第1126014863號,,,
自劃單元,臺北市松山區敦化段一小段693地號等2筆土地為更新單元,1274,,,,松山區,,,,,,,,,2023/9/7,,,,1444.00,,,,,,,121.5451634,25.05285382222222,,,,,,,,,,,,已核准,,,,112.9.7府都新字第1126016753號,,,
自劃單元,臺北市中正區永昌段四小段31地號等17筆土地為更新單元,1275,,,,中正區,,,,,,,,,2023/9/20,,,,2013.00,,,,,,,121.51075422857143,25.02933152142857,,,,,,,,,,,,已核准,,,,112.9.20府都新字第1126017113號,,,
自劃單元,臺北市北投區大業段二小段712地號等27筆土地為更新單元,1276,,,,北投區,,,,,,,,,2023/9/27,,,,1251.00,,,,,,,121.49723052923076,25.135496541025642,,,,,,,,,,,,已核准,,,,112.9.27府都新字第1126016759號,,,
自劃單元,臺北市大安區瑞安段一小段334地號等7筆土地為更新單元,1277,,,,大安區,,,,,,,,,2023/10/4,,,,675.00,,,,,,,121.53842165555555,25.031039888888888,,,,,,,,,,,,已核准,,,,112.10.4府都新字第1126020602號,,,
自劃單元,臺北市大安區復興段三小段309地號等2筆土地為更新單元,1278,,,,大安區,,,,,,,,,2023/10/5,,,,1448.00,,,,,,,121.548240475,25.0356773375,,,,,,,,,,,,已核准,,,,112.10.5府都新字第1126017393號,,,
自劃單元,臺北市中正區公園段二小段3地號等5筆土地為更新單元,1279,,,,中正區,,,,,,,,,2023/10/13,,,,4252.00,,,,,,,121.51639646,25.04594094,,,,,,,,,,,,已核准,,,,112.10.13府都新字第1126018139號,,,
自劃單元,臺北市中正區臨沂段三小段48地號等7筆及臨沂段四小段9地號等18筆土地為更新單元,1280,,,,中正區,,,,,,,,,2023/10/22,,,,2391.00,,,,,,,121.53071871538461,25.037744,,,,,,,,,,,,已核准,,,,112.10.22府都新字第1126021109號,,,
自劃單元,臺北市北投區溫泉段四小段268地號等17筆土地為更新單元,1281,,,,北投區,,,,,,,,,2023/11/2,,,,997.00,,,,,,,121.50324552727272,25.129844145454545,,,,,,,,,,,,已核准,,,,112.11.2府都新字第1126020791號,,,
自劃單元,臺北市松山區延吉段一小段91地號等16筆土地為更新單元,1282,,,,松山區,,,,,,,,,2023/11/9,,,,805.00,,,,,,,121.55656533,25.04732847,,,,,,,,,,,,已核准,,,,112.11.9府都新字第1126020886號,,,
自劃單元,臺北市中山區中山段三小段763地號等6筆土地為更新單元,1283,,,,中山區,,,,,,,,,2023/11/10,,,,1183.00,,,,,,,121.52346154444444,25.05339781111111,,,,,,,,,,,,已核准,,,,112.11.10府都新字第1126017065號,,,
自劃單元,臺北市大安區仁愛段二小段501地號1筆土地為更新單元,1284,,,,大安區,,,,,,,,,2023/11/13,,,,1016.00,,,,,,,121.551597275,25.0391320375,,,,,,,,,,,,已核准,,,,112.11.13府都新字第1126017727號,,,
自劃單元,臺北市松山區西松段一小段149地號等23筆土地為更新單元,1285,,,,松山區,,,,,,,,,2023/11/16,,,,2182.00,,,,,,,121.56171196923077,25.051840646153845,,,,,,,,,,,,已核准,,,,112.11.16府都新字第1126017520號,,,
自劃單元,臺北市中正區城中段一小段788地號等26筆土地為更新單元,1286,,,,中正區,,,,,,,,,2023/11/17,,,,3567.00,,,,,,,121.509721525,25.044442933333332,,,,,,,,,,,,已核准,,,,112.11.17府都新字第1126018085號,,,
自劃單元,臺北市北投區立農段四小段401地號等36筆土地為更新單元,1287,,,,北投區,,,,,,,,,2023/11/20,,,,4852.00,,,,,,,121.50789786666667,25.115208133939394,,,,,,,,,,,,已核准,,,,112.11.20府都新字第1126017199號,,,
自劃單元,臺北市士林區百齡段五小段50地號等28筆土地為更新單元,1288,,,,士林區,,,,,,,,,2023/11/20,,,,1981.00,,,,,,,121.5221548125,25.084342258333333,,,,,,,,,,,,已核准,,,,112.11.20府都新字第1126021299,,,
自劃單元,臺北市大同區市府段一小段575地號等22筆土地為更新單元,1289,,,,大同區,,,,,,,,,2023/12/1,,,,1309.00,,,,,,,121.51995787,25.05060469,,,,,,,,,,,,已核准,,,,112.12.1府都新字第1126020766號,,,
自劃單元,臺北市南港區玉成段四小段101地號等9筆土地為更新單元,1290,,,,南港區,,,,,,,,,2023/12/22,,,,1130.00,,,,,,,121.5923832,25.049684214285715,,,,,,,,,,,,已核准,,,,112.12.22府都新字第1126020087號,,,
自劃單元,臺北市大安區龍泉段一小段566-2地號等2筆土地為更新單元,1291,,,,大安區,,,,,,,,,2024/1/24,,,,1083.32,,,,,,,121.533068,25.019924888888887,,,,,,,,,,,,已核准,,,,113.1.24府都新字第1126022135號,,,
自劃單元,臺北市中正區臨沂段二小段327地號等2筆土地為更新單元,1292,,,,中正區,,,,,,,,,2024/1/3,,,,2181.00,,,,,,,121.52703885714286,25.041019285714285,,,,,,,,,,,,已核准,,,,113.1.3府都新字第1126022388號,,,
自劃單元,臺北市中正區臨沂段一小段357地號等5筆土地,1293,,,,中正區,,,,,,,,,2024/2/17,,,,1654.00,,,,,,,121.53013874999999,25.042735874999998,,,,,,,,,,,,已核准,,,,113.2.17府都新字第1136000600號,,,
自劃單元,臺北市松山區西松段三小段175地號等14筆土地為更新單元,1294,,,,松山區,,,,,,,,,2024/1/25,,,,1469.00,,,,,,,121.56132492307692,25.048214153846153,,,,,,,,,,,,已核准,,,,113.1.25府都新字第1126021922號,,,
自劃單元,臺北市松山區敦化段五小段29-12地號等6筆土地,1295,,,,松山區,,,,,,,,,2024/3/12,,,,1028.00,,,,,,,121.54456400000001,25.059385600000002,,,,,,,,,,,,已核准,,,,113.3.12府都新字第1136000840號,,,
自劃單元,臺北市松山區延壽段一小段418地號等6筆土地,1296,,,,松山區,,,,,,,,,2024/3/28,,,,2365.31,,,,,,,121.5694345,25.058527166666668,,,,,,,,,,,,已核准,,,,113.3.28府都新字第1136000929號,,,
自劃單元,臺北市大安區懷生段二小段46地號1筆土地為更新單元,1297,,,,大安區,,,,,,,,,2024/5/14,,,,4268,,,,,,,121.54183977777778,25.04092211111111,,,,,,,,,,,,已核准,,,,113.5.14府都新字第1136001875號,,,
自劃單元,臺北市中山區北安段一小段161地號等5筆土地為更新單元,1298,,,,中山區,,,,,,,,,2024/5/20,,,,1581,,,,,,,121.54784377777777,25.084829111111112,,,,,,,,,,,,已核准,,,,113.5.20府都新字第1136004568號,,,
自劃單元,臺北市松山區美仁段一小段440地號等10筆土地為更新單元,1299,,,,松山區,,,,,,,,,2024/5/22,,,,1537,,,,,,,121.55335009090909,25.05207690909091,,,,,,,,,,,,已核准,,,,113.5.22府都新字第1136001904號,,,
自劃單元,臺北市中正區臨沂段一小段396地號等5筆土地為更新單元,1300,,,,中正區,,,,,,,,,2024/5/27,,,,1715,,,,,,,121.529587,25.04105775,,,,,,,,,,,,已核准,,,,113.5.27府都新字第1136004132號,,,
自劃單元,臺北市中山區長春段三小段150地號等11筆土地為更新單元,1301,,,,中山區,,,,,,,,,2024/5/29,,,,4091,,,,,,,121.5354527,25.0545509,,,,,,,,,,,,已核准,,,,113.5.29府都新字第1136004328號,,,
自劃單元,臺北市大同區大龍段三小段271地號等8筆土地為更新單元,1302,,,,大同區,,,,,,,,,2024/5/7,,,,678,,,,,,,121.51792933333333,25.069664,,,,,,,,,,,,已核准,,,,113.5.7府都新字第1136000788號,,,
自劃單元,臺北市信義區逸仙段三小段613地號等50筆土地為更新單元,1303,,,,信義區,,,,,,,,,2024/6/14,,,,7096,,,,,,,121.55807655555556,25.03578388888889,,,,,,,,,,,,已核准,,,,113.6.14府都新字第1136003793號,,,
自劃單元,臺北市萬華區萬華段一小段654地號等18筆土地,1304,,,,萬華區,,,,,,,,,2024/6/5,,,,1418.21,,,,,,,121.5036531111111,25.036015444444445,,,,,,,,,,,,已核准,,,,113.6.5府都新字第1126003707號,,,
自劃單元,臺北市大安區龍泉段一小段449地號等5筆土地為更新單元,1305,,,,大安區,,,,,,,,,2024/6/7,,,,2505,,,,,,,121.53272318181818,25.02124709090909,,,,,,,,,,,,已核准,,,,113.6.7府都新字第1136002236號,,,
自劃單元,臺北市大同區玉泉段二小段376地號等2筆土地,1306,,,,大同區,,,,,,,,,2024/7/15,,,,1755,,,,,,,121.51012883333334,25.050569166666666,,,,,,,,,,,,已核准,,,,113.7.15府都新字第1136005144號,,,
自劃單元,臺北市士林區芝山段一小段262地號等23筆土地為更新單元,1307,,,,士林區,,,,,,,,,2024/7/18,,,,2676,,,,,,,121.5308961875,25.107732375,,,,,,,,,,,,已核准,,,,113.7.18府都新字第1136004153,,,
自劃單元,臺北市中山區長春段三小段292地號等15筆土地為更新單元,1308,,,,中山區,,,,,,,,,2024/7/5,,,,2268,,,,,,,121.53342375,25.0533105,,,,,,,,,,,,已核准,,,,113.7.5府都新字第1136004376號,,,
自劃單元,臺北市大安區金華段三小段112地號等41筆土地為更新單元,1309,,,,大安區,,,,,,,,,2024/7/9,,,,5376,,,,,,,121.52699685714286,25.03072142857143,,,,,,,,,,,,已核准,,,,113.7.9府都新字第1136002864號,,,
自劃單元,臺北市大同區圓環段三小段125地號等27筆土地,1310,,,,大同區,,,,,,,,,2024/7/23,,,,2560,,,,,,,121.51724015384616,25.05567623076923,,,,,,,,,,,,已核准,,,,113.7.23府都新字第1136000838號,,,
自劃單元,臺北市中山區榮星段六小段440地號等23筆土地為更新單元,1311,,,,中山區,,,,,,,,,2024/7/17,,,,3457.00,,,,,,,121.53435092857143,25.060873,,,,,,,,,,,,已核准,,,,113.7.17府都新字第1136004376號,,,
自劃單元,臺北市大同區玉泉段一小段640地號1筆土地為更新單元,1312,,,,大同區,,,,,,,,,2024/8/28,,,,1038.00,,,,,,,121.51375377777778,25.052001222222223,,,,,,,,,,,,已核准,,,,113.8.28府都新字第1136013644號,,,
自劃單元,臺北市北投區溫泉段一小段39-5地號等12筆土地為更新單元,1313,,,,北投區,,,,,,,,,2024/10/1,,,,4301.19,,,,,,,121.5075713111111,25.13582528888889,,,,,,,,,,,,已核准,,,,113.10.1府都新字第1136013371號,,,
自劃單元,臺北市中山區德惠段四小段470地號等5筆土地為更新單元,1314,,,,中山區,,,,,,,,,2024/10/14,,,,876.00,,,,,,,121.5272758,25.0646174,,,,,,,,,,,,已核准,,,,113.10.14府都新字第1136014546號,,,
自劃單元,臺北市中正區公園段二小段265地號等17筆土地為更新單元,1315,,,,中正區,,,,,,,,,2024/10/16,,,,986.00,,,,,,,121.5158168,25.043991000000002,,,,,,,,,,,,已核准,,,,113.10.16府都新字第1136014740號,,,
自劃單元,臺北市大安區仁愛段三小段445地號等2筆土地為更新單元,1316,,,,大安區,,,,,,,,,2024/10/30,,,,1120.00,,,,,,,121.55455305263158,25.033655157894735,,,,,,,,,,,,已核准,,,,113.10.30府都新字第1136015383號,,,
自劃單元,臺北市中正區臨沂段一小段646地號等8筆土地為更新單元,1317,,,,中正區,,,,,,,,,2024/11/5,,,,1822.00,,,,,,,121.52680514285714,25.041701142857143,,,,,,,,,,,,已核准,,,,113.11.5府都新字第1136014497號,,,
自劃單元,臺北市大安區學府段三小段80地號等14筆土地為更新單元,1318,,,,大安區,,,,,,,,,2024/11/5,,,,1504.00,,,,,,,121.54081228571428,25.02227842857143,,,,,,,,,,,,已核准,,,,113.11.5府都新字第1136005789號,,,
自劃單元,臺北市中正區成功段三小段75地號1筆土地為更新單元,1319,,,,中正區,,,,,,,,,2024/10/29,,,,1943.00,,,,,,,121.52281883333333,25.0440025,,,,,,,,,,,,已核准,,,,113.10.29府都新字第1136014746號,,,
自劃單元,臺北市士林區天山段二小段264地號等15筆土地為更新單元,1173,,,,士林區,,,,,,,,,2022/2/8,,,,2166.00,,,,,,,121.53333193939395,25.118896393939394,,,,,,,,,,,,已核准,,,,111.2.8府都新字第1106016797號,,,
自劃單元,臺北市士林區福順段三小段18地號等18筆土地為更新單元,1174,,,,士林區,,,,,,,,,2022/2/8,,,,1343.00,,,,,,,121.51257656666667,25.0811682,,,,,,,,,,,,已核准,,,,111.2.8府都新字第1106027072號,,,
自劃單元,臺北市中正區南海段一小段526地號等16筆土地為更新單元,1178,,,,中正區,,,,,,,,,2022/3/7,,,,1027.00,,,,,,,121.5200164117647,25.033078235294116,,,,,,,,,,,,已核准,,,,111.3.7府都新字第1106019286號,,,
自劃單元,臺北市松山區敦化段一小段27-3地號等9筆土地為更新單元,1320,,,,松山區,,,,,,,,,2024/12/5,,,,3602.00,,,,,,,121.54669553333333,25.056766,,,,,,,,,,,,已核准,,,,113.12.5府都新字第1136015722號,,,
自劃單元,臺北市內湖區文德段一小段223-3地號等3筆土地為更新單元,1321,,,,內湖區,,,,,,,,,2024/12/19,,,,1108.00,,,,,,,121.5824196,25.0788654,,,,,,,,,,,,已核准,,,,113.12.19府都新字第1136014966號,,,
自劃單元,臺北市松山區美仁段一小段740地號等13筆土地為更新單元,1322,,,,松山區,,,,,,,,,2025/1/3,,,,2108.00,,,,,,,121.54996157142857,25.05365957142857,,,,,,,,,,,,已核准,,,,114.1.3府都新字第1136017777號,,,
自劃單元,臺北市大同區大同段一小段793地號等37筆土地為更新單元,1323,,,,大同段,,,,,,,,,2025/1/22,,,,1873.00,,,,,,,121.51447857142857,25.0664405,,,,,,,,,,,,已核准,,,,114.1.22府都新字第1136015066號,,,
自劃單元,臺北市中山區長春段二小段497-4地號等9筆土地為更新單元,1324,,,,中山區,,,,,,,,,2025/1/15,,,,1639.00,,,,,,,121.53740442857143,25.05495342857143,,,,,,,,,,,,已核准,,,,114.1.15府都新字第1136017617號,,,
自劃單元,臺北市信義區三興段一小段580地號等12筆土地為更新單元,1325,,,,信義區,,,,,,,,,2025/2/21,,,,742.00,,,,,,,121.558421375,25.030344125,,,,,,,,,,,,已核准,,,,114.2.21府都新字第1146000901號,,,
自劃單元,臺北市大安區大安段一小段70地號等11筆土地為更新單元,1326,,,,大安區,,,,,,,,,2025/3/10,,,,1101.00,,,,,,,121.547837,25.032031,,,,,,,,,,,,已核准,,,,114.3.10府都新字第1146000244號,,,
自劃單元,臺北市松山區民生段18地號等14筆土地為更新單元,1327,,,,松山區,,,,,,,,,2025/4/1,,,,3134.01,,,,,,,121.56733326923077,25.062190230769232,,,,,,,,,,,,已核准,,,,114.4.1府都新字第1146001538號,,,
自劃單元,臺北市大安區仁愛段六小段422地號1筆土地為更新單元,1328,,,,大安區,,,,,,,,,2025/5/7,,,,2172.00,,,,,,,121.5499158,25.042335733333335,,,,,,,,,,,,已核准,,,,114.5.7府都新字第1146001878號,,,
自劃單元,臺北市文山區興安段二小段664地號等22筆土地為更新單元,1329,,,,文山區,,,,,,,,,2025/5/19,,,,2332.00,,,,,,,121.54843290196078,24.99883423529412,,,,,,,,,,,,已核准,,,,114.5.19府都新字第1146002417號,,,
自劃單元,臺北市中正區公園段二小段651地號等20筆土地為更新單元,1330,,,,中正區,,,,,,,,,2025/5/22,,,,2297.00,,,,,,,121.5136355,25.0449137,,,,,,,,,,,,已核准,,,,114.5.22府都新字第1146001988號,,,
自劃單元,臺北市內湖區碧湖段四小段1064-6地號等4筆土地為更新單元,1331,,,,內湖區,,,,,,,,,2025/5/29,,,,745.00,,,,,,,121.5719274,25.08544291666667,,,,,,,,,,,,已核准,,,,114.5.29府都新字第1146001502號,,,
自劃單元,臺北市中正區中正段三小段26地號等16筆土地為更新單元,1332,,,,中正區,,,,,,,,,2025/6/16,,,,1443.00,,,,,,,121.522163,25.03829469230769,,,,,,,,,,,,已核准,,,,114.6.16府都新字第1146001186號,,,
自劃單元,臺北市大安區龍泉段三小段546地號等4筆土地為更新單元,1333,,,,大安區,,,,,,,,,2025/6/23,,,,587.00,,,,,,,121.52797100000001,25.023257,,,,,,,,,,,,已核准,,,,114.6.23府都新字第1146004174號,,,
自劃單元,臺北市士林區天母段四小段468地號1筆土地為更新單元,1334,,,,士林區,,,,,,,,,2025/7/10,,,,796.00,,,,,,,121.52966083333334,25.122809333333333,,,,,,,,,,,,已核准,,,,114.7.10府都新字第1146004006號,,,
自劃單元,臺北市中正區中正段二小段48地號等28筆土地為更新單元,1335,,,,中正區,,,,,,,,,2025/7/22,,,,2977.00,,,,,,,121.52695386666666,25.037854933333332,,,,,,,,,,,,已核准,,,,114.7.22府都新字第1146003173號,,,
自劃單元,臺北市大安區瑞安段二小段468地號等8筆土地為更新單元,1336,,,,大安區,,,,,,,,,2025/7/28,,,,1676.00,,,,,,,121.543091,25.02961276923077,,,,,,,,,,,,已核准,,,,114.7.28府都新字第1146003841號,,,
自劃單元,臺北市萬華區漢中段一小段161地號等15筆土地為更新單元,1337,,,,萬華區,,,,,,,,,2025/8/4,,,,742.00,,,,,,,121.50701188888888,25.041758,,,,,,,,,,,,已核准,,,,114.8.4府都新字第1146005866號,,,
自劃單元,臺北市士林區三玉段二小段76地號1筆土地為更新單元,1338,,,,士林區,,,,,,,,,2025/8/15,,,,2053.00,,,,,,,121.53264806666667,25.117602333333334,,,,,,,,,,,,已核准,,,,114.8.15府都新字第1146003956號,,,
自劃單元,臺北市士林區芝山段二小段432地號等21筆土地為更新單元,1339,,,,士林區,,,,,,,,,2025/8/28,,,,2122.00,,,,,,,121.526358,25.105511714285715,,,,,,,,,,,,已核准,,,,114.8.28府都新字第1146004992號,,,
自劃單元,臺北市士林區陽明段四小段536地號等45筆土地為更新單元,1340,,,,士林區,,,,,,,,,2025/9/10,,,,7306,,,,,,,121.51483214772728,25.092010704545455,,,,,,,,,,,,已核准,,,,114.9.10府都新字第1146005479號,,,
自劃單元,臺北市北投區桃源段五小段214地號等13筆土地為更新單元,1341,,,,北投區,,,,,,,,,2025/9/17,,,,2199.01,,,,,,,121.47462215909091,25.133535727272726,,,,,,,,,,,,已核准,,,,114.9.17府都新字第1146005159號,,,
自劃單元,臺北市松山區美仁段二小段606地號等16筆土地為更新單元,1342,,,,松山區,,,,,,,,,2025/9/19,,,,1484.00,,,,,,,121.55426877777778,25.051314,,,,,,,,,,,,已核准,,,,114.9.19府都新字第1146007276號,,,
自劃單元,臺北市信義區永吉段一小段85地號等13筆土地為更新單元,1343,,,,信義區,,,,,,,,,2025/9/25,,,,985.00,,,,,,,121.5814546,25.0440626,,,,,,,,,,,,已核准,,,,114.9.25府都新字第1146006862號,,,
自劃單元,臺北市士林區百齡段四小段86-2地號等17筆土地為更新單元,1344,,,,士林區,,,,,,,,,2025/10/28,,,,3013.00,,,,,,,121.5170877,25.0836841,,,,,,,,,,,,已核准,,,,114.10.28府都新字第1146006346號,,,
自劃單元,臺北市大安區金華段二小段289地號等5筆土地為更新單元,1345,,,,大安區,,,,,,,,,2025/12/22,,,,1376.00,,,,,,,121.532768,25.02715733333333,,,,,,,,,,,,已核准,,,,114.12.22府都新字第1146011186號,,,
自劃單元,臺北市士林區永新段三小段214地號等6筆土地為更新單元,1346,,,,士林區,,,,,,,,,2026/1/13,,,,1393.00,,,,,,,121.50975279310344,25.08909482758621,,,,,,,,,,,,已核准,,,,115.1.13府都新字第1146012080號,,,
自劃單元,臺北市南港區中南段一小段176-2地號等11筆土地為更新單元,1347,,,,南港區,,,,,,,,,2026/1/26,,,,3223.00,,,,,,,121.61541105405405,25.050545918918917,,,,,,,,,,,,已核准,,,,115.1.26府都新字第1146011596號,,,
更新地區-優先劃定,信義區逸仙段二小段,臺北277,,,臺北市,信義區,,,,劃定臺北市信義區逸仙段二小段107-2地號等6筆土地為更新地區(更新單元)計畫案,,,,,,,2005/11/24,,,1098.00,,,,,,121.56430146875,25.0418345,,,,,,,,,,,,,,,,,,,
更新地區-優先劃定,台肥新村更新地區,臺北361,,,臺北市,南港區,,,,劃定臺北市85處都市更新地區暨擬定都市更新計畫案,,,,,,,2018/12/11,,,11100.00,,,,,,121.60323708910892,25.05497072277228,,,,,,,,,,,,,,,,,,,
更新地區-優先劃定,民生東路整建住宅更新地區,臺北329,,,臺北市,松山區,,,,劃定臺北市85處都市更新地區暨擬定都市更新計畫案,,,,,,,2018/12/11,,,4400.00,,,,,,121.56503402325582,25.06569251162791,,,,,,,,,,,,,,,,,,,
更新地區-優先劃定,水源二三期整建住宅暨周邊更新地區,臺北307,,,臺北市,中正區,,,,劃定臺北市85處都市更新地區暨擬定都市更新計畫案,,,,,,,2018/12/11,,,15000.00,,,,,,121.52511027777777,25.017445305555555,,,,,,,,,,,,,,,,,,,
更新地區-優先劃定,柳鄉華江附近更新地區,臺北291,,,臺北市,萬華區,,,,劃定臺北市85處都市更新地區暨擬定都市更新計畫案,,,,,,,2018/12/11,,,53600.00,,,,,,121.49419231354838,25.03596776967742,,,,,,,,,,,,,,,,,,,
更新地區-優先劃定,東湖路16巷東側更新地區,臺北359,,,臺北市,內湖區,,,,劃定臺北市85處都市更新地區暨擬定都市更新計畫案,,,,,,,2018/12/11,,,8000.00,,,,,,121.61330226582278,25.068361962025318,,,,,,,,,,,,,,,,,,,
更新地區-優先劃定,中正區南海段五小段,臺北253,,,臺北市,中正區,,,,劃定臺北市中正區南海段五小段68-1地號等17筆土地為更新地區,,,,,,,2011/9/16,,,5824.00,,,,,,121.51422575,25.0309555,,,,,,,,,,,,,,,,,,,
更新地區-優先劃定,北投區振興段二小段,臺北276,,,臺北市,北投區,,,,劃定臺北市北投區振興段二小段57地號等27筆土地為更新地區,,,,,,,2008/1/11,,,5649.00,,,,,,121.51696718235294,25.117475464705883,,,,,,,,,,,,,,,,,,,
更新地區-優先劃定,桂林路、環快東北側更新地區,臺北290,,,臺北市,萬華區,,,,劃定臺北市85處都市更新地區暨擬定都市更新計畫案,,,,,,,2018/12/11,,,5000.00,,,,,,121.49818055555555,25.03935577777778,,,,,,,,,,,,,,,,,,,
更新地區-優先劃定,士林區海光段一小段,臺北265,,,臺北市,士林區,,,,擬定臺北市士林區海光段一小段248地號等20筆土地都市更新計畫暨配合擴大劃定同小段262地號等11筆土地為更新地區,,,,,,,2017/11/10,,,2553.00,,,,,,121.50852270588236,25.084858364705884,,,,,,,,,,,,,,,,,,,
更新地區-優先劃定,基隆路整建住宅更新地區,臺北341,,,臺北市,信義區,,,,劃定臺北市85處都市更新地區暨擬定都市更新計畫案,,,,,,,2018/12/11,,,6400.00,,,,,,121.56137791666667,25.036885458333334,,,,,,,,,,,,,,,,,,,
更新地區-優先劃定,信義區犁和段三小段,臺北254,,,臺北市,信義區,,,,劃定臺北市信義區犁和段三小段297地號等21筆土地為更新地區,,,,,,,2011/9/16,,,4808.00,,,,,,121.55522183333333,25.023446266666667,,,,,,,,,,,,,,,,,,,
更新地區-優先劃定,北投區新民段二小段,臺北267,,,臺北市,北投區,,,,劃定臺北市北投區新民段二小段471地號等5筆土地為更新地區,,,,,,,2013/10/2,,,3442.74,,,,,,121.50419783673469,25.13815057142857,,,,,,,,,,,,,,,,,,,
更新地區-優先劃定,萬華區福星段四小段,臺北263,,,臺北市,萬華區,,,,劃定臺北市萬華區福星段四小段371地號等4筆土地為更新地區,,,,,,,2012/9/17,,,1526.00,,,,,,121.50256371428571,25.04433314285714,,,,,,,,,,,,,,,,,,,
更新地區-優先劃定,自來水東側更新地區,臺北309,,,臺北市,中正區,,,,劃定臺北市85處都市更新地區暨擬定都市更新計畫案,,,,,,,2018/12/11,,,12500.00,,,,,,121.534532,25.01249157894737,,,,,,,,,,,,,,,,,,,
更新地區-優先劃定,北投區2號機關用地及P20號,臺北215,,,臺北市,北投區,,,,劃定臺?市?投區2號機關用地及P20號道?用地附近?市?新地區案,,,,,,,2005/9/29,,,19395.00,,,,,,121.50140867045455,25.1344775,,,,,,,,,,,,,,,,,,,
更新地區-優先劃定,南港區南港段二小段,臺北280,,,臺北市,南港區,,,,劃定臺北市南港區南港段二小段671-6地號等52筆土地為更新地區,,,,,,,2016/10/17,,,26047.65,,,,,,121.60999734782608,25.053260891304348,,,,,,,,,,,,,,,,,,,
更新地區-優先劃定,瑞安段二小段公辦更新,臺北281,,,臺北市,大安區,,,,劃定臺北市大安區瑞安段二小段838地號等14筆土地為更新地區,,,,,,,2016/12/15,,,2921.00,,,,,,121.542935,25.025998916666666,,,,,,,,,,,,,,,,,,,
更新地區-優先劃定,臺北郵局,臺北284,,,臺北市,中正區,,,,劃定臺北市中正區城中段一小段31地號等7筆土地為更新地區,,,,,,,2017/7/4,,,14227.00,,,,,,121.5117794090909,25.046849863636364,,,,,,,,,,,,,,,,,,,
更新地區-優先劃定,大安區通化段五小段,臺北285,,,臺北市,大安區,,,,劃定臺北市大安區通化段五小段416地號等13筆土地為更新地區,,,,,,,2017/11/10,,,1901.00,,,,,,121.54943484615384,25.032316153846153,,,,,,,,,,,,,,,,,,,
更新地區-優先劃定,信義區三興段一小段,臺北286,,,臺北市,信義區,,,,擬定臺北市信義區三興段一小段972地號等土地都市更新計畫暨配合變更細部計畫案,,,,,,,2018/1/30,,,1045.00,,,,,,121.5577525,25.0326883,,,,,,,,,,,,,,,,,,,
更新地區-優先劃定,大安區懷生段二小段,臺北289,,,臺北市,大安區,,,,劃定臺北市大安區懷生段二小段5-4地號等8筆土地為更新地區,,,,,,,2018/6/6,,,2120.00,,,,,,121.543276375,25.04040525,,,,,,,,,,,,,,,,,,,
更新地區-優先劃定,萬華車站周邊更新地區,臺北294,,,臺北市,萬華區,,,,劃定臺北市85處都市更新地區暨擬定都市更新計畫案,,,,,,,2018/12/11,,,172600.00,,,,,,121.50144144680851,25.032926249384097,,,,,,,,,,,,,,,,,,,
更新地區-優先劃定,衡陽路歷史建築物附近更新地區,臺北299,,,臺北市,中正區,,,,劃定臺北市85處都市更新地區暨擬定都市更新計畫案,,,,,,,2018/12/11,,,40900.00,,,,,,121.51184668115943,25.042488801932368,,,,,,,,,,,,,,,,,,,
更新地區-優先劃定,南寧路兩側更新地區,臺北292,,,臺北市,萬華區,,,,劃定臺北市85處都市更新地區暨擬定都市更新計畫案,,,,,,,2018/12/11,,,22400.00,,,,,,121.50477048062015,25.037197643410853,,,,,,,,,,,,,,,,,,,
更新地區-優先劃定,大理街周邊更新地區,臺北293,,,臺北市,萬華區,,,,劃定臺北市85處都市更新地區暨擬定都市更新計畫案,,,,,,,2018/12/11,,,69900.00,,,,,,121.49648117727273,25.03394151818182,,,,,,,,,,,,,,,,,,,
更新地區-優先劃定,艋舺大道兩側暨西園路一、二期整建住宅更新地區,臺北295,,,臺北市,萬華區,,,,劃定臺北市85處都市更新地區暨擬定都市更新計畫案,,,,,,,2018/12/11,,,54900.00,,,,,,121.49247102649007,25.02928650331126,,,,,,,,,,,,,,,,,,,
更新地區-優先劃定,捷運LG03站暨南機場整建住宅及周邊更新地區,臺北300,,,臺北市,中正區,,,,劃定臺北市85處都市更新地區暨擬定都市更新計畫案,,,,,,,2018/12/11,,,92000.00,,,,,,121.50632424513618,25.030068571984437,,,,,,,,,,,,,,,,,,,
更新地區-優先劃定,臺北車站東南側更新地區,臺北301,,,臺北市,中正區,,,,劃定臺北市85處都市更新地區暨擬定都市更新計畫案,,,,,,,2018/12/11,,,14500.00,,,,,,121.51918957575758,25.046455166666668,,,,,,,,,,,,,,,,,,,
更新地區-優先劃定,捷運善導寺站暨華山周邊更新地區,臺北303,,,臺北市,中正區,,,,劃定臺北市85處都市更新地區暨擬定都市更新計畫案,,,,,,,2018/12/11,,,89100.00,,,,,,121.52464176413044,25.04553660108696,,,,,,,,,,,,,,,,,,,
更新地區-優先劃定,捷運古亭站暨和平西路南側更新地區,臺北305,,,臺北市,中正區,,,,劃定臺北市85處都市更新地區暨擬定都市更新計畫案,,,,,,,2018/12/11,,,37900.00,,,,,,121.52158964676617,25.025635452736317,,,,,,,,,,,,,,,,,,,
更新地區-優先劃定,捷運東門站暨東門市場及周邊更新地區,臺北306,,,臺北市,中正區,,,,劃定臺北市85處都市更新地區暨擬定都市更新計畫案,,,,,,,2018/12/11,,,26300.00,,,,,,121.52709908396946,25.03510123664122,,,,,,,,,,,,,,,,,,,
更新地區-優先劃定,新生南路一段、信義路二段西北側更新地區,臺北308,,,臺北市,中正區,,,,劃定臺北市85處都市更新地區暨擬定都市更新計畫案,,,,,,,2018/12/11,,,12600.00,,,,,,121.53159395714286,25.034274257142858,,,,,,,,,,,,,,,,,,,
更新地區-優先劃定,三軍總醫院附近更新地區,臺北310,,,臺北市,中正區,,,,劃定臺北市85處都市更新地區暨擬定都市更新計畫案,,,,,,,2018/12/11,,,123800.00,,,,,,121.52707492473118,25.01637807526882,,,,,,,,,,,,,,,,,,,
更新地區-優先劃定,大龍國小附近更新地區,臺北311,,,臺北市,大同區,,,,劃定臺北市85處都市更新地區暨擬定都市更新計畫案,,,,,,,2018/12/11,,,32000.00,,,,,,121.51577206542056,25.07414503738318,,,,,,,,,,,,,,,,,,,
更新地區-優先劃定,民權西路至民族西路間迪化街二段更新地區,臺北313,,,臺北市,大同區,,,,劃定臺北市85處都市更新地區暨擬定都市更新計畫案,,,,,,,2018/12/11,,,94200.00,,,,,,121.51010752760736,25.065415795705523,,,,,,,,,,,,,,,,,,,
更新地區-優先劃定,圓山產業廊帶周邊更新地區,臺北315,,,臺北市,大同區,,,,劃定臺北市85處都市更新地區暨擬定都市更新計畫案,,,,,,,2018/12/11,,,92300.00,,,,,,121.5185014358209,25.069790208955222,,,,,,,,,,,,,,,,,,,
更新地區-優先劃定,捷運大直站周邊更新地區,臺北320,,,臺北市,中山區,,,,劃定臺北市85處都市更新地區暨擬定都市更新計畫案,,,,,,,2018/12/11,,,23100.00,,,,,,121.5462061127907,25.079180969767442,,,,,,,,,,,,,,,,,,,
更新地區-優先劃定,捷運行天宮站周邊更新地區,臺北322,,,臺北市,中山區,,,,劃定臺北市85處都市更新地區暨擬定都市更新計畫案,,,,,,,2018/12/11,,,191500.00,,,,,,121.53156690691114,25.059660421720732,,,,,,,,,,,,,,,,,,,
更新地區-優先劃定,捷運中山國中站周邊更新地區,臺北323,,,臺北市,中山區,,,,劃定臺北市85處都市更新地區暨擬定都市更新計畫案,,,,,,,2018/12/11,,,43200.00,,,,,,121.54153837058823,25.057693194117647,,,,,,,,,,,,,,,,,,,
更新地區-優先劃定,捷運雙連站暨中山站沿線更新地區,臺北324,,,臺北市,中山區,,,,劃定臺北市85處都市更新地區暨擬定都市更新計畫案,,,,,,,2018/12/11,,,82300.00,,,,,,121.52200504956268,25.053734224489794,,,,,,,,,,,,,,,,,,,
更新地區-優先劃定,捷運南京復興站周邊更新地區,臺北325,,,臺北市,中山區,,,,劃定臺北市85處都市更新地區暨擬定都市更新計畫案,,,,,,,2018/12/11,,,89000.00,,,,,,121.54139205362998,25.051901079625292,,,,,,,,,,,,,,,,,,,
更新地區-優先劃定,捷運南京復興站南側更新地區,臺北327,,,臺北市,松山區,,,,劃定臺北市85處都市更新地區暨擬定都市更新計畫案,,,,,,,2018/12/11,,,64500.00,,,,,,121.54580130795848,25.049929228373703,,,,,,,,,,,,,,,,,,,
更新地區-優先劃定,市民大道沿線軸帶(小巨蛋以南)更新地區,臺北328,,,臺北市,松山區,,,,劃定臺北市85處都市更新地區暨擬定都市更新計畫案,,,,,,,2018/12/11,,,185000.00,,,,,,121.54980431224165,25.046360102702703,,,,,,,,,,,,,,,,,,,
更新地區-優先劃定,捷運南京三民站周邊更新地區,臺北330,,,臺北市,松山區,,,,劃定臺北市85處都市更新地區暨擬定都市更新計畫案,,,,,,,2018/12/11,,,114200.00,,,,,,121.56668318061674,25.052848220264316,,,,,,,,,,,,,,,,,,,
更新地區-優先劃定,市民大道沿軸帶(台北機廠以北)更新地區,臺北331,,,臺北市,松山區,,,,劃定臺北市85處都市更新地區暨擬定都市更新計畫案,,,,,,,2018/12/11,,,84700.00,,,,,,121.56424572727273,25.048625422077922,,,,,,,,,,,,,,,,,,,
更新地區-優先劃定,松山車站附近更新地區,臺北332,,,臺北市,松山區,,,,劃定臺北市85處都市更新地區暨擬定都市更新計畫案,,,,,,,2018/12/11,,,34900.00,,,,,,121.57371744385027,25.050406363636363,,,,,,,,,,,,,,,,,,,
更新地區-優先劃定,臺北機場南側更新地區,臺北333,,,臺北市,信義區,,,,劃定臺北市85處都市更新地區暨擬定都市更新計畫案,,,,,,,2018/12/11,,,45800.00,,,,,,121.56390836619718,25.04274967605634,,,,,,,,,,,,,,,,,,,
更新地區-優先劃定,兒童福利中心A基地更新地區,臺北334,,,臺北市,信義區,,,,劃定臺北市85處都市更新地區暨擬定都市更新計畫案,,,,,,,2018/12/11,,,13300.00,,,,,,121.57102717142857,25.048665,,,,,,,,,,,,,,,,,,,
更新地區-優先劃定,富生公園附近更新地區,臺北335,,,臺北市,信義區,,,,劃定臺北市85處都市更新地區暨擬定都市更新計畫案,,,,,,,2018/12/11,,,152700.00,,,,,,121.5687759004525,25.042874143438915,,,,,,,,,,,,,,,,,,,
更新地區-優先劃定,五常公園附近更新地區,臺北336,,,臺北市,信義區,,,,劃定臺北市85處都市更新地區暨擬定都市更新計畫案,,,,,,,2018/12/11,,,83100.00,,,,,,121.57491874634147,25.04660895609756,,,,,,,,,,,,,,,,,,,
更新地區-優先劃定,永吉路、松山路、松信路遷建住宅基地更新地區,臺北337,,,臺北市,信義區,,,,劃定臺北市85處都市更新地區暨擬定都市更新計畫案,,,,,,,2018/12/11,,,46200.00,,,,,,121.57433245454546,25.042821909090907,,,,,,,,,,,,,,,,,,,
更新地區-優先劃定,捷運大安站周邊更新地區,臺北343,,,臺北市,大安區,,,,劃定臺北市85處都市更新地區暨擬定都市更新計畫案,,,,,,,2018/12/11,,,28500.00,,,,,,121.5448772051282,25.03197391025641,,,,,,,,,,,,,,,,,,,
更新地區-優先劃定,市民大道沿線軸帶(敦南段)更新地區,臺北344,,,臺北市,大安區,,,,劃定臺北市85處都市更新地區暨擬定都市更新計畫案,,,,,,,2018/12/11,,,61100.00,,,,,,121.55123726373627,25.044220747252748,,,,,,,,,,,,,,,,,,,
更新地區-優先劃定,光復南路456巷附近更新地區,臺北345,,,臺北市,大安區,,,,劃定臺北市85處都市更新地區暨擬定都市更新計畫案,,,,,,,2018/12/11,,,16300.00,,,,,,121.55658518055556,25.035238708333335,,,,,,,,,,,,,,,,,,,
更新地區-優先劃定,台電嘉興街宿舍暨芳和國中周邊更新地區,臺北347,,,臺北市,大安區,,,,劃定臺北市85處都市更新地區暨擬定都市更新計畫案,,,,,,,2018/12/11,,,23900.00,,,,,,121.55122985064935,25.01851453896104,,,,,,,,,,,,,,,,,,,
更新地區-優先劃定,捷運景美站周邊更新地區,臺北349,,,臺北市,文山區,,,,劃定臺北市85處都市更新地區暨擬定都市更新計畫案,,,,,,,2018/12/11,,,52300.00,,,,,,121.54118731622516,24.990872890728475,,,,,,,,,,,,,,,,,,,
更新地區-優先劃定,捷運萬芳醫院站周邊更新地區,臺北351,,,臺北市,文山區,,,,劃定臺北市85處都市更新地區暨擬定都市更新計畫案,,,,,,,2018/12/11,,,65200.00,,,,,,121.5565582196468,24.99959411258278,,,,,,,,,,,,,,,,,,,
更新地區-優先劃定,捷運Y1A站周邊更新地區,臺北354,,,臺北市,文山區,,,,劃定臺北市85處都市更新地區暨擬定都市更新計畫案,,,,,,,2018/12/11,,,40300.00,,,,,,121.5755347222798,24.98817059222798,,,,,,,,,,,,,,,,,,,
更新地區-優先劃定,捷運西湖站周邊更新地區,臺北355,,,臺北市,內湖區,,,,劃定臺北市85處都市更新地區暨擬定都市更新計畫案,,,,,,,2018/12/11,,,55600.00,,,,,,121.56836842887473,25.083307845010616,,,,,,,,,,,,,,,,,,,
更新地區-優先劃定,捷運港墘站北側更新地區,臺北356,,,臺北市,內湖區,,,,劃定臺北市85處都市更新地區暨擬定都市更新計畫案,,,,,,,2018/12/11,,,70900.00,,,,,,121.57481684924623,25.08102268592965,,,,,,,,,,,,,,,,,,,
更新地區-優先劃定,港墘路東側更新地區,臺北357,,,臺北市,內湖區,,,,劃定臺北市85處都市更新地區暨擬定都市更新計畫案,,,,,,,2018/12/11,,,58000.00,,,,,,121.5769314389401,25.076851103686636,,,,,,,,,,,,,,,,,,,
更新地區-優先劃定,環東大道、南京東路六段南側更新地區,臺北358,,,臺北市,內湖區,,,,劃定臺北市85處都市更新地區暨擬定都市更新計畫案,,,,,,,2018/12/11,,,72500.00,,,,,,121.5794411900648,25.054559138228942,,,,,,,,,,,,,,,,,,,
更新地區-優先劃定,捷運後山埤站南側更新地區,臺北360,,,臺北市,南港區,,,,劃定臺北市85處都市更新地區暨擬定都市更新計畫案,,,,,,,2018/12/11,,,48800.00,,,,,,121.58400941525424,25.04438731598063,,,,,,,,,,,,,,,,,,,
更新地區-優先劃定,興中路更新地區,臺北362,,,臺北市,南港區,,,,劃定臺北市85處都市更新地區暨擬定都市更新計畫案,,,,,,,2018/12/11,,,20900.00,,,,,,121.60601702597403,25.056799711038963,,,,,,,,,,,,,,,,,,,
更新地區-優先劃定,捷運南港展覽館站周邊更新地區,臺北364,,,臺北市,南港區,,,,劃定臺北市85處都市更新地區暨擬定都市更新計畫案,,,,,,,2018/12/11,,,35300.00,,,,,,121.61786787766991,25.053750303398058,,,,,,,,,,,,,,,,,,,
更新地區-優先劃定,捷運Y26站北側暨華榮市場周邊更新地區,臺北366,,,臺北市,士林區,,,,劃定臺北市85處都市更新地區暨擬定都市更新計畫案,,,,,,,2018/12/11,,,125800.00,,,,,,121.5249587910143,25.09664121238938,,,,,,,,,,,,,,,,,,,
更新地區-優先劃定,捷運T25站暨下樹林周邊更新地區,臺北368,,,臺北市,士林區,,,,劃定臺北市85處都市更新地區暨擬定都市更新計畫案,,,,,,,2018/12/11,,,40200.00,,,,,,121.52178308041958,25.09300763286713,,,,,,,,,,,,,,,,,,,
更新地區-優先劃定,武成街遷建住宅基地更新地區,臺北298,,,臺北市,萬華區,,,,劃定臺北市85處都市更新地區暨擬定都市更新計畫案,,,,,,,2018/12/11,,,32800.00,,,,,,121.49454437623763,25.019771188118813,,,,,,,,,,,,,,,,,,,
更新地區-優先劃定,劍潭一、二期整建住宅更新地區,臺北370,,,臺北市,士林區,,,,劃定臺北市85處都市更新地區暨擬定都市更新計畫案,,,,,,,2018/12/11,,,15600.00,,,,,,121.52025243421053,25.08143160526316,,,,,,,,,,,,,,,,,,,
更新地區-優先劃定,士林區陽明段三小段公辦更新,臺北282,,,臺北市,士林區,,,,劃定臺北市士林區陽明段三小段627地號等3筆土地為更新地區,,,,,,,2016/12/30,,,3090.00,,,,,,121.52249613636363,25.096460257575757,,,,,,,,,,,,,,,,,,,
更新地區-優先劃定,文山區木柵段三小段,臺北226,,,臺北市,文山區,,,,劃定臺北市文山區木柵段三小段623地號等38筆土地為更新地區,,,,,,,2009/7/29,,,8176.00,,,,,,121.56204397321429,24.988545375,,,,,,,,,,,,,,,,,,,
更新地區-優先劃定,自來水東側,臺北225,,,臺北市,中正區,,,,劃定臺北市中正區福和段二小段604-1地號等58筆土地(自來水廠東側為更新地區),,,,,,,2009/2/27,,,12539.00,,,,,,121.534532,25.01249157894737,,,,,,,,,,,,,,,,,,,
更新地區-優先劃定,中山區長春段一小段,臺北264,,,臺北市,中山區,,,,劃定臺北市中山區長春段一小段712-1地號等35筆土地為更新地區,,,,,,,2012/12/6,,,4487.00,,,,,,121.543115,25.053635738461537,,,,,,,,,,,,,,,,,,,
更新地區-優先劃定,大同區大同段一小段(蘭州國宅),臺北283,,,臺北市,大同區,,,,擬定臺北市大同區大同段一小段391-2地號等29筆土地都市更新計畫暨配合擴大劃定同小段465-2地等4筆土地為更新地區,,,,,,,2017/2/15,,,21236.38,,,,,,121.51644288059701,25.06651286567164,,,,,,,,,,,,,,,,,,,
更新地區-優先劃定,西藏路萬大路周邊暨南機場二期整建住宅更新地區,臺北296,,,臺北市,萬華區,,,,劃定臺北市85處都市更新地區暨擬定都市更新計畫案,,,,,,,2018/12/11,,,96100.00,,,,,,121.50198636470589,25.027777847058825,,,,,,,,,,,,,,,,,,,
更新地區-優先劃定,暨南機場一、三號基地整建住宅周邊更新地區,臺北297,,,臺北市,萬華區,,,,劃定臺北市85處都市更新地區暨擬定都市更新計畫案,,,,,,,2018/12/11,,,273500.00,,,,,,121.49863423834196,25.022730051813472,,,,,,,,,,,,,,,,,,,
更新地區-優先劃定,汀州路一段附近更新地區,臺北302,,,臺北市,中正區,,,,劃定臺北市85處都市更新地區暨擬定都市更新計畫案,,,,,,,2018/12/11,,,130900.00,,,,,,121.51258409902677,25.02688592214112,,,,,,,,,,,,,,,,,,,
更新地區-優先劃定,捷運LG01站暨南門市場周邊更新地區,臺北304,,,臺北市,中正區,,,,劃定臺北市85處都市更新地區暨擬定都市更新計畫案,,,,,,,2018/12/11,,,85800.00,,,,,,121.51810530022573,25.031574713318285,,,,,,,,,,,,,,,,,,,
更新地區-優先劃定,重慶北路、酒泉街西南側更新地區,臺北312,,,臺北市,大同區,,,,劃定臺北市85處都市更新地區暨擬定都市更新計畫案,,,,,,,2018/12/11,,,59500.00,,,,,,121.51114102234637,25.070314111731843,,,,,,,,,,,,,,,,,,,
更新地區-優先劃定,雙蓮國小周邊更新地區,臺北316,,,臺北市,大同區,,,,劃定臺北市85處都市更新地區暨擬定都市更新計畫案,,,,,,,2018/12/11,,,143800.00,,,,,,121.51554789059828,25.061417813675213,,,,,,,,,,,,,,,,,,,
更新地區-優先劃定,捷運中山雙連站周邊更新地區,臺北317,,,臺北市,大同區,,,,劃定臺北市85處都市更新地區暨擬定都市更新計畫案,,,,,,,2018/12/11,,,115200.00,,,,,,121.51915864992151,25.05417849764521,,,,,,,,,,,,,,,,,,,
更新地區-優先劃定,建成圓環周邊更新地區,臺北318,,,臺北市,大同區,,,,劃定臺北市85處都市更新地區暨擬定都市更新計畫案,,,,,,,2018/12/11,,,68500.00,,,,,,121.51484234275618,25.05366319081272,,,,,,,,,,,,,,,,,,,
更新地區-優先劃定,後火車站商圈周邊更新地區,臺北319,,,臺北市,大同區,,,,劃定臺北市85處都市更新地區暨擬定都市更新計畫案,,,,,,,2018/12/11,,,60600.00,,,,,,121.51421443943661,25.050627746478874,,,,,,,,,,,,,,,,,,,
更新地區-優先劃定,晴光市場附近更新地區,臺北321,,,臺北市,中山區,,,,劃定臺北市85處都市更新地區暨擬定都市更新計畫案,,,,,,,2018/12/11,,,12400.00,,,,,,121.523217,25.064419357142857,,,,,,,,,,,,,,,,,,,
更新地區-優先劃定,松山路周邊更新地區,臺北338,,,臺北市,信義區,,,,劃定臺北市85處都市更新地區暨擬定都市更新計畫案,,,,,,,2018/12/11,,,88300.00,,,,,,121.57915148989899,25.04590462121212,,,,,,,,,,,,,,,,,,,
更新地區-優先劃定,捷運廣慈/奉天宮站周邊更新地區,臺北339,,,臺北市,信義區,,,,劃定臺北市85處都市更新地區暨擬定都市更新計畫案,,,,,,,2018/12/11,,,157600.00,,,,,,121.58159474707602,25.03841523099415,,,,,,,,,,,,,,,,,,,
更新地區-優先劃定,松仁路周邊更新地區,臺北340,,,臺北市,信義區,,,,劃定臺北市85處都市更新地區暨擬定都市更新計畫案,,,,,,,2018/12/11,,,195000.00,,,,,,121.56874795460614,25.024794473965287,,,,,,,,,,,,,,,,,,,
更新地區-優先劃定,市民大道沿線軸帶(新生段)更新地區,臺北342,,,臺北市,大安區,,,,劃定臺北市85處都市更新地區暨擬定都市更新計畫案,,,,,,,2018/12/11,,,71800.00,,,,,,121.54002109761905,25.043624933333334,,,,,,,,,,,,,,,,,,,
更新地區-優先劃定,捷運信義安和站暨通化街周邊更新地區,臺北346,,,臺北市,大安區,,,,劃定臺北市85處都市更新地區暨擬定都市更新計畫案,,,,,,,2018/12/11,,,143200.00,,,,,,121.55449888717949,25.03023706666667,,,,,,,,,,,,,,,,,,,
更新地區-優先劃定,捷運萬隆站周邊更新地區,臺北348,,,臺北市,文山區,,,,劃定臺北市85處都市更新地區暨擬定都市更新計畫案,,,,,,,2018/12/11,,,91800.00,,,,,,121.53966221399178,25.001216379972565,,,,,,,,,,,,,,,,,,,
更新地區-優先劃定,捷運Y4站周邊更新地區,臺北350,,,臺北市,文山區,,,,劃定臺北市85處都市更新地區暨擬定都市更新計畫案,,,,,,,2018/12/11,,,57800.00,,,,,,121.55325601757188,24.987548458466453,,,,,,,,,,,,,,,,,,,
更新地區-優先劃定,捷運Y3站暨興隆公宅及周邊更新地區,臺北352,,,臺北市,文山區,,,,劃定臺北市85處都市更新地區暨擬定都市更新計畫案,,,,,,,2018/12/11,,,105200.00,,,,,,121.56007222113023,24.98848506052416,,,,,,,,,,,,,,,,,,,
更新地區-優先劃定,捷運Y2A站周邊更新地區,臺北353,,,臺北市,文山區,,,,劃定臺北市85處都市更新地區暨擬定都市更新計畫案,,,,,,,2018/12/11,,,88400.00,,,,,,121.56752709612141,24.987986977234403,,,,,,,,,,,,,,,,,,,
更新地區-優先劃定,市民大道兩側更新地區,臺北363,,,臺北市,南港區,,,,劃定臺北市85處都市更新地區暨擬定都市更新計畫案,,,,,,,2018/12/11,,,80400.00,,,,,,121.61429610680628,25.054318726439792,,,,,,,,,,,,,,,,,,,
更新地區-優先劃定,捷運關渡站附近更新地區,臺北371,,,臺北市,北投區,,,,劃定臺北市85處都市更新地區暨擬定都市更新計畫案,,,,,,,2018/12/11,,,74100.00,,,,,,121.4671803722488,25.124657286124403,,,,,,,,,,,,,,,,,,,
更新地區-優先劃定,蘭州斯文里整建住宅更新地區,臺北314,,,臺北市,大同區,,,,劃定臺北市85處都市更新地區暨擬定都市更新計畫案,,,,,,,2018/12/11,,,17100.00,,,,,,121.51656686363637,25.06657415909091,,,,,,,,,,,,,,,,,,,
更新地區-優先劃定,市民大道鐵路地下化軸帶更新地區(建啤段),臺北326,,,臺北市,中山區,,,,劃定臺北市85處都市更新地區暨擬定都市更新計畫案,,,,,,,2018/12/11,,,194200.00,,,,,,121.53593386346982,25.046863849568965,,,,,,,,,,,,,,,,,,,
更新地區-優先劃定,臺北市士林區福林段三小段785地號等11筆土地,臺北425,,,臺北市,士林區,,,,劃定臺北市士林區福林段三小段785地號等11筆土地為更新地區都市更新計畫書,,,,,,,2020/12/4,,,8398.00,,,,,,121.52840977777778,25.095524166666667,,,,,,,,,,,,,,,,,,,
更新地區-優先劃定,臺北市中山區正義段一小段24地號等18筆土地為更新地區,臺北426,,,臺北市,中山區,,,,劃定臺北市中山區正義段一小段24地號等18筆土地為更新地區都市更新計畫,,,,,,,2020/12/15,,,1455.00,,,,,,121.52745384615385,25.051168923076922,,,,,,,,,,,,,,,,,,,
更新地區-優先劃定,臺北市南港區玉成段四小段303地號等6筆土地,臺北430,,,臺北市,南港區,,,,劃定臺北市南港區玉成段四小段303地號等6筆土地為更新地區及訂定都市更新計畫案,,,,,,,2021/4/14,,,3728.00,,,,,,121.59319295652173,25.047739855072464,,,,,,,,,,,,,,,,,,,
更新地區-優先劃定,臺北市中正區臨沂段一小段487-2地號等48筆土地,臺北450,,,臺北市,中正區,,,,劃定臺北市中正區臨沂段一小段487-2地號等48筆土地為更新地區暨訂定都市更新計畫案,,,,,,,2021/12/27,,,3136.88,,,,,,121.52797094117648,25.04274388235294,,,,,,,,,,,,,,,,,,,
更新地區-優先劃定,臺北市中正區臨沂段一小段363地號等11筆土地,臺北411,,,臺北市,中正區,,,,劃定臺北市中正區臨沂段一小段363地號等11筆土地更新地區?擬定都市更新計畫案,,,,,,,2020/6/1,,,805.62,,,,,,121.530299,25.042558833333334,,,,,,,,,,,,,,,,,,,
更新地區-優先劃定,臺北市中正區中正段二小段244地號等9筆土地,臺北463,,,臺北市,中正區,,,,劃定臺北市中正區中正段二小段244地號等9筆土地為更新地區及訂定都市更新計畫案,,,,,,,2022/7/7,,,922.54,,,,,,121.52571183333333,25.036759916666668,,,,,,,,,,,,,,,,,,,
更新地區-優先劃定,臺北市中正區中正橋牽引道周邊更新地區,臺北462,,,臺北市,中正區,,,,劃定臺北市中正區中正橋牽引道周邊更新地區及訂定都市更新計畫（含部分中正-4更新地區都市更新計畫）案,,,,,,,2022/6/22,,,181600.00,,,,,,121.51756105719237,25.023519328076258,,,,,,,,,,,,,,,,,,,
更新地區-優先劃定,臺北市大安區學府段一小段201地號等31筆土地為更新地區,臺北469,,,臺北市,大安區,,,,劃定臺北市大安區學府段一小段201地號等31筆土地為更新地區及訂定都市更新計畫案,,,,,,,2022/9/21,,,7179.00,,,,,,121.54946985000001,25.0236485,,,,,,,,,,,,,,,,,,,
更新地區-優先劃定,捷運芝山站周邊更新地區,臺北365,,,臺北市,士林區,,,,劃定臺北市85處都市更新地區暨擬定都市更新計畫案,,,,,,,2018/12/11,,,140100.00,,,,,,121.52258316453383,25.102201237659962,,,,,,,,,,,,,,,,,,,
更新地區-優先劃定,捷運Y24站暨社子市場周邊更新地區,臺北367,,,臺北市,士林區,,,,劃定臺北市85處都市更新地區暨擬定都市更新計畫案,,,,,,,2018/12/11,,,124800.00,,,,,,121.50945507631054,25.08699896881221,,,,,,,,,,,,,,,,,,,
更新地區-優先劃定,捷運Y26站暨捷運士林站周邊更新地區,臺北369,,,臺北市,士林區,,,,劃定臺北市85處都市更新地區暨擬定都市更新計畫案,,,,,,,2018/12/11,,,156800.00,,,,,,121.52582055343703,25.092788995484195,,,,,,,,,,,,,,,,,,,
更新地區-優先劃定,北投市場暨捷運新北投站附近更新地區,臺北372,,,臺北市,北投區,,,,劃定臺北市85處都市更新地區暨擬定都市更新計畫案,,,,,,,2018/12/11,,,103700.00,,,,,,121.50144183877252,25.13262931953239,,,,,,,,,,,,,,,,,,,
更新地區-優先劃定,捷運奇岩站附近更新地區,臺北373,,,臺北市,北投區,,,,劃定臺北市85處都市更新地區暨擬定都市更新計畫案,,,,,,,2018/12/11,,,71900.00,,,,,,121.50220582851131,25.126823225144662,,,,,,,,,,,,,,,,,,,
更新地區-優先劃定,捷運石牌站周邊更新地區,臺北374,,,臺北市,北投區,,,,劃定臺北市85處都市更新地區暨擬定都市更新計畫案,,,,,,,2018/12/11,,,332600.00,,,,,,121.51438735465362,25.11558621371988,,,,,,,,,,,,,,,,,,,
更新地區-優先劃定,臺北市文山區興隆段三小段31-11地號等11筆土地更新地區,臺北492,,,臺北市,文山區,,,,劃定臺北市文山區興隆段三小段31-11地號等11筆土地為更新地區及訂定都市更新計畫案,,,,,,,2023/8/31,,,1247.16,,,,,,121.54359757692308,25.004835461538462,,,,,,,,,,,,,,,,,,,
更新地區-優先劃定,臺北市南港區南港段四小段306-9地號等7筆土地,臺北494,,,臺北市,南港區,,,,劃定臺北市南港區南港段四小段306-9地號等7筆土地為更新地區暨訂定都市更新計畫案,,,,,,,2023/10/27,,,3100,,,,,,121.60176816666666,25.05405072222222,,,,,,,,,,,,,,,,,,,
更新地區-優先劃定,臺北市大安區懷生段二小段548地號(信義市場),臺北498,,,臺北市,大安區,,,,訂定臺北市大安區懷生段二小段548地號等土地都市更新計畫暨配合變更細部計畫案,,,,,,,2024/2/7,,,4844,,,,,,121.53897635294118,25.03393294117647,,,,,,,,,,,,,,,,,,,
更新地區-優先劃定,變更臺北市北投區-4-捷運石牌站周邊更新地區（振興段四小段656地號等24筆土地部分）,臺北374-1,,,臺北市,北投區,,,,變更臺北市北投區-4-捷運石牌站周邊更新地區（振興段四小段656地號等24筆土地部分）及訂定都市更新計畫案,,,,,,,2024/3/14,,,3456,,,,,,121.51290267272728,25.118888227272727,,,,,,,,,,,,,,,,,,,
更新地區-優先劃定,臺北市大安區通化段五小段191-12地號等12筆土地,臺北550,,,臺北市,大安區,,,,劃定臺北市大安區通化段五小段191-12地號等12筆土地為更新地區及訂定都市更新計畫案（文昌街散戶案）,,,,,,,2025/1/16,,,4318,,,,,,121.5504038,25.031368,,,,,,,,,,,,,,,,,,,
更新地區-優先劃定,臺北市中山區長春段二小段522-2地號等14筆土地為更新地區,臺北554,,,臺北市,中山區,,,,劃定臺北市中山區長春段二小段522-2地號等14筆土地為更新地區案,,,,,,,2025/7/25,,,3977.13,,,,,,121.53952911111111,25.053550333333334,,,,,,,,,,,,,,,,,,,
已核定重建更新事業-自行劃定,大橋湛,北297,,,01臺北市,大同區,,,擬訂臺北市大同區延平段一小段48地號等5筆土地都市更新事業計畫案,,,,第五大道建設股份有限公司,完工,,2017/8/18,,,660,,,協議合建,,,,121.51220157142858,25.062675285714285,,,,,,,,,,-,,,2022,瓏山林聯合建築師事務所,,,,力冠丰都市規劃有限公司,
已核定重建更新事業-自行劃定,正隆天第,北081,,,01臺北市,中正區,,,擬訂臺北市中正區河堤段二小段435地號等37筆土地都市更新事業計畫案,,,,正隆股份有限公司,完工,,2009/5/26,,,2314,,,權利變換,,,,121.52459915151515,25.023276606060605,,,,,,,,,,分送,,,2017年,陳國偉建築師事務所,,,,台呈開發設計股份有限公司,
已核定重建更新事業-自行劃定,品中山,北053,,,01臺北市,中山區,,,擬訂臺北市中山區吉林段四小段705地號等46筆土地都市更新事業計畫案,,,,國盛建設股份有限公司(原台峰建設),完工,,2007/12/31,,,3133,,,權利變換,,http://wehouse-media.com/zh-tw/case.php?id=MzAxMQ,,121.52680695833334,25.055999416666666,,,,,,,,,,分送,,,2016年,簡俊卿建築師事務所,,,,丹棠開發(規模工程顧問有限公司),
已核定重建更新事業-自行劃定,,北094,,,01臺北市,中山區,,,(已撤銷)擬訂臺北市中山區中山段三小段57地號等7筆土地都市更新事業計畫案,,,,大陸建設股份有限公司(原富百世建設),核定,,2010/2/23,,,1721,,,權利變換,,http://www.cecdevelopment.com/v2011/tw/urbanregen/regen_01.php?regenid=1,109/06/09公告廢止轉軌危老,121.5243831764706,25.05965917647059,,,,,,,,,,分送,,,,陳健輝建築師事務所,,,,大展資產顧問股份有限公司,
已核定重建更新事業-自行劃定,,北095,,,01臺北市,文山區,,,擬訂臺北市文山區萬隆段一小段53-20地號等62筆土地都市更新事業計畫及權利變換計畫案,,,,大方建設股份有限公司,核定,,2010/3/18,,,2539,,,權利變換,,http://www.friendshipgroup.com.tw/index.php?apps=city&mod=welcome&action=show&gid=35,,121.53767265,25.0082959375,,,,,,,,,,併送,,,,簡俊卿建築師事務所,,,,簡俊卿建築師事務所,
已核定重建更新事業-自行劃定,信義宏築,北075,,,01臺北市,信義區,,,擬訂臺北市信義區犁和段一小段165地號等17筆土地都市更新事業計畫案,,,,立築建設股份有限公司(宏築建設),核定,,2009/1/15,,,5874,,,權利變換,,,,121.5598291060606,25.017987893939395,,,,,,,,,,分送,,,,陳明烈建築師事務所,,,,丹棠開發(原擬訂中興都更),
已核定重建更新事業-自行劃定,,北126,,,01臺北市,士林區,,,(已駁回)擬訂臺北市士林區三玉段一小段672地號等5筆土地都市更新事業計畫案,,,,耕薪都市更新股份有限公司,核定,,2012/3/8,,,1153,,,,,,駁回,121.53186403225807,25.109420677419354,,,,,,,,,,,,,,,,,,,
已核定重建更新事業-自行劃定,東騰信義,北113,,,01臺北市,信義區,,,擬訂臺北市信義區吳興段二小段790-6地號等29筆土地都市更新事業計畫案,,,,東騰開發股份有限公司(原凱泰建設),完工,,2011/4/7,,,1563,,,協議合建,,,,121.57065232352942,25.01836655882353,,,,,,,,,,-,,,2017年,李天鐸建築師事務所,,,,邑相更新規劃股份有限公司,
已核定重建更新事業-自行劃定,勤耕延吉,北117,,,01臺北市,松山區,,,擬訂臺北市松山區延吉段一小段585地號等7筆土地都市更新事業計畫案,,,,耕薪都市更新股份有限公司,完工,,2011/8/15,,,2404,,,權利變換,,,,121.55460021052632,25.04554047368421,,,,,,,,,,併送,,,2021,陳克聚建築師事務所,,,,耕薪都市更新股份有限公司,
已核定重建更新事業-自行劃定,友座臻璽,北179,,,01臺北市,大安區,,,擬訂臺北市大安區辛亥段三小段518地號等15筆土地都市更新事業計畫案,,,,源座建設開發股份有限公司,完工,,2013/12/27,,,1274,,,協議合建,,,,121.55263442857142,25.021130095238096,,,,,,,,,,-,,,2017年,黃明智建築師事務所,,,,安邦工程顧問股份有限公司,
已核定重建更新事業-自行劃定,中山金澤,北140,,,01臺北市,中山區,,,擬訂臺北市中山區中山段一小段614地號等6筆土地都市更新事業計畫案,,,,臺北市中山區一小段614地號等6筆土地都市更新會,完工,,2013/1/2,,,1031,,,權利變換,,,,121.525338,25.063131384615385,,,,,,,,,,分送,,,2020年,周夢龍、簡志聰、柯智明建築師事務所,,,,逢達不動產開發顧問股份有限公司,
已核定重建更新事業-自行劃定,震大懷真,北144,,,01臺北市,中山區,,,擬訂臺北市中山區北安段一小段14-2地號等6筆土地都市更新事業計畫案,,,,震一建設股份有限公司,核定,,2013/1/15,,,4312.13,,,權利變換,,,,121.55617003311258,25.08681398013245,,,,,,,,,,分送,,,,三大聯合建築師事務所、杜希聖建築師事務所,,,,緯城土地規劃工程顧問有限公司,
已核定重建更新事業-自行劃定,中山麗池,北157,,,01臺北市,中山區,,,擬訂臺北市中山區吉林段四小段603地號等40筆土地都市更新事業計畫案,,,,兆鴻建設股份有限公司,核定,,2013/6/19,,,1689.69,,,協議合建,,http://www.ur.org.tw/plan/career_view/29,,121.5258391,25.0564607,,,,,,,,,,-,,,,郭秋利建築師事務所,,,,財團法人都市更新研究發展基金會,
已核定重建更新事業-自行劃定,中山松悅,北169,,,01臺北市,中山區,,,擬訂臺北市中山區正義段四小段187地號等49筆土地都市更新事業計畫案,,,,詔安建設股份有限公司,完工,,2013/10/7,,,2896.92,,,權利變換,,https://www.dtrc.com.tw/products_detail/tw/consultant/p9332/,權變2017/03/14核定,121.52051781578947,25.050663526315788,,,,,,,,,,分送,,,2024,PGA周簡聯合建築師事務所,,,,丹棠開發股份有限公司,
已核定重建更新事業-自行劃定,隨河,北174,,,01臺北市,士林區,,,擬訂臺北市士林區蘭雅段三小段205地號等2筆土地都市更新事業計畫及權利變換計畫案,,,,茂楷建設股份有限公司,完工,,2013/11/8,,,597,,,權利變換,,http://jieho-rema.gad.msite.com.tw/,,121.523728,25.100342949999998,,,,,,,,,,併送,,,2018年,大禧聯合建築師事務所,,,,大禧實業股份有限公司,
已核定重建更新事業-自行劃定,國美榕遇,北175,,,01臺北市,信義區,,,擬訂臺北市信義區雅祥段一小段578地號等15筆土地都市更新事業計畫案,,,,國美建設股份有限公司,核定,,2013/11/13,,,3948,,,權利變換,,http://dtrc.com.tw/project_detail/15/,,121.56838092857143,25.046523,,,,,,,,,,分送,,,,呂建勳建築師事務所,,,,丹棠開發股份有限公司,
已核定重建更新事業-自行劃定,如意琚,北167,,,01臺北市,內湖區,,,擬訂臺北市內湖區東湖段一小段20-9地號等1筆土地都市更新事業計畫及權利變換計畫案,,,,臺北市內湖區東湖段一小段20-9地號(聯邦合家歡社區如意區)都市更新會,完工,,2013/9/23,,,758,,,權利變換,,,2014/6拆除完成，動工,121.61840413333333,25.0706348,,,,,,,,,,併送,,,2017年,俞聖衡建築師事務所,,,,邑相更新規劃股份有限公司,
已核定重建更新事業-自行劃定,友座君綻,北177,,,01臺北市,內湖區,,,擬訂臺北市內湖區康寧段二小段262地號等29筆土地都市更新事業計畫及權利變換計畫案,,,,壕華建設股份有限公司,完工,,2013/11/29,,,2565.82,,,權利變換,,,,121.59254664150943,25.085683169811322,,,,,,,,,,併送,,,2019年,簡俊卿建築師事務所,,,,中興都更事業股份有限公司,
已核定重建更新事業-自行劃定,中工常翠,北163,,,01臺北市,松山區,,,擬訂臺北市松山區寶清段一小段51-3地號等1筆土地都市更新事業計畫及權利變換計畫案,,,,中華工程股份有限公司,完工,,2013/7/25,,,922,,,權利變換,,http://www.bes.com.tw/portal_c6_page.php?cnt_id=3,延壽國宅M區海砂屋,121.56750192307693,25.05636269230769,,,,,,,,,,併送,,,2015年,張玉樹建築師事務所,,,,冠霖不動產顧問股份有限公司,
已核定重建更新事業-自行劃定,台大敦仁,北141,,,01臺北市,文山區,,,擬訂臺北市文山區萬慶段一小段443-2地號等2筆土地都市更新事業計畫案,,,,福隆建設股份有限公司,完工,,2013/1/3,,,1281,,,權利變換,,http://www.ur.org.tw/plan/career_view/58,,121.53897585714286,24.995646,,,,,,,,,,分送,,,2018年,邱垂睿建築師事務所,,,,財團法人都市更新研究發展基金會,
已核定重建更新事業-自行劃定,,北145,,,01臺北市,萬華區,,,(已撤銷)擬訂臺北市萬華區萬華段一小段628-1地號等20筆土地都市更新事業計畫案,,,,洪圓建設股份有限公司,核定,,2013/1/22,,,893.86,,,權利變換,,原事業計畫於2013/1/22核定，經北市府於2022/06/1撤銷,,121.50415392857143,25.035534214285715,,,,,,,,,,分送,,,,姚永和建築師事務所,,,,奇模工程有限公司,
已核定重建更新事業-自行劃定,雍居仁愛,北146,,,01臺北市,中正區,,,擬訂臺北市中正區中正段一小段66地號等11筆土地都市更新事業計畫案,,,,奧斯卡建設股份有限公司,已完工,,2013/1/22,,,2088,,,權利變換,,http://www.ur.org.tw/plan/career_view/43,,121.527035,25.03911663157895,,,,,,,,,,分送,,,2023,吳成榮建築師事務所、美國建築設計團隊HOK,,,,財團法人都市更新研究發展基金會,
已核定重建更新事業-自行劃定,,北151,,,01臺北市,大同區,,,擬訂臺北市大同區市府段二小段220-2地號等54筆土地都市更新事業計畫案,,,,三豐建設股份有限公司,核定,,2013/2/27,,,2314,,,權利變換,,http://www.winvip.com.tw/chuansheng/ezfiles/win-vip/img/img/4811/UntitledFrameset-2.html,,121.51679325,25.0517473,,,,,,,,,,分送,,,,黃秀莊建築師事務所,,,,黃秀莊建築師事務所,
已核定重建更新事業-自行劃定,耕云,北114,,,01臺北市,大安區,,,擬訂臺北市大安區辛亥段一小段163地號等5筆土地都市更新事業計畫案,,,,耕薪建設股份有限公司,完工,,2011/4/20,,,1397,,,權利變換,,,,121.55970291071428,25.017398339285716,,,,,,,,,,分送,,,2020年,黃宏輝建築師事務所,,,,耕薪都市更新股份有限公司,
已核定重建更新事業-自行劃定,,北137,,,01臺北市,大安區,,,擬訂臺北市大安區懷生段四小段4地號等19筆土地都市更新事業計畫案,,,,國美建設股份有限公司,核定,,2012/12/1,,,2259,,,權利變換,,http://www.ur.org.tw/plan/career_view/36,,121.53722086666667,25.037086,,,,,,,,,,分送,,,,呂建勳建築師事務所,,,,財團法人都市更新研究發展基金會,
已核定重建更新事業-自行劃定,,北135,,,01臺北市,信義區,,,擬訂臺北市信義區永吉段二小段33-2地號等2筆土地都市更新事業計畫案,,,,昇陽建設企業股份有限公司,核定,,2012/10/12,,,3107,,,權利變換,,http://www.sunty.com.tw/renovate/renovate-1.htm,,121.57590383333333,25.0451135,,,,,,,,,,分送,,,,簡俊卿建築師事務所,,,,大展資產顧問股份有限公司,
已核定重建更新事業-自行劃定,璞園至仁愛,北189,,,01臺北市,中正區,,,擬訂臺北市中正區臨沂段四小段21地號等14筆土地都市更新事業計畫案,,,,璞慧建設股份有限公司,完工,,2014/3/5,,,1530,,,合建+權變,,,http://www.pycg.com.tw/index.php?id=online&cla=hot-line-detailed&project=13&gclid=Cj0KCQjw6IfoBRCiARIsAF6q06spkySxPd-Q1FyW3ZMlROTqdPsNCudIob8osUhkD4BK7AFPiymPqhwaAvHQEALw_wcB,121.52987483870967,25.037857548387098,,,,,,,,,,分送,,,2023,李文勝建築師事務所,,,,李文勝建築師事務所,
已核定重建更新事業-自行劃定,Legend 63,北197,,,01臺北市,中正區,,,擬訂臺北市中正區福和段一小段363-2地號等7筆土地都市更新事業計畫案,,,,華陞開發股份有限公司,完工,,2014/4/25,,,734,,,協議合建,,,,121.52836305555556,25.018055888888888,,,,,,,,,,-,,,2018年,金以容建築師事務所,,,,邑相更新規劃股份有限公司,
已核定重建更新事業-自行劃定,,北205,,,01臺北市,中正區,,,擬訂臺北市中正區南海段二小段49-5地號等34筆土地都市更新事業計畫案,,,,百利興設計股份有限公司,核定,,2014/12/24,,,1485,,,權利變換,,,,121.52072228,25.027682,,,,,,,,,,分送,,,,黃明智建築師事務所,,,,寶瑞凱都市更新規劃開發股份有限公司,
已核定重建更新事業-自行劃定,欣隆101,北185,,,01臺北市,大同區,,,擬訂臺北市大同區玉泉段二小段353地號等27筆土地都市更新事業計畫案,,,,欣隆建設股份有限公司,完工,,2014/2/17,,,1603,,,權利變換,,,,121.51171252631579,25.050261157894738,,,,,,,,,,分送,,,2023,呂建勳建築師事務所,,,,緯城土地規劃工程顧問有限公司,
已核定重建更新事業-自行劃定,廣朋峰源,北191,,,01臺北市,大同區,,,(已撤銷)擬訂臺北市大同區延平段三小段749地號等27筆土地都市更新事業計畫案,,,,廣朋建設股份有限公司,核定,,2014/4/25,,,1776,,,權利變換,,,2017/11/23撤銷核定,121.5085735,25.05720045,,,,,,,,,,分送,,,,黃翔龍建築師事務所,,,,翔宇國際開發顧問有限公司,
已核定重建更新事業-自行劃定,保誠一靚,北181,,,01臺北市,北投區,,,擬訂臺北市北投區秀山段三小段220地號等20筆土地都市更新事業計畫及權利變換計畫案,,,,保誠興業股份有限公司,完工,,2014/1/10,,,6325,,,權利變換,,,,121.48929545,25.1437167375,,,,,,,,,,併送,,,2017年,侯銘賢、劉如梅建築師事務所,,,,社團法人台北市不動產及土地資源發展協會、安邦工程顧問股份有限公司,
已核定重建更新事業-自行劃定,達永秋鄉,北182,,,01臺北市,大安區,,,擬訂臺北市大安區辛亥段一小段161-5地號等7筆(原10筆)土地都市更新事業計畫案,,,,達永建設股份有限金司(原德和建設),完工,,2014/1/10,,,1760,,,權利變換,,,,121.55848085714285,25.017341547619047,,,,,,,,,,分送,,,2023,黃文彥建築師事務所,,,,瑞興不動產開發股份有限公司,
已核定重建更新事業-自行劃定,,北184,,,01臺北市,大安區,,,擬訂臺北市大安區龍泉段一小段169地號等29筆土地都市更新事業計畫案,,,,誠美建築開發股份有限公司,核定,,2014/1/29,,,4266.63,,,權利變換,,,,121.5335874117647,25.02149574509804,,,,,,,,,,分送,,,,金以容建築師事務所,,,,信實都市開發股份有限公司,
已核定重建更新事業-自行劃定,信義大樓,北202,,,01臺北市,大安區,,,擬訂臺北市大安區懷生段二小段388地號等10筆土地都市更新事業計畫及權利變換計畫案,,,,昇立建設股份有限公司,完工,,2014/11/19,,,796,,,權利變換,,http://www.ur.org.tw/plan/career_view/50,,121.5428018,25.033695733333335,,,,,,,,,,併送,,,2020年,沈國皓建築師事務所,,,,財團法人都市更新研究發展基金會,
已核定重建更新事業-自行劃定,瑞安自在,北204,,,01臺北市,大安區,,,擬訂臺北市大安區瑞安段三小段320地號等11筆土地都市更新事業計畫案,,,,首鋼開發股份有限公司,完工,,2014/12/18,,,574,,,協議合建,,,,121.53907235714286,25.027494571428573,,,,,,,,,,-,,,2017年,邱垂睿建築師事務所,,,,邑相國際工程顧問有限公司,
已核定重建更新事業-自行劃定,,北211,,,01臺北市,大安區,,,擬訂臺北市大安區通化段四小段121地號等39筆土地都市更新事業計畫案,,,,睦昇建設股份有限公司,核定,,2015/3/6,,,2246,,,權利變換,,,,121.55287046153846,25.03236826923077,,,,,,,,,,分送,,,,宏景聯合建築師事務所,,,,邑相更新規劃股份有限公司,
已核定重建更新事業-自行劃定,,北209,,,01臺北市,大安區,,,擬訂臺北市大安區大安段三小段260地號等15筆土地都市更新事業計畫案,,,,瑾霖建設股份有限公司,已核定,,2015/1/28,,,534,,,權利變換,,2024/9/19公告撤銷,,121.5477264,25.02496645,,,,,,,,,,分送,,,,吳非士建築師事務所,,,,康丞開發股份有限公司,
已核定重建更新事業-自行劃定,忠泰鳳磐,北214,,,01臺北市,大安區,,,擬訂臺北市大安區大安段一小段184地號等11筆土地都市更新事業計畫及權利變換計畫案,,,,鳳磐建設股份有限公司,完工,,2015/5/6,,,1024,,,權利變換,,,,121.54678046666666,25.031504533333333,,,,,,,,,,併送,,,2017年,李天鐸建築師事務所,,,,陳肇勳建築師事務所,
已核定重建更新事業-自行劃定,,北215,,,01臺北市,大安區,,,(已撤銷)擬訂臺北市大安區瑞安段三小段224-1地號18筆土地都市更新事業計畫案,,,,誠美建築開發股份有限公司,核定,,2015/5/27,,,1749,,,權利變換,,(原核定日期2015/5/27，2023/2/23公告撤銷),,121.54016668,25.02695864,,,,,,,,,,分送,,,,羅興華建築師事務所,,,,信實都市開發股份有限公司,
已核定重建更新事業-自行劃定,忠順大院II,北210,,,01臺北市,文山區,,,擬訂臺北市文山區木柵段三小段389地號等5筆土地都市更新事業計畫及權利變換計畫案,,,,元利建設企業股份有限公司,完工,,2015/1/30,,,1336,,,權利變換,,,,121.56536290909091,24.985878,,,,,,,,,,併送,,,2020年,簡俊卿建築師事務所,,,,邑相更新規劃股份有限公司,
已核定重建更新事業-自行劃定,國泰昕春,北212,,,01臺北市,文山區,,,擬訂臺北市文山區實踐段一小段461地號等7筆土地都市更新事業及權利變換計畫案,,,,國泰建設股份有限公司,完工,,2015/4/15,,,2069,,,權利變換,,http://www.ur.org.tw/plan/career_view/69,,121.55870583673469,24.983928857142857,,,,,,,,,,併送,,,2019年,葛介南建築師事務所,,,,財團法人都市更新研究發展基金會,
已核定重建更新事業-自行劃定,南方莊園,北218,,,01臺北市,文山區,,,擬訂臺北市文山區公訓段二小段210-2地號等59筆土地都市更新事業計畫及權利變換計畫案,,,,國揚實業股份有限公司,完工,,2015/6/3,,,7722,,,權利變換,,http://www.newland.tw/case_detail.aspx?Serno=337,,121.55592572992701,25.001958459854016,,,,,,,,,,併送,,,2020年,江培珩建築師事務所,,,,力冠丰都市規劃有限公司,
已核定重建更新事業-自行劃定,仰德195,北208,,,01臺北市,士林區,,,擬訂臺北市士林區蘭雅段一小段581地號9筆土地都市更新事業計畫及權利變換計畫案,,,,都市策略開發股份有限公司,完工,,2015/1/28,,,2706.39,,,權利變換,,,,121.52408485964912,25.107671228070174,,,,,,,,,,併送,,,2019年,三門聯合建築師事務所,,,,合邑都市更新股份有限公司,
已核定重建更新事業-自行劃定,璞氏集,北203,,,01臺北市,士林區,,,擬訂臺北市士林區三玉段四小段271地號等9筆土地都市更新事業計畫案,,,,璞全建設股份有限公司,完工,,2014/11/19,,,922,,,協議合建,,,,121.52880202272728,25.111873795454546,,,,,,,,,,-,,,2018年,黃文?建築師事務所,,,,信實都市開發股份有限公司,
已核定重建更新事業-自行劃定,,北213,,,01臺北市,士林區,,,擬訂臺北市士林區三玉段三小段328地號1筆土地都市更新事業計畫及權利變換計畫案,,,,螽慶股份有限公司,完工,,2015/4/24,,,911,,,權利變換,,,,121.5289115,25.112345735294117,,,,,,,,,,併送,,,2021,劉文岱建築師事務所,,,,中華建築經理股份有限公司,
已核定重建更新事業-自行劃定,宏普世貿,北219,,,01臺北市,士林區,,,擬訂臺北市士林區蘭雅段一小段633地號等4筆土地都市更新事業計畫案,,,,宏普建設股份有限公司,完工,,2015/6/2,,,1490.42,,,協議合建,,,,121.52411871428572,25.10642875,,,,,,,,,,-,,,2019年,陳克聚建築師事務所,,,,弘傑不動產事業股份有限公司,
已核定重建更新事業-自行劃定,奧斯卡•南京,北188,,,01臺北市,中山區,,,擬訂臺北市中山區長安段三小段725地號等7筆土地都市更新事業計畫及權利變換計畫案,,,,奧斯卡建設股份有限公司,完工,,2014/3/7,,,1884,,,權利變換,,http://www.ur.org.tw/plan/career_view/49,http://www.ur.org.tw/plan/career_view/49,121.52966777777777,25.050353444444443,,,,,,,,,,併送,,,2018年,吳成榮建築師事務所,,,,財團法人都市更新研究發展基金會,
已核定重建更新事業-自行劃定,昇陽十里華,北180,,,01臺北市,中山區,,,擬訂臺北市中山區長春段三小段245地號等16筆土地都市更新事業計畫案,,,,昇陽建設企業股份有限公司,完工,,2014/1/7,,,1409,,,權利變換,,https://www.sunty.com.tw/renovate/renovate-2.htm,,121.5338,25.054206857142855,,,,,,,,,,分送,,,2019年,吳亞蘋建築師事務所,,,,吳亞蘋建築師事務所,
已核定重建更新事業-自行劃定,,北187,,,01臺北市,信義區,,,擬訂臺北市信義區吳興段三小段196地號等17筆土地都市更新事業計畫案,,,,立偕建設股份有限公司,核定,,2018/5/15,,,5491,,,權利變換,,,,121.57065462162163,25.023332216216215,,,,,,,,,,分送,,,,合契建築師事務所,,,,聖洪建築師事務所,
已核定重建更新事業-自行劃定,民生日月,北195,,,01臺北市,松山區,,,擬訂臺北市松山區寶清段一小段51-17地號1筆土地都市更新事業計畫案,,,,將作建設股份有限公司,完工,,2014/4/25,,,402,,,權利變換,,延壽國宅D區,,121.56856783333333,25.056502666666667,,,,,,,,,,併送,,,2018年,鄧毅仁建築師事務所,,,,里成都市更新股份有限公司,
已核定重建更新事業-自行劃定,中工耘翠,北196,,,01臺北市,松山區,,,擬訂臺北市松山區寶清段一小段57-2地號等1筆土地都市更新事業計畫案,,,,中華工程股份有限公司,完工,,2014/4/25,,,2871,,,權利變換,,http://www.bes.com.tw/portal_c6_page.php?cnt_id=4,延壽國宅K區海砂屋,121.56640773333334,25.0563002,,,,,,,,,,分送,,,2021,張玉樹建築師事務所,,,,冠霖不動產顧問股份有限公司,
已核定重建更新事業-自行劃定,森城大院,北217,,,01臺北市,中正區,,,擬訂臺北市中正區河堤段六小段501-1地號等28筆土地都市更新事業計畫及權利變換計畫案,,,,東亞建築經理股份有限公司,完工,,2015/6/2,,,1715,,,權利變換,,,,121.5187615,25.021473999999998,,,,,,,,,,併送,,,2020年,熊宜一建築師事務所,,,,熊宜一建築師事務所,
已核定重建更新事業-自行劃定,常殷峰澤,北221,,,01臺北市,大同區,,,擬訂臺北市大同區玉泉段二小段91地號等42筆土地都市更新事業計畫案,,,,常殷建設股份有限公司,完工,,2015/6/12,,,2957,,,協議合建,,,,121.5114322,25.05301245,,,,,,,,,,-,,,2020,楊弘志建築師事務所、鄭凱文建築師事務所,,,,力冠丰都市規劃有限公司,
已核定重建更新事業-自行劃定,双美館,北193,,,01臺北市,南港區,,,擬訂臺北市南港區南港段一小段1110地號等21筆土地都市更新事業計畫及權利變換計畫案,,,,興富發建設股份有限公司,完工,,2014/4/25,,,2061,,,權利變換,,,,121.60675936666667,25.056832333333332,,,,,,,,,,併送,,,2017年,薛昭信建築師事務所,,,,力冠丰都市規劃有限公司,
已核定重建更新事業-自行劃定,大安阿曼,北124,,,01臺北市,大安區,,,擬訂臺北市大安區懷生段三小段492地號等4筆土地都市更新事業計畫案,,,,璞吉建設股份有限公司(原璞吉股份有限公司),完工,,2012/1/4,,,1156,,,協議合建,,,,121.53368566666667,25.04000788888889,,,,,,,,,,-,,,2016年,郭旭原建築師事務所,,,,邑相更新規劃股份有限公司,
已核定重建更新事業-自行劃定,中山官邸,北129,,,01臺北市,中山區,,,擬訂臺北市中山區中山段一小段665地號等9筆土地都市更新事業計畫案,,,,興益發建設企業股份有限公司,完工,,2012/6/5,,,1555,,,協議合建,,,,121.52359764285714,25.063150785714285,,,,,,,,,,-,,,2015年,梁正芳建築師事務所,,,,梁正芳建築師事務所,
已核定重建更新事業-自行劃定,中正香榭,北012,,,01臺北市,中正區,,,擬訂臺北市中正區南海段二小段332地號等29筆土地都市更新事業計畫及權利變換計畫案,,,,興富發建設股份有限公司,完工,,2004/7/13,,,1773,,,權利變換,,,,121.51959226315789,25.026873631578948,,,,,,,,,,併送,,,2008年,梁正芳建築師事務所,,,,梁正芳建築師事務所,
已核定重建更新事業-自行劃定,天璽,北131,,,01臺北市,中山區,,,擬訂臺北市中山區中山段一小段254地號等13筆土地都市更新事業計畫及權利變換計畫案,,,,聖得福建設開發股份有限公司,完工,,2012/8/28,,,1604,,,權利變換,,,,121.52323047368421,25.066420263157895,,,,,,,,,,併送,,,2016年,林尚毅建築師事務所,,,,協和都市更新股份有限公司,
已核定重建更新事業-自行劃定,天鑄,北155,,,01臺北市,士林區,,,擬訂臺北市士林區三玉段三小段2地號等12筆土地都市更新事業計畫案,,,,華固建設股份有限公司,完工,,2013/6/11,,,5717.48,,,協議合建,,http://www.ur.org.tw/plan/career_view/53,http://www.huaku.com.tw/caseInfo?i=44,121.53123443283582,25.11749067164179,,,,,,,,,,-,,,2016年,簡俊卿建築師事務所,,,,財團法人都市更新研究發展基金會,
已核定重建更新事業-自行劃定,文藝再興,北159,,,01臺北市,文山區,,,擬訂臺北市文山區華興段一小段8地號等13筆土地都市更新事業計畫案,,,,鴻愷建設股份有限公司,完工,,2013/7/6,,,1414,,,協議合建,,,,121.55911849019608,24.990026882352943,,,,,,,,,,-,,,2017年,吳非士建築師事務所,,,,冠濠開發顧問股份有限公司,
已核定重建更新事業-自行劃定,台北1號院,北122,,,01臺北市,中山區,,,擬訂臺北市中山區吉林段五小段118-1地號等4筆土地都市更新事業計畫案,,,,興富發建設股份有限公司,完工,,2011/12/1,,,1461.37,,,協議合建,,,更新單元面積1113.37㎡；毗鄰土地併入開發348㎡,121.52787461538462,25.052924615384615,,,,,,,,,,-,,,2014年,梁正芳建築師事務所,,,,梁正芳建築師事務所,
已核定重建更新事業-自行劃定,全陽天母,北166,,,01臺北市,北投區,,,擬訂臺北市北投區崇仰段三小段68地號等23筆土地都市更新事業計畫及權利變換計畫案,,,,全陽建設股份有限公司,完工,,2013/9/6,,,2245.45,,,協議合建,,,,121.523460975,25.1191954,,,,,,,,,,-,,,2019,江培珩建築師事務所,,,,力冠丰都市規劃有限公司,
已核定重建更新事業-自行劃定,吉美悅河,北107,,,01臺北市,士林區,,,擬訂臺北市士林區福順段一小段214地號等4筆土地都市更新事業計畫及權利變換計畫案,,,,吉美建設事業股份有限公司,完工,,2011/1/31,,,1349,,,權利變換,,,,121.51174729411765,25.085557529411766,,,,,,,,,,併送,,,2013年,楊三猷建築師事務所,,,,力冠丰都市規劃有限公司,
已核定重建更新事業-自行劃定,安縵莊園,北149,,,01臺北市,內湖區,,,擬訂臺北市內湖區康寧段二小段67地號等32筆土地都市更新事業計畫案,,,,敦元建設股份有限公司,完工,,2013/2/8,,,3953,,,協議合建,,,,121.59343968644068,25.088371940677966,,,,,,,,,,-,,,2017年,簡俊卿建築師事務所,,,,簡俊卿建築師事務所,
已核定重建更新事業-自行劃定,忠孝無極,北111,,,01臺北市,南港區,,,擬訂臺北市南港區玉成段五小段180-1地號等21筆土地都市更新事業計畫及權利變換計畫案,,,,立樺建設股份有限公司,完工,,2011/3/21,,,2233,,,權利變換,,,,121.58441516,25.04698132,,,,,,,,,,併送,,,2014年,吳成榮建築師事務所,,,,振皓工程顧問股份有限公司,
已核定重建更新事業-自行劃定,忠泰繹,北116,,,01臺北市,信義區,,,擬訂臺北市信義區虎林段五小段15地號等10筆土地都市更新事業計畫案,,,,忠泰建設股份有限公司,完工,,2011/6/2,,,1630,,,協議合建,,,,121.57959408333333,25.048734,,,,,,,,,,-,,,2014年,陳鴻明建築師事務所,,,,弘傑不動產事業股份有限公司,
已核定重建更新事業-自行劃定,知田,北083,,,01臺北市,士林區,,,擬訂臺北市士林區芝山段二小段33地號等20筆土地都市更新事業計畫案,,,,士林開發股份有限公司,完工,,2009/6/17,,,2340.9,,,協議合建,,,,121.52886523943663,25.10762614084507,,,,,,,,,,-,,,2012年,三門聯合建築師事務所,,,,合邑都市更新股份有限公司,
已核定重建更新事業-自行劃定,信義商隱,北088,,,01臺北市,信義區,,,擬訂臺北市信義區雅祥段三小段233地號等2筆土地都市更新事業計畫及權利變換計畫案,,,,國美建設股份有限公司,完工,,2009/10/15,,,4130,,,權利變換,,http://www.ur.org.tw/plan/career_view/28,,121.56951747058824,25.043771529411764,,,,,,,,,,併送,,,2013年,呂建勳建築師事務所,,,,財團法人都市更新研究發展基金會,
已核定重建更新事業-自行劃定,南京VIP社區,北013,,,01臺北市,中山區,,,擬訂臺北市中山區長安段三小段709地號等2筆土地都市更新事業計畫及權利變換計畫案,,,,永達建設股份有限公司,完工,,2004/10/21,,,1249,,,權利變換,,,,121.5286234,25.0508546,,,,,,,,,,併送,,,2007年,大元聯合建築師事務所,,,,邑相更新規劃股份有限公司,
已核定重建更新事業-自行劃定,威峰,北153,,,01臺北市,萬華區,,,擬訂臺北市萬華區漢中段二小段328地號等110筆土地都市更新事業計畫及權利變換計畫案,,,,全坤建設開發股份有限公司,完工,,2013/4/1,,,4836,,,權利變換,,,,121.50493510344828,25.039943655172415,,,,,,,,,,併送,,,2017年,張昌明建築師事務所,,,,力冠丰都市規劃有限公司,
已核定重建更新事業-自行劃定,悅揚,北008,,,01臺北市,北投區,,,擬訂臺北市北投區豐年段三小段4地號等16筆土地都市更新事業計畫及權利變換計畫案,,,,樂揚建設股份有限公司,完工,,2003/6/23,,,2969,,,權利變換,,,,121.48447773809524,25.137679428571428,,,,,,,,,,併送,,,2005年,陳明烈建築師事務所,,,,財團法人都市更新(昶欣顧問有限公司),
已核定重建更新事業-自行劃定,素直,北109,,,01臺北市,中山區,,,擬訂臺北市中山區吉林段四小段261地號等4筆土地都市更新事業計畫案,,,,誠美建築開發股份有限公司,完工,,2011/2/16,,,725,,,協議合建,,http://www.chen-mei.com.tw/performance_detail.php?sn=10,,121.529031125,25.0550665,,,,,,,,,,-,,,2014年,金以容建築師事務所,,,,信實都市開發股份有限公司,
已核定重建更新事業-自行劃定,耕曦,北063,,,01臺北市,大安區,,,擬訂臺北市大安區龍泉段三小段736地號等11筆土地都市更新事業計畫案,,,,耕薪都市更新股份有限公司,完工,,2008/7/15,,,1821.27,,,權利變換,,,,121.52580071875,25.0232585625,,,,,,,,,,分送,,,2016年,邑相聯合建築師事務所,,,,邑相國際工程顧問有限公司,
已核定重建更新事業-自行劃定,富田,北080,,,01臺北市,北投區,,,擬訂臺北市北投區桃源段二小段251地號等17筆土地都市更新事業計畫案,,,,勝陽建設股份有限公司,完工,,2009/4/3,,,4320,,,協議合建,,http://dtrc.com.tw/project_detail/13,,121.48610646875,25.139611125,,,,,,,,,,-,,,2012年,江培珩建築師事務所,,,,財團法人都市更新研究發展基金會,
已核定重建更新事業-自行劃定,友座森觀,北030,,,01臺北市,文山區,,,擬訂臺北市文山區興安段二小段558地號等5筆土地都市更新事業計畫及權利變換計畫案,,,,竣浩建設股份有限公司,完工,,2006/7/3,,,2056,,,權利變換,,,,121.55013674,24.99940222,,,,,,,,,,併送,,,2010年,黃武達建築師事務所,,,,緯城土地規劃工程顧問有限公司,
已核定重建更新事業-自行劃定,渼士林,北123,,,01臺北市,士林區,,,擬訂臺北市士林區海光段一小段133-1地號等11筆土地都市更新事業計畫及權利變換計畫案,,,,昱順建設股份有限公司,完工,,2011/12/29,,,1810,,,合建+權變,,,,121.50779919230769,25.08527880769231,,,,,,,,,,併送,,,2014年,陳柏壽建築師事務所,,,,正宇都市更新股份有限公司,
已核定重建更新事業-自行劃定,筑丰天母,北172,,,01臺北市,士林區,,,擬訂臺北市士林區蘭雅段二小段150地號等27筆土地都市更新事業計畫及權利變換計畫案,,,,筑丰興業股份有限公司,完工,,2013/11/1,,,2194.88,,,權利變換,,http://www.ur.org.tw/plan/career_view/57,,121.52446239215686,25.103079039215686,,,,,,,,,,併送,,,2016年,元宏聯合建築師事務所,,,,財團法人都市更新研究發展基金會,
已核定重建更新事業-自行劃定,圓頂世紀館,北006,,,01臺北市,中山區,,,擬訂臺北市中山區長安段一小段721地號等6筆土地都市更新事業計畫案,,,,元利建設企業股份有限公司,完工,,2003/3/3,,,3378,,,協議合建,,,,121.53803778571428,25.050726357142857,,,,,,,,,,-,,,2004年,陳傳宗建築師事務所,,,,陳傳宗建築師事務所,
已核定重建更新事業-自行劃定,新潤峰耘,北118,,,01臺北市,松山區,,,擬訂臺北市松山區寶清段一小段341-1地號等28筆土地都市更新事業計畫案,,,,新潤建設股份有限公司,完工,,2011/8/15,,,2081,,,權利變換,,,,121.56824264516129,25.053217387096776,,,,,,,,,,分送,,,2017年,周文斌建築師事務所,,,,安邦工程顧問股份有限公司,
已核定重建更新事業-自行劃定,鼎極,北092,,,01臺北市,大同區,,,擬訂臺北市大同區迪化段一小段2地號等21筆土地都市更新事業計畫及權利變換計畫案,,,,三豐建設股份有限公司,完工,,2010/1/11,,,1568,,,權利變換,,,,121.51348016666667,25.056764833333332,,,,,,,,,,併送,,,2013年,黃啟煌建築師事務所,,,,百鴻國際工程有限公司,
已核定重建更新事業-自行劃定,遠雄朝日,北071,,,01臺北市,中山區,,,擬訂臺北市中山區吉林段四小段676地號等18筆土地都市更新事業計畫案,,,,遠雄建設事業股份有限公司,完工,,2009/1/1,,,1394,,,協議合建,,,,121.5266065,25.056378777777777,,,,,,,,,,-,,,2011年,黃永沃建築師事務所,,,,正宇都市更新股份有限公司,
已核定重建更新事業-自行劃定,遠雄爵士,北026,,,01臺北市,士林區,,,擬訂臺北市士林區蘭雅段一小段386地號等18筆土地都市更新事業計畫案,,,,遠雄建設事業股份有限公司,完工,,2006/2/24,,,2724.92,,,協議合建,,,,121.52455670212765,25.108157595744682,,,,,,,,,,-,,,2008年,黃永沃建築師事務所,,,,中興都更事業股份有限公司,
已核定重建更新事業-自行劃定,德運官鼎,北103,,,01臺北市,中山區,,,擬訂臺北市中山區吉林段三小段811地號等28筆(原35筆)土地都市更新事業計畫及權利變換計畫案,,,,德運建設股份有限公司,完工,,2010/9/2,,,2675,,,權利變換,,,,121.52816173333333,25.058358066666667,,,,,,,,,,併送,,,2013年,陳傳宗建築師事務所,,,,德運建設股份有限公司,
已核定重建更新事業-自行劃定,璞真慶城,北132,,,01臺北市,松山區,,,擬訂臺北市松山區敦化段一小段703地號等9筆土地都市更新事業計畫及權利變換計畫案,,,,璞真建設股份有限公司,完工,,2012/9/11,,,1068.8,,,權利變換,,http://www.ur.org.tw/plan/career_view/20,,121.545301,25.0537922,,,,,,,,,,併送,,,2015年,陳克聚建築師事務所,,,,財團法人都市更新研究發展基金會,
已核定重建更新事業-自行劃定,醇建築,北156,,,01臺北市,中山區,,,擬訂臺北市中山區正義段三小段354地號等18筆土地都市更新事業計畫案,,,,璞永建設股份有限公司,完工,,2013/6/17,,,1220,,,協議合建,,,,121.52262183333333,25.05111541666667,,,,,,,,,,-,,,2017年,境向聯合建築師事務所,,,,邑相更新規劃股份有限公司,
已核定重建更新事業-自行劃定,閱讀春樹,北152,,,01臺北市,文山區,,,擬訂臺北市文山區公訓段三小段360地號等45筆土地及萬芳段三小段838-1地號土地都市更新事業計畫及權利變換計畫案,,,,欣偉傑建設股份有限公司,完工,,2013/2/27,,,4110,,,合建+權變,,,,121.55912814130434,24.991867695652175,,,,,,,,,,併送,,,2016年,江培珩建築師事務所,,,,園皓都市規劃有限公司,
已核定重建更新事業-自行劃定,聯邦合家歡社區吉祥區,北085,,,01臺北市,內湖區,,,擬訂臺北市內湖區東湖段一小段17-2地號土地都市更新事業計畫及權利變換計畫案,,,,臺北市內湖區東湖段一小段17-2地號(聯邦合家歡社區吉祥區)都市更新會,完工,,2009/7/1,,,2737,,,權利變換,,,,121.61805023529412,25.070877980392158,,,,,,,,,,併送,,,2013年,邑相聯合建築師事務所,,,,邑相更新規劃股份有限公司,
已核定重建更新事業-自行劃定,藍田陞玉,北147,,,01臺北市,北投區,,,擬訂臺北市北投區文林段三小段923地號等11筆土地都市更新事業計畫案,,,,永陞建設股份有限公司,完工,,2013/2/7,,,1293,,,協議合建,,,,121.51674088636364,25.106463795454545,,,,,,,,,,-,,,2017年,朱文熙建築師事務所,,,,呂建勳建築師事務所,
已核定重建更新事業-自行劃定,,北223,,,01臺北市,松山區,,,擬訂臺北市松山區美仁段二小段694地號等54筆土地都市更新事業計畫案,,,,元興建設股份有限公司,核定,,2015/7/10,,,2072(報核面積為2078),,,權利變換,,,,121.55388654166667,25.04842525,,,,,,,,,,分送,,,,簡俊卿建築師事務所,,,,邑相國際工程顧問有限公司,
已核定重建更新事業-自行劃定,達麗101,北224,,,01臺北市,信義區,,,擬訂臺北市信義區永吉段一小段119-1地號等17筆土地都市更新事業計畫案,,,,達麗建設事業股份有限公司,完工,,2015/7/16,,,1601,,,協議合建,,,,121.580254,25.044097555555556,,,,,,,,,,-,,,2018年,陳廷杰建築師事務所,,,,安邦工程顧問股份有限公司,
已核定重建更新事業-自行劃定,碧湖天,北225,,,01臺北市,內湖區,,,擬訂臺北市內湖區文德段二小段153地號等3筆土地都市更新事業計畫案,,,,丹棠開發股份有限公司,完工,,2015/7/17,,,3268,,,協議合建,,,,121.58409668253968,25.07623741269841,,,,,,,,,,-,,,2020,陳肇勳建築師事務所,,,,丹棠開發股份有限公司,
已核定重建更新事業-自行劃定,吉美天悅,北227,,,01臺北市,北投區,,,擬訂臺北市北投區文林段四小段64地號等27筆土地都市更新事業計畫案,,,,吉美建設事業股份有限公司,完工,,2015/9/16,,,1717,,,合建+權變,,,,121.51411570588235,25.113978205882354,,,,,,,,,,分送,,,2025,陳浩怡建築師事務所,,,,力冠丰都市規劃有限公司,
已核定重建更新事業-自行劃定,信義一品,北228,,,01臺北市,信義區,,,擬訂臺北市信義區福德段一小段624-1地號等13筆土地都市更新事業計畫案,,,,大師開發股份有限公司,完工,,2015/9/18,,,1527,,,協議合建,,,,121.58658345,25.0413779,,,,,,,,,,-,,,2021,郭秋利建築師事務所,,,,奇模工程有限公司,
已核定重建更新事業-自行劃定,民生鉑月,北229,,,01臺北市,松山區,,,擬訂臺北市松山區寶清段一小段51-13地號土地都市更新事業計畫案,,,,將作建設股份有限公司,完工,,2015/11/2,,,1375,,,合建+權變,,延壽國宅N區,,121.56854441666667,25.056925416666665,,,,,,,,,,分送,,,2023,鍾美惠建築師事務所,,,,里成都市更新股份有限公司,
已核定重建更新事業-自行劃定,岫廬,北235,,,01臺北市,文山區,,,擬訂臺北市文山區華興段三小段286地號等7筆土地都市更新事業計畫案,,,,萬隆開發建設股份有限公司,完工,,2015/12/9,,,1310,,,協議合建,,http://xiulu.number-media.com/,建案潛銷中，工程進度於13樓樓板，預計2018/5月現場備有實品屋可供參觀,121.55262951282052,24.987373256410258,,,,,,,,,,-,,,2019年,林忠雄建築師事務所,,,,安邦工程顧問股份有限公司,
已核定重建更新事業-自行劃定,,北236,,,01臺北市,萬華區,,,擬訂臺北市萬華區漢中段二小段524地號等18筆土地都市更新事業計畫案,,,,全坤建設開發股份有限公司,核定,,2015/12/11,,,1026,,,權利變換,,,,121.5034907826087,25.040039782608694,,,,,,,,,,分送,,,,張昌明建築師事務所,,,,振皓工程顧問股份有限公司,
已核定重建更新事業-自行劃定,聯上天母,北237,,,01臺北市,士林區,,,擬訂臺北市士林區天母段三小段34地號等2筆土地都市更新事業計畫及權利變換計畫案,,,,聯上開發股份有限公司,完工,,2015/12/16,,,1693,,,合建+權變,,http://www.5v.com.tw/html/newcase.asp?kind=%E5%8D%B3%E5%B0%87%E6%8E%A8%E5%87%BA,,121.5263829,25.1214095,,,,,,,,,,併送,,,2020年,三門聯合建築師事務所,,,,弘傑開發事業股份有限公司,
已核定重建更新事業-自行劃定,中工碧硯閣,北238,,,01臺北市,松山區,,,擬訂臺北市松山區寶清段一小段57-13地號等1筆土地都市更新事業計畫案,,,,中華工程股份有限公司,完工,,2015/12/21,,,4780,,,權利變換,,http://www.bes.com.tw/portal_c6_page.php?cnt_id=7,延壽國宅Ｉ區海砂屋,121.56498718181818,25.056626636363635,,,,,,,,,,分送,,,2025,張玉樹建築師事務所,,,,冠霖不動產顧問股份有限公司,
已核定重建更新事業-自行劃定,長安雋,北239,,,01臺北市,大同區,,,擬訂臺北市大同區玉泉段一小段520地號等21筆土地都市更新事業計畫及權利變換計畫案,,,,欣偉傑建設股份有限公司,完工,,2015/12/18,,,1290.61,,,合建+權變,,http://www.swj-home.com.tw/urban?id_project=2,,121.51346441666666,25.052047916666666,,,,,,,,,,併送,,,2021,鍾美惠建築師事務所,,,,園皓都市規劃有限公司,
已核定重建更新事業-自行劃定,名鑄,北247,,,01臺北市,松山區,,,擬訂臺北市松山區敦化段二小段41地號等8筆土地都市更新計畫及權利變換計畫案,,,,華固建設股份有限公司,完工,,2016/4/29,,,3134,,,權利變換,,http://www.huaku.com.tw/caseInfo?i=5,,121.54801661538461,25.050308153846153,,,,,,,,,,併送,,,2018年,黃永沃建築師事務所,,,,弘傑都市規劃股份有限公司,
已核定重建更新事業-自行劃定,岳榕莊,北254,,,01臺北市,北投區,,,擬訂臺北市北投區奇岩段五小段444地號等17筆土地都市更新事業計畫案,,,,君岳開發建設股份有限公司(原富都新開發),完工,,2016/7/22,,,1614,,,權利變換,,,,121.50062328947368,25.125337157894737,,,,,,,,,,分送,,,2024,金以容建築師事務所,,,,康丞開發股份有限公司,
已核定重建更新事業-自行劃定,和平官址,北252,,,01臺北市,中正區,,,擬訂臺北市中正區河堤段四小段263-19地號等25筆土地都市更新事業計畫案,,,,萬仕達建設股份有限公司(原富鉅祿建設),完工,,2016/7/6,,,1226,,,協議合建,,,,121.51981810526316,25.025893684210526,,,,,,,,,,-,,,2021,秦國璋建築師事務所,,,,爵鼎都市建築股份有限公司,
已核定重建更新事業-自行劃定,國揚吉麟,北250,,,01臺北市,中山區,,,擬訂臺北市中山區吉林段四小段63-1地號等25筆土地都市更新事業計畫案,,,,國揚實業股份有限公司,核定,,2016/6/17,,,1887,,,權利變換,,http://www.ur.org.tw/plan/career_view/47,,121.52971876470588,25.05699382352941,,,,,,,,,,分送,,,,金以容建築師事務所,,,,財團法人都市更新研究發展基金會,
已核定重建更新事業-自行劃定,家居理玉,北249,,,01臺北市,士林區,,,擬訂臺北市士林區福林段三小段362地號等19筆土地都更新事業計畫及權利變換計畫案,,,,家居建設股份有限公司,完工,,2016/5/18,,,1554,,,權利變換,,http://www.ur.org.tw/plan/career_view/55,,121.527627,25.098149318181818,,,,,,,,,,併送,,,2019年,李文勝建築師事務所,,,,財團法人都市更新研究發展基金會,
已核定重建更新事業-自行劃定,,北248,,,01臺北市,大安區,,,擬訂臺北市大安區龍泉段三小段61-1地號等32筆土地都市更新事業計畫案,,,,古亭開發事業股份有限公司,核定,,2016/5/13,,,2300,,,合建+權變,,,,121.52372182857142,25.026509057142857,,,,,,,,,,分送,,,,黃秀莊建築師事務所,,,,黃秀莊建築師事務所,
已核定重建更新事業-自行劃定,帝璽,北246,,,01臺北市,中山區,,,擬訂臺北市中山區長春段三小段128-4地號等17筆土地都市更新事業計畫案,,,,宏盛建設股份有限公司,完工,,2016/4/27,,,1838,,,協議合建,,http://ds.8sms.tw/,http://home.appledaily.com.tw/article/index/20180505/38004458/,121.53619661538461,25.054133076923076,,,,,,,,,,-,,,2022,金以容建築師事務所,,,,信實都市開發股份有限公司,
已核定重建更新事業-自行劃定,永陞鳳翎,北245,,,01臺北市,松山區,,,擬訂臺北市松山區美仁段二小段536地號等3筆土地都市更新事業計畫案,,,,永陞建設股份有限公司,完工,,2016/4/15,,,1117,,,協議合建,,,,121.55481477777778,25.05,,,,,,,,,,-,,,2024,邱垂睿建築師事務所,,,,朱文熙建築師事務所,
已核定重建更新事業-自行劃定,拓真,北244,,,01臺北市,文山區,,,擬訂臺北市文山區興安段一小段25地號等12筆土地都市更新事業計畫案,,,,暐傑建設股份有限公司,完工,,2016/4/13,,,1267,,,協議合建,,http://o2.8dm.tw/,由日本國寶級設計師今田晴雄精心打造的日本科技宅「拓真」，「萬芳醫院站」18秒，佔領捷運周邊稀有核心地段，便利性和保值性極佳。「拓真」為日系制震銀級綠建築，規劃為22-36坪。公設配備有日式時尚LOBBY大廳、頂樓空中花園、景觀健身房等，室內運用日本當紅的Outdoor room概念，設計4米空中院落陽台、3米多面寬客廳，,121.5578880625,24.99842234375,,,,,,,,,,-,,,2020年,朱文熙建築師事務所,,,,築匠不動產顧問有限公司,
已核定重建更新事業-自行劃定,國泰悠陽,北243,,,01臺北市,南港區,,,擬訂臺北市南港區南港段三小段274地號等16筆土地都市更新事業計畫案,,,,國泰建設股份有限公司,完工,,2016/3/16,,,3016,,,權利變換,,http://www.rmetrop.com/projecta.html,,121.59770786440679,25.054914508474575,,,,,,,,,,分送,,,2024,闕河彬建築師事務所,,,,李欣都市更新股份有限公司,
已核定重建更新事業-自行劃定,清歡,北241,,,01臺北市,大安區,,,擬訂臺北市大安區金華段三小段383-16地號等36筆土地都市更新事業計畫及權利變換計畫案,,,,鼎美建設股份有限公司,完工,,2016/1/8,,,989,,,權利變換,,ttp://dtrc.com.tw/project_detail/25,,121.52528103703703,25.033554592592594,,,,,,,,,,併送,,,2019年,陳?珍建築師事務所,,,,丹棠開發股份有限公司,
已核定重建更新事業-自行劃定,,北259,,,01臺北市,中山區,,,擬訂臺北市中山區長安段四小段140地號等22筆土地都市更新事業計畫案,,,,潤泰創新國際股份有限公司,核定,,2016/9/7,,,1573,,,權利變換,,,,121.5335361875,25.0477420625,,,,,,,,,,分送,,,,張倫端建築師事務,,,,衡邦工程顧問股份有限公司,
已核定重建更新事業-自行劃定,桓桓溫州,北265,,,01臺北市,大安區,,,擬訂臺北市大安區龍泉段一小段206地號等5筆土地都市更新事業計畫及權利變換計畫案,,,,桓億建設股份有限公司,核定,,2016/11/21,,,1555,,,權利變換,,https://www.dtrc.com.tw/products_detail/tw/development/p9721/,,121.53286208333334,25.02343525,,,,,,,,,,併送,,,,黃模春建築師事務所,,,,丹棠開發股份有限公司,
已核定重建更新事業-自行劃定,日日好日,北263,,,01臺北市,士林區,,,擬訂臺北市士林區芝蘭段四小段130地號等9筆土地都市更新事業計畫案,,,,誠寬建設股份有限公司,完工,,2016/10/28,,,1292.19,,,協議合建,,http://dtrc.com.tw/project_detail/8/,,121.53435029545454,25.10948168181818,,,,,,,,,,-,,,2022,胡永復建築師事務所,,,,丹棠開發股份有限公司,
已核定重建更新事業-自行劃定,璞園貴象,北262,,,01臺北市,中山區,,,擬訂臺北市中山區中山段三小段325地號等9筆土地都市更新事業計畫案,,,,璞永建設股份有限公司,完工,,2016/10/27,,,1087,,,協議合建,,,,121.5240819,25.0569099,,,,,,,,,,-,,,2020年,大尺設計建築師事務所,,,,冠霖不動產顧問股份有限公司,
已核定重建更新事業-自行劃定,天母常玉,北267,,,01臺北市,北投區,,,擬訂臺北市北投區振興段四小段166-2(原168-3)地號等34筆(原35筆)土地都市更新事業計畫案,,,,立樺建設股份有限公司,完工,,2017/1/5,,,3046,,,權利變換,,,,121.51580609615385,25.11510425,,,,,,,,,,分送,,,2025,許玄明建築師事務所,,,,振皓工程顧問股份有限公司,
已核定重建更新事業-自行劃定,恆合江山,北268,,,01臺北市,北投區,,,擬訂臺北市北投區立農段一小段513地號等17筆土地都市更新事業計畫案,,,,恆合建設股份有限公司,完工,,2017/1/10,,,2125,,,協議合建,,http://heng-ho.myweb.hinet.net/,2018年6月公開銷售，3+1~4房68~74坪85萬元/坪起,121.50870348387096,25.11364972580645,,,,,,,,,,-,,,2023,李岳軍建築師事務所,,,,冠霖不動產顧問股份有限公司,
已核定重建更新事業-自行劃定,琢豐,北269,,,01臺北市,中山區,,,擬訂臺北市中山區長安段三小段396地號等3筆土地都市更新事業計畫案,,,,大陸建設股份有限公司,完工,,2017/1/19,,,1712,,,協議合建,,http://www.ur.org.tw/plan/career_view/59,,121.5326065,25.051663,,,,,,,,,,-,,,2021,陳傳宗建築師事務所,,,,財團法人都市更新研究發展基金會,
已核定重建更新事業-自行劃定,鵲喜,北270,,,01臺北市,文山區,,,擬訂臺北市文山區興安段一小段84地號等8筆土地都市更新事業計畫案,,,,德悅建設股份有限公司,完工,,2017/2/9,,,845,,,協議合建,,http://h8.8dm.tw/,●　地　　區：台北市文山區,121.5572384,24.99828146666667,光合行銷股份有限公司,住宅區,13-30坪,台北市興隆路三段192巷2弄,約255坪,預售屋,德悅建設.德聖建設.新富居建設,地上10層.地下3層,50戶,-,,,2020年,金以容建築師事務所,,,,邑相更新規劃股份有限公司,
已核定重建更新事業-自行劃定,四方荷韻,北271,,,01臺北市,中正區,,,擬定臺北市中正區南海段五小段79地號等12筆土地都市更新事業計畫案,,,,四方開發建設股份有限公司,完工,,2017/2/9,,,1009,,,協議合建,,http://www.koos.com.tw/product_news1.asp?id=1,,121.51458425,25.030414625,,,,,,,,,,-,,,2020年,三門聯合建築師事務所,,,,弘傑不動產事業股份有限公司,
已核定重建更新事業-自行劃定,昇陽麗方,北272,,,01臺北市,北投區,,,擬訂臺北市北投區豐年段四小段56地號等6筆土地都市更新事業計畫案,,,,昇陽建設企業股份有限公司,完工,,2017/2/9,,,2612,,,協議合建,,,,121.46835703278688,25.127496672131148,,,,,,,,,,-,,,2021,周夢龍、簡志聰、柯智明建築師事務所,,,,邑相更新規劃股份有限公司,
已核定重建更新事業-自行劃定,LaVie敦南,北273,,,01臺北市,大安區,,,擬訂臺北市大安區仁愛段六小段139-4地號等5筆土地都市更新事業計畫及權利變換計畫案,,,,德悅建設股份有限公司,完工,,2017/2/14,,,799,,,權利變換,,,,121.55270372222222,25.043374333333333,,,,,,,,,,併送,,,2020年,周夢龍、簡志聰、柯智明建築師事務所,,,,力冠丰都市規劃有限公司,
已核定重建更新事業-自行劃定,興洋君冠,北274,,,01臺北市,萬華區,,,擬訂臺北市萬華區福星段二小段576地號等32筆土地都市更新事業計畫及權利變換計畫案,,,,興洋建設股份有限公司,核定,,2017/2/16,,,1403,,,權利變換,,http://www.ur.org.tw/plan/career_view/52,,121.50486182352941,25.04583417647059,,,,,,,,,,併送,,,,吳成榮建築師事務所,,,,財團法人都市更新研究發展基金會,
已核定重建更新事業-自行劃定,,北275,,,01臺北市,中正區,,,(已撤銷)擬訂臺北市中正區河堤段六小段550地號等18筆土地都市更新事業計畫案,,,,合眾建築經理股份有限公司,核定,,2017/2/24,,,1577,,,權利變換,,,2022/07/20撤銷核准,121.51718252631579,25.022937631578948,,,,,,,,,,分送,,,,簡俊卿建築師事務所,,,,城宇國際顧問有限公司,
已核定重建更新事業-自行劃定,,北277,,,01臺北市,大安區,,,擬訂臺北市大安區學府段一小段62地號等19筆土地都市更新事業計畫案,,,,東亞建築經理股份有限公司,核定,,2017/3/8,,,2535,,,權利變換,,,,121.55089744444444,25.024008814814817,,,,,,,,,,分送,,,,黃秀莊建築師事務所,,,,黃秀莊建築師事務所,
已核定重建更新事業-自行劃定,鐫豊,北266,,,01臺北市,中山區,,,擬訂臺北市中山區正義段三小段630地號等13筆土地都市更新事業計畫案,,,,大陸建設股份有限公司,完工,,2016/12/2,,,1756,,,權利變換,,http://www.cecdevelopment.com/v2011/tw/urbanregen/regennew.php?regenid=10&page=1,,121.52234857894737,25.04892463157895,,,,,,,,,,分送,,,2023,PGA周簡聯合建築師事務所,,,,逢達不動產開發顧問股份有限公司,
已核定重建更新事業-自行劃定,,北278,,,01臺北市,中正區,,,擬訂臺北市中正區臨沂段一小段507地號等3筆土地都市更新事業計畫案,,,,東綺建設股份有限公司,核定,,2017/3/22,,,745,,,權利變換,,,,121.52780671428572,25.042304857142856,,,,,,,,,,分送,,,,李文勝建築師事務所,,,,翔宇國際開發顧問有限公司,
已核定重建更新事業-自行劃定,昇陽樹也,北279,,,01臺北市,內湖區,,,擬訂臺北市內湖區碧湖段一小段87-9地號等7筆土地都市更新事業計畫及權利變換計畫案,,,,昇陽建設企業股份有限公司,完工,,2017/3/24,,,1013,,,權利變換,,,,121.5870622,25.088443425,,,,,,,,,,併送,,,2020年,高仲廷建築師事務所,,,,力冠丰都市規劃有限公司,
已核定重建更新事業-自行劃定,元大方圓,北284,,,01臺北市,中山區,,,擬訂臺北市中山區中山段三小段812-2地號等15筆土地都市更新事業計畫及權利變換計畫案,,,,元大建設開發股份有限公司,完工,,2017/5/5,,,2213,,,權利變換,,http://www.ur.org.tw/plan/career_view/61,http://www.yuanta-dvp.com.tw/newBuilding.html,121.52392038461538,25.052515846153845,,,,,,,,,,併送,,,2021,薛昭信建築師事務所,,,,財團法人都市更新研究發展基金會,
已核定重建更新事業-自行劃定,,北285,,,01臺北市,中山區,,,(已撤銷)擬訂臺北市中山區長安段三小段124地號等26筆土地都市更新事業計畫案,,,,水美開發實業股份有限公司,核定,,2017/5/19,,,2323,,,權利變換,,2023/6/19公告撤銷,,121.53621336363636,25.049045181818183,,,,,,,,,,分送,,,,三門聯合建築師事務所,,,,弘傑不動產事業股份有限公司,
已核定重建更新事業-自行劃定,,北139,,,01臺北市,文山區,,,擬訂臺北市文山區興安段二小段68地號等2筆土地都市更新事業計畫案,,,,竣浩建設股份有限公司,核定,,2012/12/21,,,1155,,,權利變換,,,,121.55172871428572,25.001106142857143,,,,,,,,,,分送,,,,李志良建築師事務所,,,,安邦工程顧問股份有限公司,
已核定重建更新事業-自行劃定,耕隱,北286,,,01臺北市,士林區,,,擬訂臺北市士林區三玉段一小段672地號等3筆土地都市更新事業計畫及權利變換計畫案,,,,耕薪都市更新股份有限公司,完工,,2017/6/7,,,623,,,權利變換,,http://www.in-life.com.tw/build/5,SC鋼骨鋼筋混凝土結構,121.5318917,25.109451785185186,,,,,,,,,,併送,,,2021,李文勝建築師事務所,,,,耕磊都市規劃股份有限公司,
已核定重建更新事業-自行劃定,青田青,北164,,,01臺北市,大安區,,,擬訂臺北市大安區金華段二小段445-3地號等2筆土地都市更新事業計畫案,,,,寶舖建設股份有限公司,完工,,2013/7/31,,,589,,,協議合建,,,,121.530647,25.027025333333334,,,,,,,,,,-,,,2017年,卓培煙建築師事務所,,,,力冠丰都市規劃有限公司,
已核定重建更新事業-自行劃定,德運京鼎,北097,,,01臺北市,中山區,,,擬訂臺北市中山區吉林段五小段185地號等21筆土地都市更新事業計畫案,,,,德運建設股份有限公司,完工,,2010/5/5,,,1810,,,權利變換,,,,121.52905925,25.052464083333334,,,,,,,,,,分送,,,2017年,陳傳宗建築師事務所,,,,邑相更新規劃股份有限公司,
已核定重建更新事業-自行劃定,中工鳴森苑,北288,,,01臺北市,松山區,,,擬訂臺北市松山區寶清段一小段57地號等1筆土地都市更新事業計畫案,,,,中華工程股份有限公司,核定,,2017/6/30,,,10034,,,權利變換,,http://www.bes.com.tw/portal_c6_page.php?cnt_id=6,延壽國宅J區海砂屋,121.56635355555555,25.05679622222222,,,,,,,,,,分送,,,,原大聯合建築師事務所,,,,冠霖不動產顧問股份有限公司,
已核定重建更新事業-自行劃定,圓山 ART,北289,,,01臺北市,士林區,,,擬訂臺北市士林區百齡段五小段342地號等19筆土地都市更新事業計畫及權利變換計畫案,,,,聖得福建設開發股份有限公司,完工,,2017/7/14,,,1211,,,權利變換,,https://art.h88.tw/art/,,121.52303642424242,25.082790666666668,,,,,,,,,,併送,,,2022,徐國書建築師事務所,,,,建福都更股份有限公司,
已核定重建更新事業-自行劃定,隱苑,北290,,,01臺北市,萬華區,,,擬訂臺北市萬華區雙園段三小段887-2地號等11筆土地都市更新事業計畫案,,,,時詣建設股份有限公司(原京倫建設),完工,,2017/7/14,,,1565,,,協議合建,,,,121.49472966666667,25.024224296296296,,,,,,,,,,-,,,2022,蕭力仁建築師事務所,,,,弘傑不動產事業股份有限公司,
已核定重建更新事業-自行劃定,,北291,,,01臺北市,松山區,,,擬訂臺北市松山區延吉段一小段119地號等8筆土地都市更新事業計畫及權利變換計畫案,,,,日觀實業股份有限公司,核定,,2017/7/21,,,5457,,,權利變換,,,,121.5568647,25.0467916,,,,,,,,,,併送,,,,大宇建築師事務所,,,,聯創都市更新服務股份有限公司,
已核定重建更新事業-自行劃定,麗盛南京,北292,,,01臺北市,大同區,,,擬訂臺北市大同區玉泉段二小段565地號等8筆土地都市更新事業計畫及權利變換計畫案,,,,良昱建設股份有限公司,完工,,2017/7/26,,,928,,,權利變換,,,,121.50834971428571,25.053274285714284,,,,,,,,,,併送,,,2023,劉昌煥建築師事務所,,,,李欣都市更新股份有限公司,
已核定重建更新事業-自行劃定,丹棠MORI,北293,,,01臺北市,中山區,,,擬訂臺北市中山區正義段三小段418地號等10筆土地都市更事業計畫及權利變換計畫案,,,,丹棠天津股份有限公司,完工,,2017/8/4,,,1219,,,權利變換,,https://www.dtrc.com.tw/products_detail/tw/construction/p9710/,,121.52281128571428,25.050128142857144,,,,,,,,,,併送,,,2022,黃模春建築師事務所,,,,財團法人都市更新研究發展基金會,
已核定重建更新事業-自行劃定,,北294,,,01臺北市,大安區,,,擬訂臺北市大安區學府段四小段125地號等3筆土地都市更新事業計畫案,,,,東基開發建設股份有限公司,核定,,2017/8/9,,,675,,,權利變換,,,,121.5360512857143,25.023956714285713,,,,,,,,,,分送,,,,孫德燿建築師事務所,,,,中華建築經理股份有限公司,
已核定重建更新事業-自行劃定,璞真永吉,北233,,,01臺北市,信義區,,,擬訂臺北市信義區永吉段二小段376地號等30筆土地都市更新事業計畫案,,,,璞真建設股份有限公司,完工,,2015/11/25,,,2430,,,權利變換,,http://www.pj.com.tw/?q=renewal_content/122,,121.57298118181818,25.045285363636363,,,,,,,,,,分送,,,2022,周簡建築師事務所,,,,規模工程顧問有限公司,
已核定重建更新事業-自行劃定,中租御景,北299,,,01臺北市,北投區,,,擬訂臺北市北投區立農段二小段343-3地號等9筆土地都市更新事業計畫案,,,,中租建設開發股份有限公司,完工,,2017/10/3,,,2162.4,,,協議合建,,,,121.510162625,25.1181549375,,,,,,,,,,-,,,2021,三大聯合建築師事務所,,,,李欣都市更新股份有限公司,
已核定重建更新事業-自行劃定,,北301,,,01臺北市,中正區,,,擬訂臺北市中正區南海段二小段164-2地號等6筆土地都市更新事業計畫案,,,,和聚開發股份有限公司(原富邦建設),核定,,2017/10/13,,,1278,,,權利變換,,,,121.5213585,25.027178181818183,,,,,,,,,,分送,,,,呂建勳建築師事務所,,,,丹棠開發(原緯城土地規劃工程顧問有限公司),
已核定重建更新事業-自行劃定,友座哲園,北302,,,01臺北市,萬華區,,,擬訂臺北市萬華區莒光段三小段198-4地號等28筆土地都市更新事業計畫及權利變換計畫案,,,,壕華建設股份有限公司,完工,,2017/10/13,,,1288,,,權利變換,,,,121.49743968965517,25.03167375862069,,,,,,,,,,併送,,,2022,簡俊卿建築師事務所,,,,中興都更事業股份有限公司,
已核定重建更新事業-自行劃定,明日綻,北303,,,01臺北市,中山區,,,擬訂臺北市中山區中山段二小段202地號等12筆土地都市更新事業計畫案,,,,忠泰建設股份有限公司,完工,,2017/10/18,,,1843.44,,,協議合建,,,,121.52228045454545,25.062379545454544,,,,,,,,,,-,,,2022,王克誠建築師事務所,,,,弘傑開發事業股份有限公司,
已核定重建更新事業-自行劃定,阿曼學學,北304,,,01臺北市,中正區,,,擬訂臺北市中正區河堤段四小段276地號等6筆土地都市更新事業計畫案,,,,阿曼開發股份有限公司,完工,,2017/10/20,,,1058,,,協議合建,,,,121.52139828571428,25.024592857142856,,,,,,,,,,-,,,2021,台北國際聯合建築師事務所,,,,禾大國際管理顧問股份有限公司,
已核定重建更新事業-自行劃定,富邦醴仁,北305,,,01臺北市,中正區,,,擬訂臺北市中正區中正段一小段44地號等5筆及臨沂段二小段224-1地號等18筆土地都市更新事業計畫案,,,,喬弘建設股份有限公司,完工,,2017/10/20,,,1229,,,協議合建,,,,121.52890009090909,25.03885890909091,,,,,,,,,,-,,,2023,陳偉新建築師事務所,,,,冠霖不動產顧問股份有限公司,
已核定重建更新事業-自行劃定,,北306,,,01臺北市,松山區,,,擬訂臺北市松山區美仁段一小段800地號等9筆土地都市更新事業計畫案,,,,首泰建設股份有限公司,核定,,2017/10/27,,,2252,,,權利變換,,,實施者自行撤回,121.55084564285714,25.052549071428572,,,,,,,,,,分送,,,,三門聯合建築師事務所,,,,弘傑開發事業股份有限公司,
已核定重建更新事業-自行劃定,新碩華悅,北307,,,01臺北市,萬華區,,,擬訂臺北市萬華區漢中段三小段24地號等39筆土地都市更新事業計畫及權利變換計畫案,,,,新碩建設股份有限公司,完工,,2017/11/3,,,1401,,,權利變換,,http://www.yuanshuo.com.tw/development_project_c.php,,121.50561046153845,25.038882153846153,,,,,,,,,,併送,,,2023,簡俊卿建築師事務所,,,,弘傑不動產事業股份有限公司,
已核定重建更新事業-自行劃定,璞園寬心苑,北318,,,01臺北市,北投區,,,擬訂臺北市北投區崇仰段三小段156地號等23筆土地都市更新事業計畫及權利變換計畫案,,,,璞永建設股份有限公司,完工,,2017/12/15,,,1821.85,,,權利變換,,http://www.pycg.com.tw/upload_files/renewal/1423552230.5956..pdf,,121.52298797727272,25.121700863636363,,,,,,,,,,併送,,,2021,李文勝建築師事務所,,,,信實都市開發股份有限公司,
已核定重建更新事業-自行劃定,華固翡儷,北310,,,01臺北市,北投區,,,擬訂臺北市北投區立農段二小段254地號等2筆土地都市更新事業計畫案,,,,華固建設股份有限公司(原源?),完工,,2017/11/29,,,2741.76,,,協議合建,,http://dtrc.com.tw/project_detail/29/,,121.51017318918919,25.119695243243243,,,,,,,,,,-,,,2022,呂建勳建築師事務所,,,,丹棠開發股份有限公司,
已核定重建更新事業-自行劃定,天母靜好,北317,,,01臺北市,士林區,,,擬訂臺北市士林區三玉段五小段445地號等20筆土地都市更新事業計畫及權利變換計畫案,,,,頂禾開發股份有限公司,完工,,2017/12/15,,,1652.5,,,權利變換,,,,121.52621266666667,25.10836375,,,,,,,,,,併送,,,2022,郭旭原建築師事務所,,,,冠霖不動產顧問股份有限公司,
已核定重建更新事業-自行劃定,聚昇陽,北308,,,01臺北市,中山區,,,擬訂臺北市中山區德惠段二小段813-1地號等6筆土地都市更新事業計畫及權利變換計畫案,,,,昇陽建設企業股份有限公司(原金億城國際資產),完工,,2017/11/24,,,1196.55,,,合建+權變,,,,121.5314368275862,25.063290172413794,,,,,,,,,,併送,,,2023,三門聯合建築師事務所,,,,台灣西堤工程顧問有限公司,
已核定重建更新事業-自行劃定,力麒天沐,北309,,,01臺北市,北投區,,,擬訂臺北市北投區振興段一小段15地號等7筆土地都市更新事業計畫案,,,,力麒建設股份有限公司,完工,,2017/11/24,,,2429,,,協議合建,,,,121.52288373913044,25.11861713043478,,,,,,,,,,-,,,2022,李天鐸建築師事務所,,,,合邑都市更新股份有限公司,
已核定重建更新事業-自行劃定,宏普頤和,北311,,,01臺北市,中山區,,,擬訂臺北市中山區長安段二小段683-2地號等13筆土地都市更新事業計畫及權利變換計畫案,,,,宏普建設股份有限公司(原鴻億開發),完工,,2017/11/29,,,1684,,,權利變換,,,,121.53741561538462,25.045572307692307,,,,,,,,,,併送,,,2023,三門聯合建築師事務所,,,,弘傑開發事業股份有限公司,
已核定重建更新事業-自行劃定,松德,北312,,,01臺北市,信義區,,,擬訂臺北市信義區永春段二小段15地號等18筆土地都市更新事業計畫及權利變換計畫案,,,,長虹建設股份有限公司,完工,,2017/11/29,,,2045,,,權利變換,,,,121.57548623529412,25.036379294117648,,,,,,,,,,併送,,,2025,簡俊卿建築師事務所,,,,丹棠開發股份有限公司,
已核定重建更新事業-自行劃定,華固敦品,北313,,,01臺北市,松山區,,,擬訂臺北市松山區延吉段三小段691地號等10筆土地都市更新事業計畫及權利變換計畫案,,,,華固建設股份有限公司,完工,,2017/12/1,,,1518,,,權利變換,,http://www.huaku.com.tw/portfolio/royal_highness/?utm_source=google&utm_medium=search,,121.54946592307692,25.047365615384617,,,,,,,,,,併送,,,2021,黃永沃建築師事務所,,,,弘傑開發事業股份有限公司,
已核定重建更新事業-自行劃定,溫州院,北315,,,01臺北市,大安區,,,擬訂臺北市大安區龍泉段一小段123地號等6筆土地都市更新事業計畫案,,,,四方開發建設股份有限公司,完工,,2017/12/8,,,2143,,,權利變換,,,,121.53374764285715,25.024359,,,,,,,,,,分送,,,2025,陳傳宗建築師事務所,,,,弘傑不動產事業股份有限公司,
已核定重建更新事業-自行劃定,華固大安學府,北316,,,01臺北市,大安區,,,擬訂臺北市大安區學府段一小段593-1地號等16筆土地都市更新事業計畫案,,,,華固建設股份有限公司,完工,,2017/12/8,,,1808,,,權利變換,,,,121.54372593333333,25.024208533333333,,,,,,,,,,分送,,,2025,陳肇勳建築師事務所,,,,弘傑開發事業股份有限公司,
已核定重建更新事業-自行劃定,川騰仰士林,北319,,,01臺北市,士林區,,,擬訂臺北市士林區百齡段二小段354地號等14筆土地都市更新事業計畫及權利變換計畫案,,,,川騰建設股份有限公司,完工,,2017/12/27,,,2679,,,權利變換,,,,121.52095172307692,25.08698529230769,,,,,,,,,,併送,,,2024,邱垂睿建築師事務所,,,,新意群工程顧問有限公司,
已核定重建更新事業-自行劃定,昆陽園,北321,,,01臺北市,南港區,,,擬訂臺北市南港區玉成段四小段158地號等6筆土地都市更新事業計畫及權利變換計畫案,,,,昶賀建設股份有限公司,完工,,2018/2/2,,,1277,,,權利變換,,,,121.59330261904762,25.048234285714287,,,,,,,,,,併送,,,2020年,蕭力仁建築師事務所,,,,冠霖不動產顧問股份有限公司,
已核定重建更新事業-自行劃定,鐫月,北322,,,01臺北市,士林區,,,擬訂臺北市士林區芝山段一小段127-1地號等6筆土地都市更新事業計畫及權利變換計畫案,,,,大陸建設股份有限公司(原富豊建設),完工,,2018/2/5,,,1611,,,合建+權變,,,,121.53174782051282,25.10870558974359,,,,,,,,,,併送,,,2023,陳傳宗建築師事務所(原十方聯合建築師事務所),,,,弘傑不動產事業股份有限公司(原大展資產顧問),
已核定重建更新事業-自行劃定,,北325,,,01臺北市,中山區,,,(已廢止)擬訂臺北市中山區中山段二小段486地號等13筆土地都市更新事業計畫案,,,,耕薪都市更新股份有限公司,核定,,2018/3/19,,,1502,,,權利變換,,,2022/8/8公告廢止,121.52246985714285,25.060480214285715,,,,,,,,,,分送,,,,陳克聚建築師事務所,,,,耕磊都市規劃股份有限公司,
已核定重建更新事業-自行劃定,,北171,,,,,,,(已撤銷)擬訂臺北市大同區市府段二小段689地號等24筆土地都市更新事業計畫案,,,,,核定,,,,,1350.66,,,,,2017/10/3撤銷公告,,121.51526347826086,25.05185404347826,,,,,,,,,,,,,,,,,,,
已核定重建更新事業-自行劃定,台北之星 / Diamond Towers,北050,,,01臺北市,大安區,,,擬訂臺北市大安區懷生段二小段16地號等6筆土地都市更新事業計畫案,,,,龍麟建設股份有限公司,完工,,2007/12/6,,,5041,,,合建+權變,,權利變換計畫已於2017/3/15公告實施,,121.5420684,25.0412755,,,,,,,,,,分送,,,2022,簡俊卿建築師事務所,,,,中興都更事業股份有限公司,
已核定重建更新事業-自行劃定,聯合大於、聯合大哲,北150,,,01臺北市,信義區,,,擬訂臺北市信義區逸仙段二小段151地號等21筆土地都市更新事業計畫及權利變換計畫案,,,,文茂興業股份有限公司,完工,,2013/2/27,,,6103,,,權利變換,,,,121.56353655555556,25.041664822222224,,,,,,,,,,併送,,,2018年,大元聯合建築師事務所,,,,財團法人都市更新研究發展基金會,
已核定重建更新事業-自行劃定,,北287,,,01臺北市,大安區,,,擬訂臺北市大安區通化段一小段812地號等6筆土地都市更新事業計畫案,,,,富鉅鼎建設股份有限公司,核定,,2017/6/28,,,1386,,,權利變換,,,,121.55586625,25.0315065,,,,,,,,,,分送,,,,施振華建築師事務所,,,,爵鼎都市建築股份有限公司,
已核定重建更新事業-自行劃定,友座君綻-森鄰,北327,,,01臺北市,內湖區,,,擬訂臺北市內湖區康寧段二小段242地號等8筆土地都市更新事業計畫案,,,,壕華建設股份有限公司,完工,,2018/3/30,,,837,,,協議合建,,,,121.59280058333333,25.085927277777778,,,,,,,,,,-,,,2021,張玉樹建築師事務所,,,,安邦工程顧問股份有限公司,
已核定重建更新事業-自行劃定,中正首賦,北329,,,01臺北市,中正區,,,擬訂臺北市中正區南海段一小段529-1地號等21筆土地都市更新事業及權利變換計畫案,,,,國賓大建設股份有限公司,完工,,2018/4/13,,,1269,,,合建+權變,,,,121.519825,25.03325975,,,,,,,,,,併送,,,2021,三門聯合建築師事務所,,,,弘傑城市開發股份有限公司,
已核定重建更新事業-自行劃定,良茂詠?,北330,,,01臺北市,士林區,,,擬訂臺北市士林區百齡段五小段107地號等2筆土地都市更新事業計畫案,,,,良揚投資股份有限公司,核定,,2018/4/20,,,1819,,,權利變換,,,,121.52123130232557,25.083869627906978,,,,,,,,,,分送,,,,寬泉聯合建築師事務所,,,,築璟都市更新有限公司,
已核定重建更新事業-自行劃定,天母仰格,北338,,,01臺北市,士林區,,,擬訂臺北市士林區陽明段一小段19地號等12筆土地都市更新事業計畫及權利變換計畫案,,,,紘石建設股份有限公司,完工,,2018/6/22,,,1523,,,權利變換,,,https://www.ur.org.tw/plan/career_view/46,121.52653661111111,25.099194033333333,,,,,,,,,,併送,,,2024,金以容建築師事務所,,,,財團法人都市更新研究發展基金會,
已核定重建更新事業-自行劃定,圓山帝寶,北349,,,01臺北市,士林區,,,擬訂臺北市士林區百齡段五小段395-1地號等31筆土地都市更新事業計畫案,,,,愛山林建設開發股份有限公司,核定,,2018/9/21,,,1985,,,協議合建,,,,121.52260334883721,25.08215593023256,,,,,,,,,,-,,,,郭秋利建築師事務所,,,,財團法人都市更新研究發展基金會,
已核定重建更新事業-自行劃定,璞園天玉,北348,,,01臺北市,士林區,,,擬訂臺北市士林區天母段三小段96地號等1筆土地都市更新事業計畫及權利變換計畫案,,,,璞元建設股份有限公司,完工,,2018/9/19,,,1552,,,權利變換,,,,121.52799655696202,25.121611367088608,,,,,,,,,,併送,,,2024,吳明杰建築師事務所,,,,邑相更新規劃股份有限公司,
已核定重建更新事業-自行劃定,昭揚天際,北344,,,01臺北市,北投區,,,擬訂臺北市北投區立農段一小段566-2地號等32筆土地都市更新事業計畫及權利變換計畫案,,,,億揚建設股份有限公司,完工,,2018/8/16,,,2104.04,,,權利變換,,,,121.5093146,25.113063333333333,,,,,,,,,,併送,,,2024,邱垂睿建築師事務所,,,,邑相更新規劃股份有限公司,
已核定重建更新事業-自行劃定,,北331,,,01臺北市,中山區,,,擬訂臺北市中山區正義段三小段114地號等10筆土地都市更新事業計畫案,,,,福隆建設股份有限公司,核定,,2018/4/20,,,1186,,,權利變換,,,http://www.fu-long.com.tw/focus_info.aspx?b=11,121.5237058,25.051651266666667,,,,,,,,,,分送,,,,邱垂睿建築師事務所,,,,東亞建築經理股份有限公司,
已核定重建更新事業-自行劃定,璞園。榮,北347,,,01臺北市,中山區,,,擬訂臺北市中山區正義段二小段315地號等9筆土地都市更新事業計畫案,,,,璞永建設股份有限公司,核定,,2018/9/17,,,1194,,,權利變換,,,109/06/23公告廢止轉軌危老,121.52507491666667,25.049963666666667,,,,,,,,,,分送,,,,劉宇傑建築師事務所,,,,里美都市開發股份有限公司,
已核定重建更新事業-自行劃定,碧湖琚,北335,,,01臺北市,內湖區,,,擬訂臺北市內湖區碧湖段二小段475-6地號1筆都市更新事業計畫及權利變換計畫案,,,,臺北市內湖區碧湖段二小段475-6地號1筆土地都市更新會,完工,,2018/6/15,,,379.58,,,權利變換,,,,121.58755539285714,25.081855892857142,,,,,,,,,,併送,,,2022,吳非士建築師事務所,,,,振皓工程顧問股份有限公司,
已核定重建更新事業-自行劃定,富享家,北343,,,01臺北市,內湖區,,,擬訂臺北市內湖區東湖段六小段245-2地號等15筆土地都市更新事業計畫及權利變換計畫案,,,,富享建設股份有限公司,完工,,2018/7/25,,,1642,,,權利變換,,,,121.6064500925926,25.072589944444445,,,,,,,,,,併送,,,2023,吳非士建築師事務所,,,,正宇都市更新股份有限公司,
已核定重建更新事業-自行劃定,國泰悠境,北337,,,01臺北市,南港區,,,擬訂臺北市南港區南港段三小段68-3地號等5筆土地都市更新事業計畫案,,,,國泰建設股份有限公司,完工,,2018/6/22,,,2520,,,權利變換,,,,121.59660717021276,25.054993787234043,,,,,,,,,,分送,,,2025,闕河彬建築師事務所,,,,弘傑開發事業股份有限公司,
已核定重建更新事業-自行劃定,皇鼎一品,北346,,,01臺北市,南港區,,,擬訂臺北市南港區玉成段五小段1地號等13筆土地都市更新事業計畫及權利變換計畫案,,,,皇鼎建設開發股份有限公司,完工,,2018/9/14,,,1941,,,權利變換,,,,121.5855784347826,25.047369347826088,,,,,,,,,,併送,,,2022,黃俊吉建築師事務所,,,,台北再開發規劃股份有限公司,
已核定重建更新事業-自行劃定,登峰大廈,北339,,,01臺北市,大安區,,,擬訂臺北市大安區懷生段二小段316、316-2地號等2筆土地都市更新事業計畫及權利變換計畫案,,,,臺北市大安區懷生段二小段316、316-2地號等2筆土地都市更新會,完工,,2018/6/29,,,988,,,權利變換,,,,121.54323266666667,25.035918777777777,,,,,,,,,,併送,,,2023,彭雙全建築師事務所,,,,中華建築經理股份有限公司,
已核定重建更新事業-自行劃定,永康麗莊,北342,,,01臺北市,大安區,,,擬訂臺北市大安區金華段一小段719地號等11筆土地都市更新事業計畫案,,,,富都新開發建設股份有限公司,核定,,2018/7/25,,,1779,,,權利變換,,,,121.52921405000001,25.0307344,,,,,,,,,,分送,,,,李天鐸建築師事務所,,,,弘傑不動產事業股份有限公司,
已核定重建更新事業-自行劃定,安家藏玉,北340,,,01臺北市,中正區,,,擬訂臺北市中正區臨沂段一小段495-4地號等9筆土地都市更新事業計畫案,,,,安家卓越股份有限公司,完工,,2018/7/5,,,2151.79,,,權利變換,,,,121.528652,25.04264164,,,,,,,,,,分送,,,2025,鄭誌明建築師事務所,,,,鄭誌明建築師事務所,
已核定重建更新事業-自行劃定,耕薪耕玉,北341,,,01臺北市,中正區,,,擬訂臺北市中正區臨沂段三小段318地號等4筆土地都市更新事業計畫及權利變換計畫案,,,,耕薪都市更新股份有限公司,完工,,2018/7/20,,,1067,,,權利變換,,,,121.5302123125,25.034969687500002,,,,,,,,,,併送,,,2024,李文勝建築師事務所,,,,耕磊都市規劃股份有限公司,
已核定重建更新事業-自行劃定,北城羅斯福,北345,,,01臺北市,中正區,,,擬訂臺北市中正區河堤段一小段191地號等26筆土地都市更新事業計畫及權利變換計畫案,,,,北城建設開發股份有限公司,核定,,2018/9/7,,,1119,,,合建+權變,,,,121.52600696,25.02206092,,,,,,,,,,併送,,,,三門聯合建築師事務所,,,,弘傑不動產事業股份有限公司,
已核定重建更新事業-自行劃定,,北350,,,01臺北市,中正區,,,擬訂臺北市中正區永昌段一小段277地號等13筆土地都市更新事業計畫案,,,,全坤建設開發股份有限公司,核定,,2018/9/26,,,1725,,,權利變換,,,,121.51626315789474,25.02486505263158,,,,,,,,,,分送,,,,張昌明建築師事務所,,,,奇模工程有限公司,
已核定重建更新事業-自行劃定,忠泰玉光,北142,,,01臺北市,中山區,,,擬訂臺北市中山區長安段二小段684地號等13筆土地都市更新事業計畫案,,,,台灣領航資產投資股份有限公司,完工,,2013/1/9,,,1386,,,協議合建,,,,121.538063,25.045591529411766,,,,,,,,,,-,,,2016年,林連璋建築師事務所,,,,宏都更新建築股份有限公司,
已核定重建更新事業-自行劃定,沐極,北351,,,01臺北市,文山區,,,擬訂臺北市文山區興安段四小段122地號等29筆土地都市更新事業計畫及權利變換計畫案,,,,金門建設股份有限公司,完工,,2018/10/5,,,1622,,,合建+權變,,,,121.55830066071428,24.9936795,,,,,,,,,,併送,,,2023,葉錠坤建築師事務所,,,,園皓都市規劃有限公司,
已核定重建更新事業-自行劃定,,北352,,,01臺北市,中山區,,,擬訂臺北市中山區中山段一小段639地號等12筆土地都市更新事業計畫案,,,,耕薪都市更新股份有限公司,核定,,2018/10/11,,,1088,,,權利變換,,,,121.5235871,25.0635787,,,,,,,,,,分送,,,,久太聯合建築師事務所,,,,耕磊都市規劃股份有限公司,
已核定重建更新事業-自行劃定,維正里安,北353,,,01臺北市,北投區,,,擬訂臺北市北投區立農段五小段167-1地號等2筆土地都市更新事業計畫及權利變換計畫案,,,,維正建設股份有限公司,完工,,2018/10/26,,,745,,,權利變換,,,,121.50741402941176,25.11951573529412,,,,,,,,,,併送,,,2024,卓培煙建築師事務所,,,,當代都更事業股份有限公司,
已核定重建更新事業-自行劃定,,北354,,,01臺北市,信義區,,,擬訂臺北市信義區雅祥段四小段735地號等44筆土地都市更新事業計畫案,,,,臺北市信義區雅祥段四小段735地號等44筆土地都市更新會,核定,,2018/10/31,,,2110,,,權利變換,,,,121.56604627027028,25.041829621621623,,,,,,,,,,分送,,,,吳家駒建築師事務所、黃芳利建築師事務所,,,,傳家都更開發股份有限公司,
已核定重建更新事業-自行劃定,日健闊,北355,,,01臺北市,士林區,,,擬訂臺北市士林區福順段一小段347地號等16筆土地都市更新事業計畫及權利變換計畫案,,,,日健建設股份有限公司,完工,,2018/11/2,,,1260,,,權利變換,,,,121.5128665,25.08279825,,,,,,,,,,併送,,,2024,金以容建築師事務所,,,,邑相更新規劃股份有限公司,
已核定重建更新事業-自行劃定,,北356,,,01臺北市,內湖區,,,擬訂臺北市內湖區康寧段三小段430-48地號等66筆土地都市更新事業計畫案,,,,巧洋實業股份有限公司,核定,,2018/11/7,,,7664.26,,,權利變換,,,,121.59936523255814,25.07856858139535,,,,,,,,,,分送,,,,簡俊卿建築師事務所,,,,巧洋實業股份有限公司,
已核定重建更新事業-自行劃定,,北358,,,01臺北市,士林區,,,擬訂臺北市士林區芝蘭段四小段159地號等5筆土地都市更新事業計畫案,,,,新宬建設股份有限公司,核定,,2018/11/16,,,1652.99,,,協議合建,,,,121.53471741935483,25.109149096774193,,,,,,,,,,-,,,,黃翔龍建築師事務所,,,,翔宇國際開發顧問股份有限公司,
已核定重建更新事業-自行劃定,,北359,,,01臺北市,松山區,,,擬訂臺北市松山區敦化段一小段49地號等23筆土地都市更新事業計畫案,,,,巧洋實業股份有限公司,核定,,2018/11/23,,,2388,,,合建+權變,,2024/8/29撤銷,,121.54578328125,25.055828875,,,,,,,,,,分送,,,,簡俊卿建築師事務所,,,,簡俊卿建築師事務所,
已核定重建更新事業-自行劃定,忠順大院,北057,,,01臺北市,文山區,,,擬訂臺北市文山區木柵段三小段368地號等14筆土地都市更新事業計畫案,,,,元利建設企業股份有限公司(巧洋實業),完工,,2008/2/29,,,2931.82,,,權利變換,,http://www.ur.org.tw/plan/career_view/67,,121.56519516666667,24.98620355208333,,,,,,,,,,分送,,,2013年,簡俊卿建築師事務所,,,,財團法人都市更新(簡俊卿建築師事務所),
已核定重建更新事業-自行劃定,中華大樓,北361,,,01臺北市,萬華區,,,擬訂臺北市萬華區福星段二小段149地號土地都市更新事業計畫案,,,,國泰建築經理股份有限公司,完工,,2018/11/28,,,1720,,,協議合建,,,,121.50840411111112,25.045091111111113,,,,,,,,,,-,,,2022,潘冀聯合建築師事務所,,,,財團法人都市更新研究發展基金會,
已核定重建更新事業-自行劃定,國泰華威 豐年,北362,,,01臺北市,北投區,,,擬訂臺北市北投區大業段二小段712-1地號等39筆土地都市更新事業計畫案,,,,國泰建設股份有限公司,完工,,2018/12/12,,,3003.64,,,協議合建,,,,121.49695565217391,25.134567695652173,,,,,,,,,,-,,,2023,王克誠建築師事務所,,,,安邦工程顧問股份有限公司,
已核定重建更新事業-自行劃定,,北367,,,01臺北市,中山區,,,擬訂臺北市中山區長春段一小段172-6地號等14筆土地都市更新事業計畫案,,,,NULL基寶建設股份有限公司,核定,,2019/1/4,,,1353,,,權利變換,,,,121.5432669,25.05516155,,,,,,,,,,分送,,,,殷瑋建築師事務所,,,,弘傑城市開發股份有限公司,
已核定重建更新事業-自行劃定,松江御苑,北369,,,01臺北市,中山區,,,擬訂臺北市中山區榮星段六小段306地號等16筆土地都市更新事業計畫及權利變換計畫案,,,,三門聯合建築師事務所,完工,,2019/1/18,,,2307,,,權利變換,,,,121.53540466666666,25.061234166666665,,,,,,,,,,併送,,,2022,三門聯合建築師事務所,,,,東亞建築經理股份有限公司,
已核定重建更新事業-自行劃定,,北371,,,01臺北市,士林區,,,擬訂臺北市士林區百齡段二小段357-1地號等18筆土地都市更新事業計畫及權利變換計畫案,,,,東家建設股份有限公司,,,2019/2/1,,,2015,,,權利變換,,,,121.52037677419355,25.086926548387098,,,,,,,,,,併送,,,,黃翔龍建築師事務所,,,,東禧不動產創新股份有限公司,
已核定重建更新事業-自行劃定,,北376,,,01臺北市,中正區,,,擬訂臺北市中正區臨沂段一小段396地號等3筆土地都市更新事業計畫案,,,,僑福建設股份有限公司,核定,,2019/2/20,,,950,,,協議合建,,,2020/07/08公告廢止轉軌危老,121.529518,25.04107425,,,,,,,,,,,,,,郭旭原建築師事務所,,,,邑相更新規劃股份有限公司,
已核定重建更新事業-自行劃定,,北378,,,01臺北市,內湖區,,,擬訂臺北市內湖區東湖段一小段14-2地號1筆土地都市更新事業計畫案,,,,臺北市內湖區東湖段一小段14-2地號(聯邦合家歡社區福祿區)都市更新會,核定,,2019/2/21,,,1395,,,權利變換,,,,121.61747058620689,25.073099781609194,,,,,,,,,,分送,,,,向度聯合建築師事務所,,,,強生都更事業股份有限公司,
已核定重建更新事業-自行劃定,大湖優境,北A,,,01臺北市,內湖區,,,內湖區康寧段三小段544-10等地號更新案,,,,冠德建設股份有限公司,核定,,1996/1/1,,,1918,,,,,,,121.59733663636364,25.079553272727274,,,,,,,,,,,,,1999年,簡俊卿建築師事務所,,,,巧洋實業股份有限公司,
已核定重建更新事業-自行劃定,北福大稻桯,北E,,,01臺北市,大同區,,,大同區保安街11、13號歷史性建築物暨週邊建物都市更新計畫暨保固維修計畫案(延平段一小段148、149、150、151、152、153地號),,,,北聯榮建設股份有限公司,核定,,1997/1/1,,,1030,,,協議合建,,,,121.51330533333334,25.059416833333334,,,,,,,,,,,,,2003年,林長勳建築師事務所,,,,林長勳建築師事務所,
已核定重建更新事業-自行劃定,,北379,,,01臺北市,松山區,,,擬訂臺北市松山區寶清段二小段353-2地號等21筆土地都市更新事業計畫及權利變換計畫案,,,,富達鋼鐵股份有限公司,核定,,2019/3/18,,,2594,,,權利變換,,,,121.56915481538462,25.05060306153846,,,,,,,,,,併送,,,,簡俊卿建築師事務所,,,,丹棠開發股份有限公司,
已核定重建更新事業-自行劃定,,北381,,,01臺北市,萬華區,,,擬訂臺北市萬華區漢中段三小段218地號等31筆土地都市更新事業計畫案,,,,日健建設股份有限公司,核定,,2019/3/28,,,1894,,,權利變換,,,,121.50448361538461,25.039426692307693,,,,,,,,,,分送,,,,吳非士建築師事務所,,,,弘傑不動產事業股份有限公司,
已核定重建更新事業-自行劃定,永陞奕居,北383,,,01臺北市,大同區,,,擬訂臺北市大同區市府段二小段5-2地號等12筆土地都市更新事業計畫及權利變換計畫案,,,,永陞建設股份有限公司,完工,,2019/4/16,,,843,,,權利變換,,,,121.51731312857143,25.05306864285714,,,,,,,,,,併送,,,2023,黃菘苗建築師事務師,,,,朱文熙建築師事務所,
已核定重建更新事業-自行劃定,幸福安家,北384,,,01臺北市,萬華區,,,擬訂臺北市萬華區華中段二小段191地號等3筆土地都市更新事業計畫及權利變換計畫案,,,,捷順國際開發股份有限公司,完工,,2019/5/14,,,715,,,權利變換,,,,121.49389783333334,25.023324416666668,,,,,,,,,,併送,,,2023,鄭誌明建築師事務所,,,,玉山創意行銷股份有限公司,
已核定重建更新事業-自行劃定,家騰真,北385,,,01臺北市,內湖區,,,擬訂臺北市內湖區東湖段一小段16-11地號等1筆土地都市更新事業計畫案,,,,家騰建設股份有限公司,核定,,2019/5/16,,,1403,,,合建+權變,,,,121.61856307692308,25.07176546153846,,,,,,,,,,分送,,,,蕭家福聯合建築師事務所,,,,奇模工程有限公司,
已核定重建更新事業-自行劃定,,北386,,,01臺北市,士林區,,,擬訂臺北市士林區三玉段三小段140-7地號等4筆土地都市更新事業計畫及權利變換計畫案,,,,東亞建築經理股份有限公司,核定,,2019/5/17,,,570.73,,,權利變換,,,,121.52903833333333,25.115257333333332,,,,,,,,,,併送,,,,黃聖吉建築師事務所,,,,東亞建築經理股份有限公司,
已核定重建更新事業-自行劃定,,北388,,,01臺北市,松山區,,,擬訂臺北市松山區西松段一小段17地號等43筆土地都市更新事業計畫案,,,,元興建設股份有限公司,核定,,2019/5/22,,,5491,,,權利變換,,,,121.55972044736842,25.054285736842104,,,,,,,,,,分送,,,,簡俊卿建築師事務所,,,,邑相更新規劃股份有限公司,
已核定重建更新事業-自行劃定,奇岩綠境,北398,,,01臺北市,北投區,,,擬訂臺北市北投區奇岩段三小段1-1地號等11筆土地都市更新事業計畫案,,,,嘉興發股份有限公司,核定,,2019/7/26,,,1718.95,,,權利變換,,,,121.50841905555555,25.126112055555556,,,,,,,,,,分送,,,,三大聯合建築師事務所,,,,築璟都市更新有限公司,
已核定重建更新事業-自行劃定,,北395,,,01臺北市,大安區,,,擬訂臺北市大安區仁愛段四小段192地號等13筆土地都市更新事業計畫案,,,,基泰建設股份有限公司,核定,,2019/7/24,,,2041,,,權利變換,,,,121.55052466666666,25.035275333333335,,,,,,,,,,分送,,,,姚嘉志建築師事務所,,,,億龍資產管理股份有限公司,
已核定重建更新事業-自行劃定,璞真之道,北402,,,01臺北市,中山區,,,擬訂臺北市中山區中山段三小段111地號等10筆土地都市更新事業計畫案,,,,璞真建設股份有限公司,核定,,2019/8/29,,,1237,,,權利變換,,,https://www.pj.com.tw/tw/project/2/%E7%92%9E%E7%9C%9F%E4%B9%8B%E9%81%93,121.523314,25.059160454545456,,,,,,,,,,分送,,,,陳金水建築師事務所,,,,冠霖不動產顧問股份有限公司,
已核定重建更新事業-自行劃定,永陞林語堂,北403,,,01臺北市,中正區,,,擬訂臺北市中正區河堤段五小段399地號等3筆土地都市更新事業計畫及權利變換計畫案,,,,永陞建設股份有限公司,完工,,2019/9/6,,,1078,,,權利變換,,,,121.518754,25.023767333333332,,,,,,,,,,併送,,,2024,呂建勳建築師事務所,,,,奇模工程有限公司,
已核定重建更新事業-自行劃定,,北400,,,01臺北市,士林區,,,擬訂臺北市士林區福林段三小段456地號等23筆土地都市更新事業計畫案,,,,碩樺建設股份有限公司,核定,,2019/8/14,,,1038,,,權利變換,,,,121.527851,25.097491714285713,,,,,,,,,,分送,,,,謝佑祥建築師事務所,,,,振皓工程顧問股份有限公司,
已核定重建更新事業-自行劃定,敦南琴朗,北390,,,01臺北市,大安區,,,擬訂臺北市大安區學府段一小段509-1地號等26筆土地都市更新事業計畫及權利變換計畫案,,,,惟瓦地建設股份有限公司,完工,,2019/6/21,,,1162,,,權利變換,,,,121.54750311111111,25.021399888888887,,,,,,,,,,併送,,,2025,卓培煙建築師事務所,,,,卓培煙建築師事務所,
已核定重建更新事業-自行劃定,,北391,,,01臺北市,大同區,,,擬訂臺北市大同區圓環段三小段643地號等44筆土地都市更新事業計畫案,,,,潤泰創新國際股份有限公司,核定,,2019/6/24,,,2481,,,權利變換,,,,121.51426945454546,25.05633209090909,,,,,,,,,,分送,,,,張倫端建築師事務所,,,,安邦工程顧問股份有限公司,
已核定重建更新事業-自行劃定,潤泰大安富陽,北392,,,01臺北市,大安區,,,擬訂臺北市大安區辛亥段四小段482地號等1筆土地都市更新事業計畫及權利變換計畫案,,,,潤泰創新國際股份有限公司,完工,,2019/6/26,,,20156,,,權利變換,,,,121.55780866666667,25.017327466666668,,,,,,,,,,併送,,,2024,張倫端建築師事務所,,,,安邦工程顧問股份有限公司,
已核定重建更新事業-自行劃定,揚昇君悅,北394,,,01臺北市,松山區,,,擬訂臺北市松山區敦化段三小段552地號等28筆土地都市更新事業計畫案,,,,睦昇建設股份有限公司,核定,,2019/7/12,,,1613,,,合建+權變,,,,121.54422025,25.046901875,,,,,,,,,,分送,,,,廖建彰聯合建築師事務所,,,,緯城土地規劃工程顧問有限公司,
已核定重建更新事業-自行劃定,,北404,,,01臺北市,大安區,,,擬訂臺北市大安區龍泉段二小段771地號等27筆土地都市更新事業計畫案,,,,立樺建設股份有限公司,核定,,2019/9/6,,,1944.75,,,權利變換,,,,121.5305768,25.02155675,,,,,,,,,,分送,,,,許玄明建築師事務所,,,,振皓工程顧問股份有限公司,
已核定重建更新事業-自行劃定,,北408,,,01臺北市,大安區,,,擬訂臺北市大安區龍泉段一小段393地號等17筆土地都市更新事業計畫案,,,,潤泰創新國際股份有限公司,核定,,2019/9/19,,,2911,,,權利變換,,,,121.53253906666667,25.021606333333335,,,,,,,,,,分送,,,,李安憲建築師事務所,,,,邑相更新規劃股份有限公司,
已核定重建更新事業-自行劃定,擎天森林,北393,,,01臺北市,南港區,,,擬訂臺北市南港區南港段三小段72-1地號等7筆土地都市更新事業計畫案,,,,亞昕國際開發股份有限公司(原興富發建設),完工,,2019/7/4,,,5994,,,協議合建,,,,121.599322875,25.055496625,,,,,,,,,,,,,2024,梁正芳建築師事務所,,,,舜磐創新有限公司,
已核定重建更新事業-自行劃定,萬企大業,北409,,,01臺北市,北投區,,,擬訂臺北市北投區大業段三小段762地號等31筆土地都市更新事業計畫及權利變換計畫案,,,,萬企建設股份有限公司,完工,,2019/10/2,,,4758,,,權利變換,,,https://vank.com.tw/%e9%97%9c%e6%96%bc%e6%88%91%e5%80%91/,121.4969055,25.1308254,,,,,,,,,,併送,,,2025,簡俊卿建築師事務所,,,,奇模工程有限公司,
已核定重建更新事業-自行劃定,,北411,,,01臺北市,信義區,,,擬訂臺北市信義區永春段三小段22-7地號等3筆土地都市更新事業計畫及權利變換計畫案,,,,中華建築經理股份有限公司,核定,,2019/10/10,,,1025,,,權利變換,,,,121.58176626666666,25.032311733333334,,,,,,,,,,併送,,,,吳成榮建築師事務所,,,,上築國際規劃設計顧問有限公司,
已核定重建更新事業-自行劃定,吉美信義,北413,,,01臺北市,文山區,,,擬訂臺北市文山區萬芳段二小段183-1地號等30筆土地都市更新事業計畫及權利變換計畫案,,,,吉美建設事業股份有限公司,完工,,2019/10/18,,,2498.43,,,權利變換,,,,121.57042582978724,24.99626585106383,,,,,,,,,,併送,,,2023,黃永沃建築師事務所,,,,力冠丰都市規劃有限公司,
已核定重建更新事業-自行劃定,廣宇江南,北412,,,01臺北市,內湖區,,,擬訂臺北市內湖區文德段二小段615地號1筆土地都市更新事業計畫案,,,,廣宇建設實業股份有限公司,核定,,2019/10/17,,,1194,,,權利變換,,,,121.57795357894737,25.076477736842104,,,,,,,,,,分送,,,,大壯聯合建築師事務所,,,,財團法人都市更新研究發展基金會,
已核定重建更新事業-自行劃定,,北414,,,01臺北市,萬華區,,,擬訂臺北市萬華區萬華段二小段268-2地號等35筆(原34筆)土地都市更新事業計畫案,,,,三雋建設事業股份有限公司,核定,,2019/10/18,,,1840,,,合建+權變,,,,121.5029133939394,25.035517303030304,,,,,,,,,,分送,,,,黃翔龍建築師事務所,,,,翔宇國際開發顧問有限公司,
已核定重建更新事業-自行劃定,,北435,,,01臺北市,士林區,,,(已廢止)擬訂臺北市士林區福林段三小段474地號等13筆(原10筆)土地都市更新事業計畫案,,,,億擎建設股份有限公司,已核定,,2020/1/17,,,1614,,,權利變換,,2023/11/29公告廢止,,121.5279755,25.0971157,,,,,,,,,,分送,,,,張中卓建築師事務所,,,,宏盛開發股份有限公司,
已核定重建更新事業-自行劃定,,北433,,,01臺北市,中山區,,,擬訂臺北市中山區北安段一小段25地號等2筆土地都市更新事業計畫案,,,,潤泰創新國際股份有限公司,,,2020/1/15,,,3248,,,權利變換,,,,121.5557544,25.0852086,,,,,,,,,,分送,,,,張倫端建築師事務所,,,,邑相更新規劃股份有限公司,
已核定重建更新事業-自行劃定,,北432,,,01臺北市,大安區,,,擬訂臺北市大安區金華段一小段110-2地號等14筆土地都市更新事業計畫及權利變換計畫案,,,,德運建設股份有限公司,完工,,2020/1/10,,,1220,,,權利變換,,,,121.53103714285714,25.033329285714284,,,,,,,,,,併送,,,2025,元宏聯合建築師事務所,,,,新峰都更事業股份有限公司,
已核定重建更新事業-自行劃定,,北431,,,01臺北市,北投區,,,擬訂臺北市北投區溫泉段二小段142地號1筆土地都市更新事業計畫及權利變換計畫案,,,,成家開發建設股份有限公司,,,2020/1/10,,,648,,,權利變換,,,,121.5052645,25.1338477,,,,,,,,,,併送,,,,許世偉建築師事務所、玉山頌建築師事務所,,,,意山設計有限公司,
已核定重建更新事業-自行劃定,璞玥,北429,,,01臺北市,北投區,,,擬訂臺北市北投區文林段三小段397地號等8筆土地都市更新事業計畫案,,,,璞全建設股份有限公司,完工,,2019/12/25,,,1000.04,,,權利變換,,,,121.5166308125,25.1085,,,,,,,,,,分送,,,2025,劉宇傑建築師事務所,,,,里美都市開發股份有限公司,
已核定重建更新事業-自行劃定,瓏山林玥河,北436,,,01臺北市,萬華區,,,擬訂臺北市萬華區直興段一小段373地號等12筆土地都市更新事業計畫及權利變換計畫案,,,,瓏山林建設股份有限公司,完工,,2020/1/17,,,1545,,,合建+權變,,,,121.50097794444444,25.042429277777778,,,,,,,,,,併送,,,2024,瓏山林聯合建築師事務所,,,,力冠丰都市規劃有限公司,
已核定重建更新事業-自行劃定,富邦金華名園,北427,,,01臺北市,中正區,,,擬訂臺北市中正區南海段一小段687地號等12筆土地都市更新事業計畫及權利變換計畫案,,,,富享建設股份有限公司,完工,,2019/12/24,,,837,,,權利變換,,,,121.518692375,25.032751375,,,,,,,,,,併送,,,2025,吳非士建築師事務所,,,,正宇都市更新股份有限公司,
已核定重建更新事業-自行劃定,,北426,,,01臺北市,大安區,,,擬訂臺北市大安區大安段一小段19地號等2筆土地都市更新事業計畫案,,,,百世多麗投資開發股份有限公司,,,2019/12/18,,,1089,,,協議合建,,,,121.5482624,25.0325351,,,,,,,,,,,,,,陳克聚建築師事務所,,,,財團法人都市更新研究發展基金會,
已核定重建更新事業-自行劃定,吾雙,北425,,,01臺北市,大安區,,,擬訂臺北市大安區通化段一小段113地號等19筆土地都市更新事業計畫案,,,,華璞建設股份有限公司,,,2019/12/18,,,4797,,,權利變換,,,,121.55698736363637,25.032541090909092,,,,,,,,,,分送,,,,簡俊卿建築師事務所,,,,財團法人都市更新研究發展基金會,
已核定重建更新事業-自行劃定,環宇大樓,北424,,,01臺北市,松山區,,,擬訂臺北市松山區敦化段一小段28地號等2筆土地都市更新事業計畫案,,,,國泰建築經理股份有限公司,完工,,2019/11/29,,,4144,,,協議合建,,,https://www.dtrc.com.tw/products_detail/tw/consultant/p10226/,121.5465015,25.057310833333332,,,,,,,,,,,環宇大樓,,2025,陳傳宗建築師事務所,,,,丹棠開發股份有限公司,
已核定重建更新事業-自行劃定,,北419,,,01臺北市,士林區,,,擬訂臺北市士林區天山段二小段121地號等5筆土地都市更新事業計畫及權利變換計畫案,,,,臺北市士林區天山段二小段121地號等5筆土地都市更新會,,,2019/11/8,,,1323.04,,,權利變換,,,,121.53590288235294,25.11846905882353,,,,,,,,,,併送,,,,吳非士建築師事務所,,,,中華建築經理股份有限公司,
已核定重建更新事業-自行劃定,,北420,,,01臺北市,大安區,,,擬訂臺北市大安區大安段一小段95-2地號等12筆土地都市更新事業計畫案,,,,中華郵政股份有限公司,,,2019/11/13,,,3781,,,協議合建,,,,121.54642612500001,25.032970249999998,,,,,,,,,,,,,,宗邁建築師事務所,,,,聯創都市更新服務股份有限公司,
已核定重建更新事業-自行劃定,閱讀中研,北422,,,01臺北市,南港區,,,擬訂臺北市南港區中南段四小段105地號(原90地號)等13筆(原24筆)土地都市更新事業計畫及權利變換計畫案,,,,廣宇實業建設股份有限公司,完工,,2019/11/13,,,1867,,,權利變換,,,,121.61921292857143,25.0410395,,,,,,,,,,併送,,,2024,李岳軍建築師事務所,,,,力冠丰都市規劃有限公司,
已核定重建更新事業-自行劃定,,北423,,,01臺北市,北投區,,,擬訂臺北市北投區文林段三小段915-2地號等8筆土地都市更新事業計畫案,,,,璞慶建設股份有限公司,,,2019/11/21,,,1028,,,權利變換,,,,121.51637528571429,25.106785857142857,,,,,,,,,,分送,,,,邑相國際工程顧問有限公司,,,,璞慶建設股份有限公司,
已核定重建更新事業-自行劃定,全陽豐會,北332,,,01臺北市,士林區,,,擬訂臺北市士林區福林段三小段236地號等19筆土地都市更新事業及權利變換計畫案,,,,全陽建設股份有限公司,完工,,2018/5/11,,,2031,,,權利變換,,,,121.52731531578947,25.09929605263158,,,,,,,,,,併送,,,2024,江培珩建築師事務所,,,,力冠丰都市規劃有限公司,
已核定重建更新事業-自行劃定,景美聯山,北276,,,01臺北市,文山區,,,擬訂臺北市文山區萬慶段二小段6地號等41筆土地都市更新事業計畫及權利變換計畫案,,,,景美開發股份有限公司,完工,,2017/3/1,,,3790,,,權利變換,,,,121.54033825714286,24.994709457142857,,,,,,,,,,併送,,,2022,王德生建築師事務所,,,,邑相更新規劃股份有限公司,
已核定重建更新事業-自行劃定,天母桓琚,北437,,,01臺北市,士林區,,,擬訂臺北市士林區天山段二小段114地號等2筆土地都市更新事業計畫及權利變換計畫案,,,,桓鉅建設股份有限公司,完工,,2020/1/22,,,740.81,,,權利變換,,,,121.535847,25.119193214285715,,,,,,,,,,併送,,,2024,元創建築師事務所,,,,邑相更新規劃股份有限公司,
已核定重建更新事業-自行劃定,,北442,,,01臺北市,大安區,,,擬訂臺北市大安區復興段二小段142地號等15筆土地都市更新事業計畫案,,,,璞慶建設股份有限公司,,,2020/3/18,,,1416,,,權利變換,,,,121.54480173333333,25.040826533333334,,,,,,,,,,分送,,,,大硯建築師事務所,,,,台北再開發規劃股份有限公司,
已核定重建更新事業-自行劃定,,北443,,,01臺北市,士林區,,,擬訂臺北市士林區三玉段三小段300地號等1筆土地都市更新事業計畫及權利變換計畫案,,,,璞鈺建設股份有限公司,,,2020/3/25,,,652,,,權利變換,,,,121.52917325,25.112912083333335,,,,,,,,,,併送,,,,高仲廷建築師事務所,,,,程煦實業有限公司,
已核定重建更新事業-自行劃定,,北444,,,01臺北市,內湖區,,,擬訂臺北市內湖區碧湖段三小段1-2地號等12筆土地都市更新事業計畫案,,,,德盷建設股份有限公司,,,2020/4/10,,,1253,,,權利變換,,,,121.58620572222222,25.083651833333334,,,,,,,,,,分送,,,,昌瑜建築師事務所,,,,里美都市開發股份有限公司,
已核定重建更新事業-自行劃定,躍大直,北445,,,01臺北市,中山區,,,擬訂臺北市中山區北安段一小段165地號等3筆土地都市更新事業計畫及權利變換計畫案,,,,聖得福建設開發股份有限公司,,,2020/5/1,,,2523,,,權利變換,,,,121.5471955,25.0845598,,,,,,,,,,併送,,,,徐國書建築師事務所,,,,建福都更股份有限公司,
已核定重建更新事業-自行劃定,富邦藝樹,北446,,,01臺北市,大安區,,,擬訂臺北市大安區仁愛段六小段244地號等10筆土地都市更新事業計畫及權利變換計畫案,,,,富邦建設股份有限公司,完工,,2020/5/8,,,1304,,,權利變換,,,,121.5494033,25.0440793,,,,,,,,,,併送,,,2024,薛昭信建築師事務所,,,,台北再開發規劃股份有限公司,
已核定重建更新事業-自行劃定,陽明致遠,北447,,,01臺北市,北投區,,,擬訂臺北市北投區文林段四小段176地號等13筆土地都市更新事業計畫案,,,,士林開發股份有限公司,完工,,2020/5/27,,,1613,,,協議合建,,,,121.512958,25.113703454545455,,,,,,,,,,,,,2024,郭旭原建築師事務所,,,,弘傑城市開發股份有限公司,
已核定重建更新事業-自行劃定,敦南霖園,北448,,,,,,,擬訂臺北市大安區復興段三小段3地號等2筆土地都市更新事業計畫及權利變換計畫案,,,,國泰建設股份有限公司,,,2020/5/29,,,1092,,,權利變換,,,,121.5483297,25.0365423,,,,,,,,,,併送,,,,大元聯合建築師事務所,,,,安邦工程顧問股份有限公司,
已核定重建更新事業-自行劃定,揚昇君隆,北452,,,01臺北市,松山區,,,擬訂臺北市松山區西松段一小段742地號等24筆土地都市更新事業計畫案,,,,揚昇建設股份有限公司,,,2020/6/20,,,2857,,,協議合建,,,,121.55770085714286,25.052403,,,,,,,,,,,,,,宏景聯合建築師事務所,,,,永旭都市更新股份有限公司,
已核定重建更新事業-自行劃定,,北455,,,01臺北市,大安區,,,擬訂臺北市大安區懷生段三小段294地號等7筆土地都市更新事業計畫及權利變換計畫案,,,,璞真建設股份有限公司,完工,,2020/7/31,,,2191,,,權利變換,,,,121.53654057142857,25.039948,,,,,,,,,,併送,,,2025,三門聯合建築師事務所,,,,冠霖不動產顧問股份有限公司,
已核定重建更新事業-自行劃定,統創翼,北456,,,01臺北市,大安區,,,擬訂臺北市大安區懷生段三小段249地號等26筆土地都市更新事業計畫案,,,,統創建設股份有限公司,核定,,2020/8/6,,,1447,,,權利變換,,,,121.53706816666667,25.040450333333332,,,,,,,,,,,,,,李天鐸建築師事務所,,,,財團法人都市更新研究發展基金會,
已核定重建更新事業-自行劃定,,北458,,,01臺北市,內湖區,,,擬訂臺北市內湖區文德段二小段232地號等4筆土地都市更新事業計畫及權利變換計畫案,,,,康厝建設,,,2020/8/27,,,1643,,,權利變換,,,,121.5818918125,25.0780585,,,,,,,,,,併送,,,,黃翔龍建築師事務所,,,,振皓工程顧問股份有限公司,
已核定重建更新事業-自行劃定,,北459,,,01臺北市,中正區,,,擬訂臺北市中正區福和段一小段694地號等18筆土地都市更新事業計畫案,,,,璞真誠美建築開發股份有限公司,,,2020/9/9,,,2101,,,權利變換,,,,121.53140512499999,25.0169665,,,,,,,,,,分送,,,,周夢龍建築師事務所、簡志聰建築師事務所,,,,里美都市開發股份有限公司,
已核定重建更新事業-自行劃定,大陸耑序,北462,,,01臺北市,大安區,,,擬訂臺北市大安區仁愛段六小段418-1地號等5筆土地都市更新事業計畫及權利變換計畫案,,,,大陸建設股份有限公司,,,2020/9/16,,,2336,,,權利變換,,,,121.5504271111111,25.042371222222222,,,,,,,,,,併送,,,,陳傳宗建築師事務所,,,,力冠丰都市規劃有限公司,
已核定重建更新事業-自行劃定,,北464,,,01臺北市,北投區,,,擬訂臺北市北投區文林段三小段838-1地號等7筆土地都市更新事業計畫及權利變換計畫案,,,,碩樺建設股份有限公司,,,2020/9/28,,,789.4,,,權利變換,,,,121.5155725,25.1073418,,,,,,,,,,併送,,,,謝佑祥建築師事務所,,,,安邦工程顧問股份有限公司,
已核定重建更新事業-自行劃定,,北466,,,01臺北市,南港區,,,擬訂臺北市南港區南港段三小段316地號等3筆土地都市更新事業計畫案,,,,中華工程股份有限公司,,,2020/10/22,,,2212,,,權利變換,,,,121.59624258333334,25.0551495,,,,,,,,,,分送,,,,原大聯合建築師事務所,,,,亞伯土地開發股份有限公司,
已核定重建更新事業-自行劃定,,北468,,,01臺北市,北投區,,,擬訂臺北市北投區新民段二小段297地號等9筆土地都市更新事業計畫及權利變換計畫案,,,,建成開發股份有限公司,,,2020/11/20,,,2060.4,,,權利變換,,,,121.50645753846153,25.139333923076922,,,,,,,,,,併送,,,,薛昭信建築師事務所,,,,新意群工程顧問有限公司,
已核定重建更新事業-自行劃定,筑丰敦匯,北469,,,01臺北市,松山區,,,擬訂臺北市松山區美仁段二小段831-3地號等14筆土地都市更新事業計畫案,,,,筑丰興業股份有限公司,,,2020/11/25,,,1801,,,協議合建,,,,121.55308722222222,25.049567555555555,,,,,,,,,,,,,,李文勝建築師事務所,,,,財團法人都市更新研究發展基金會,
已核定重建更新事業-自行劃定,敦南金融大樓,北470,,,01臺北市,大安區,,,擬訂臺北市大安區仁愛段二小段687地號等2筆(原1筆)土地都市更新事業計畫案,,,,寶豐隆興業股份有限公司,,,2020/11/26,,,4531,,,自地自建,,,,121.54951066666666,25.039351166666666,,,,,,,,,,,,,,大元聯合建築師事務所,,,,丹棠開發股份有限公司,
已核定重建更新事業-自行劃定,碧湖雲景,北471,,,01臺北市,內湖區,,,擬訂臺北市內湖區碧湖段四小段410地號等8筆（原4筆）土地都市更新事業計畫案,,,,士林開發股份有限公司,,,2020/11/27,,,3067,,,權利變換,,更新前:明園大廈,,121.57659204,25.08007028,,,,,,,,,,分送,,,,三門聯合建築師事務所,,,,財團法人都市更新研究發展基金會,
已核定重建更新事業-自行劃定,,北453,,,,,,,擬訂臺北市萬華區雙園段三小段741-3地號等23筆土地都市更新事業計畫案,,,,富翊發建設股份有限公司,,,2020/7/8,,,1859,,,權利變換,,,,121.49142757142857,25.023944285714286,,,,,,,,,,,,,,吳成榮建築師事務所,,,,上築國際規劃設計顧問有限公司,
已核定重建更新事業-自行劃定,忠泰繪,北397,,,,,,,擬訂臺北市中山區中山段一小段246地號等2筆土地都市更新事業計畫案,,,,忠泰建設股份有限公司,完工,,2019/7/25,,,895,,,協議合建,,,,121.52382114285714,25.066508285714285,,,,,,,,,,,,,2023,蔣澤益建築師事務所,,,,園皓都市規劃有限公司,
已核定重建更新事業-自行劃定,信義The 1,北363,,,,,,,擬訂臺北市信義區永吉段四小段105地號等7筆土地都市更新事業計畫及權利變換計畫案,,,,僑馥建築經理股份有限公司(原為：東其建設股份有限公司),完工,,2018/12/19,,,941,,,權利變換,,,,121.57514311111112,25.041972,,,,,,,,,,,,,2024,黃秀莊建築師事務所,,,,大展資產顧問股份有限公司,
已核定重建更新事業-自行劃定,,北472,,,01臺北市,北投區,,,擬訂臺北市北投區大業段一小段401地號等10筆土地都市更新及權利變換計畫案,,,,達永開發股份有限公司,權變核定,,2020/12/2,,,1298,,,權利變換,,,,121.5001425,25.134664125,,,,,,,,,,,,,,黃秀莊建築師事務所,,,,黃秀莊建築師事務所,
已核定重建更新事業-自行劃定,,北473,,,01臺北市,大同區,,,擬訂臺北市大同區市府段二小段12地號等13筆土地都市更新事業計畫計畫案,,,,潤泰創新國際股份有限公司,核定,,2020/12/23,,,1113,,,權利變換,,,,121.51696357142858,25.053162142857143,,,,,,,,,,,,,,張倫端建築師事務所,,,,安邦工程顧問股份有限公司,
已核定重建更新事業-自行劃定,,北479,,,01臺北市,中山區,,,擬訂臺北市中山區長春段一小段764地號等2筆土地都市更新事業計畫及權利變換計畫案,,,,中國建築經理股份有限公司,施工中,,2021/2/5,,,2636,,,權利變換,,,,121.54366233333333,25.0523785,,,,,,,,,,併送,,,,呂建勳建築師事務所,,,,財團法人都市更新研究發展基金會,
已核定重建更新事業-自行劃定,,北478,,,01臺北市,松山區,,,擬訂臺北市松山區敦化段五小段2地號等4筆土地都市更新事業計畫案,,,,國泰建設股份有限公司,權變審議,,2021/2/4,,,1137,,,權利變換,,,,121.5492095,25.059796166666665,,,,,,,,,,分送,,,,陳傳宗建築師事務所,,,,丹棠開發股份有限公司,
已核定重建更新事業-自行劃定,,北475,,,01臺北市,內湖區,,,擬訂臺北市內湖區文德段二小段369-2地號等67筆土地都市更新事業計畫案,,,,潤泰創新國際股份有限公司,已核定,,2021/1/15,,,4438,,,權利變換,,,,121.58054368,25.076372,,,,,,,,,,分送,,,,張倫端建築師事務所,,,,邑相更新規劃股份有限公司,
已核定重建更新事業-自行劃定,,北482,,,01臺北市,松山區,,,擬訂臺北市松山區民生段77地號等10筆土地都市更新事業計畫案,,,,東基開發建設股份有限公司,權變審議,,2021/4/15,,,3158,,,權利變換,,,,121.56106686666666,25.058228,,,,,,,,,,分送,,,,宏達建築師事務所,,,,宏盛創新規畫股份有限公司,
已核定重建更新事業-自行劃定,,北494,,,,,,,擬訂臺北市松山區敦化段二小段449-12地號等25筆土地都市更新事業計畫及權利變換計畫案,,,,金朋建設股份有限公司,核定,,2021/8/20,,,3235,,,權利變換,,,,121.54489179166667,25.04917645833333,,,,,,,,,,,,,,郭旭原建築師事務所,,,,邑相更新規劃股份有限公司,
已核定重建更新事業-自行劃定,,北484,,,,,,,擬訂臺北市文山區木柵段一小段601地號等11筆土地都市更新事業計畫案,,,,福隆建設股份有限公司,核定,,2021/6/9,,,3080,,,權利變換,,,,121.56651362068965,24.989659137931035,,,,,,,,,,,,,,邱垂睿建築師事務所,,,,東亞建築經理股份有限公司,
已核定重建更新事業-自行劃定,,北496,,,,,,,擬訂臺北市文山區萬隆段一小段188地號等12筆土地都市更新事業計畫案,,,,住欣建設股份有限公司,核定,,2021/9/8,,,1029,,,權利變換,,,,121.5382925,25.007087545454546,,,,,,,,,,,,,,場域設計有限公司、周錦鴻建築師事務所,,,,安邦工程顧問股份有限公司,
已核定重建更新事業-自行劃定,,北501,,,,,,,擬訂臺北市大同區市府段二小段83地號等20筆土地都市更新事業計畫案,,,,璞真建設股份有限公司,核定,,2021/9/16,,,2144,,,權利變換,,,,121.51629858333334,25.0528935,,,,,,,,,,,,,,張矩墉建築師事務所,,,,冠霖不動產顧問股份有限公司,
已核定重建更新事業-自行劃定,,北499,,,,,,,擬訂臺北市信義區吳興段一小段330地號等43筆土地都市更新事業計畫及權利變換計畫案,,,,欣偉傑建設股份有限公司,核定,,2021/9/15,,,4705.64,,,權利變換,,,,121.56498526923077,25.026219346153844,,,,,,,,,,,,,,周夢龍建築師事務所、簡志聰建築師事務所、柯智明建築師事務所,,,,園皓都市規劃有限公司,
已核定重建更新事業-自行劃定,,北497,,,,,,,擬訂臺北市大安區通化段五小段242地號等10筆土地都市更新事業計畫及權利變換計畫案,,,,聯勤建設實業股份有限公司,核定,,2021/9/9,,,913,,,權利變換,,,,121.55094216666667,25.032020833333334,,,,,,,,,,,,,,蘇富源建築師事務所,,,,財團法人都市更新研究發展基金會,
已核定重建更新事業-自行劃定,,北498,,,,,,,擬訂臺北市中山區吉林段三小段1021地號等13筆土地都市更新事業計畫及權利變換計畫案,,,,茂崴建設股份有限公司,核定,,2021/9/14,,,1208,,,權利變換,,,,121.5266273,25.058373,,,,,,,,,,,,,,張玉樹建築師事務所,,,,冠霖不動產顧問股份有限公司,
已核定重建更新事業-自行劃定,,北503,,,,,,,擬訂臺北市士林區永新段二小段55地號等12筆土地都市更新事業計畫及權利變換計畫案,,,,宗盛建設股份有限公司,核定,,2021/9/30,,,2128,,,權利變換,,,,121.5042769090909,25.088655863636365,,,,,,,,,,,,,,李浩原建築師事務所,,,,冠霖不動產顧問股份有限公司,
已核定重建更新事業-自行劃定,,北502,,,,,,,擬訂臺北市北投區文林段三小段39地號等13筆土地都市更新事業計畫案,,,,瓏山林興業股份有限公司,核定,,2021/9/28,,,1804,,,合建+權變,,,,121.5161164,25.110207,,,,,,,,,,,,,,瓏山林聯合建築師事務所,,,,園皓都市規劃有限公司,
已核定重建更新事業-自行劃定,,北489,,,,,,,擬訂臺北市大安區龍泉段二小段745地號等6筆土地都市更新事業計畫案,,,,連雲建設股份有限公司,核定,,2021/8/4,,,720,,,協議合建,,,,121.531245375,25.022101625,,,,,,,,,,,,,,李文勝建築師事務所,,,,弘傑城市開發股份有限公司,
已核定重建更新事業-自行劃定,,北504,,,,,,,擬訂臺北市信義區逸仙段二小段69地號等3筆土地都市更新事業計畫及權利變換計畫案,,,,珍進股份有限公司,核定,,2021/10/26,,,583,,,權利變換,,,,121.56380954545455,25.043053272727274,,,,,,,,,,,,,,邱垂睿建築師事務所,,,,朱文熙建築師事務所,
已核定重建更新事業-自行劃定,,北506,,,,,,,擬訂臺北市松山區寶清段二小段155地號等25筆土地都市更新事業計畫及權利變換計畫案,,,,泰鼎臨建設開發股份有限公司,核定,,2021/11/10,,,1637,,,權利變換,,,,121.571215,25.050246833333333,,,,,,,,,,,,,,張志誠建築師事務所,,,,中華建築經理股份有限公司,
已核定重建更新事業-自行劃定,,北522,,,,,,,擬訂臺北市信義區吳興段二小段871-13地號等4筆土地都市更新事業計畫及權利變換計畫案,,,,凱泰建設股份有限公司,核定,,2022/3/30,,,1364,,,權利變換,,,,121.569493375,25.017264625,,,,,,,,,,,,,364,徐兆立建築師事務所,,,,一心不動產管理顧問有限公司,
已核定重建更新事業-自行劃定,,北521,,,,,,,擬訂臺北市中正區南海段五小段68-1地號等26筆土地都市更新事業計畫及權利變換計畫案,,,,潤泰創新國際股份有限公司,核定,,2022/3/17,,,5824,,,權利變換,,,,121.51417733333334,25.030878,,,,,,,,,,,,,,瀚亞建築師事務所,,,,邑相更新規劃股份有限公司,
已核定重建更新事業-自行劃定,,北520,,,,,,,擬訂臺北市中山區中山段二小段125地號1筆土地都市更新事業計畫及權利變換計畫案,,,,中國建築經理股份有限公司,核定,,2022/3/9,,,786,,,權利變換,,,,121.51955942857143,25.063222285714286,,,,,,,,,,,,,,廖國誠建築師事務所,,,,財團法人都市更新研究發展基金會,
已核定重建更新事業-自行劃定,四季嘉禾,北518,,,,,,,擬訂臺北市南港區南港段二小段652-1地號等19筆(原14筆)土地都市更新事業計畫及權利變換計畫案,,,,聯勤建設實業股份有限公司,施工,,2022/1/21,,,2271,,,權利變換,,,,121.60859212121213,25.053869393939394,,,,,,,,,,,,,,廖澤民建築師事務所,,,,財團法人都市更新研究發展基金會,
已核定重建更新事業-自行劃定,,北517,,,,,,,擬訂臺北市中山區榮星段五小段634-6地號等15筆土地都市更新事業計畫案,,,,富樂群建設股份有限公司,核定,,2022/1/20,,,1568,,,權利變換,,,,121.53958418181819,25.058184818181818,,,,,,,,,,,,,568,大硯建築師事務所,,,,當代都更事業股份有限公司,
已核定重建更新事業-自行劃定,,北512,,,,,,,擬訂臺北市中正區南海段二小段41-4地號等55筆土地都市更新事業計畫案,,,,全陽建設股份有限公司,核定,,2021/12/23,,,2003.36,,,權利變換,,,,121.52089977777777,25.028282444444446,,,,,,,,,,,,,3.36,江培珩建築師事務所,,,,園皓都市規劃有限公司,
已核定重建更新事業-自行劃定,,北511,,,,,,,(已廢止)擬訂臺北市北投區豐年段四小段479-2地號等3筆土地都市更新事業計畫及權利變換計畫案,,,,吉瑞開發實業股份有限公司,核定,,2021/12/21,,,1914.29,,,權利變換,,2023/11/22公告廢止,,121.46940688888888,25.12633511111111,,,,,,,,,,,,,914.29,黃潘宗建築師事務所,,,,弘傑開發事業股份有限公司,
已核定重建更新事業-自行劃定,,北509,,,,,,,擬訂臺北市信義區逸仙段三小段657地號等10筆土地都市更新事業計畫案,,,,首泰建設股份有限公司,核定,,2021/12/2,,,735,,,合建+權變,,,,121.55856299999999,25.035508075,,,,,,,,,,,,,,李天鐸建築師事務所,,,,弘傑開發事業股份有限公司,
已核定重建更新事業-自行劃定,圓山富璟,北537,,,01臺北市,士林區,,,擬訂臺北市士林區百齡段三小段383-1地號等5筆(原4筆)土地都市更新事業計畫及權利變換計畫案,,,,富璟建設股份有限公司,核定,,2022/8/11,,,2016,,,權利變換,,,,121.51754384210527,25.08606552631579,,,,,,,,,,併送,,,,黃秀莊建築師事務所,,,,黃秀莊建築師事務所,
已核定重建更新事業-自行劃定,,北536,,,01臺北市,中正區,,,擬訂臺北市中正區永昌段一小段646地號等20筆土地都市更新事業計畫案,,,,太平洋建設股份有限公司,核定,,2022/8/8,,,1182.58,,,權利變換,,,,121.5133848125,25.0244080625,,,,,,,,,,分送,,,,劉文岱建築師事務所,,,,財團法人都市更新研究發展基金會,
已核定重建更新事業-自行劃定,,北566,,,01臺北市,北投區,,,擬訂臺北市北投區立農段五小段643-1地號等13筆(原10筆)土地都市更新事業計畫案,,,,嘉興發股份有限公司,核定,,2023/5/15,,,1716,,,權利變換,,,,121.50268807142857,25.11920242857143,,,,,,,,,,分送,,,,黃秀莊建築師事務所,,,,黃秀莊建築師事務所,
已核定重建更新事業-自行劃定,,北563,,,01臺北市,中山區,,,擬訂台北市中山區北安段二小段503地號等17筆(原14筆)土地都市更新事業計畫案,,,,聖得福建設開發股份有限公司,核定,,2023/3/31,,,1026,,,權利變換,,,,121.54547361538462,25.08222776923077,,,,,,,,,,,,,,九典聯合建築師事務所,,,,建福都更股份有限公司,
已核定重建更新事業-自行劃定,勤美璞真 城仰,北561,,,01臺北市,松山區,,,擬訂臺北市松山區敦化段一小段385地號等8筆(原7筆)土地都市更新事業計畫及權利變換計畫案,,,,璞真建設股份有限公司,核定,,2023/3/31,,,4225,,,權利變換,,,https://www.ur.org.tw/plan/career_view/106,121.54597565,25.05518475,,,,,,,,,,併送,,,,李祖原聯合建築師事務所,,,,財團法人都市更新研究發展基金會,
已核定重建更新事業-自行劃定,,北559,,,01臺北市,文山區,,,擬訂臺北市文山區景美段二小段455地號等3筆土地都市更新事業計畫及權利變換計畫案,,,,福隆建設股份有限公司,核定,,2023/3/8,,,4147,,,權利變換,,,,121.54511259090908,24.995523113636363,,,,,,,,,,併送,,,,李天鐸建築師事務所,,,,力冠丰都市規劃有限公司,
已核定重建更新事業-自行劃定,,北558,,,01臺北市,內湖區,,,擬訂臺北市內湖區康寧段四小段474地號等10筆土地都市更新事業計畫案,,,,聯勤建設實業股份有限公司,核定,,2023/2/24,,,1118,,,權利變換,,,,121.58988889473684,25.07900263157895,,,,,,,,,,分送,,,,三門聯合建築師事務所,,,,弘傑開發事業股份有限公司,
已核定重建更新事業-自行劃定,,北557,,,01臺北市,中山區,,,擬訂臺北市中山區榮星段六小段657地號1筆土地都市更新事業計畫及權利變換計畫案,,,,國泰建設股份有限公司,核定,,2023/2/17,,,2463,,,權利變換,,,,121.5339428,25.058220300000002,,,,,,,,,,併送,,,,三大聯合建築師事務所,,,,力冠丰都市規劃有限公司,
已核定重建更新事業-自行劃定,,北553,,,01臺北市,北投區,,,擬訂臺北市北投區大業段四小段460-1地號等25筆土地都市更新事業計畫案,,,,基泰建設股份有限公司,核定,,2023/1/9,,,3330,,,權利變換,,,,121.49860235714286,25.127536142857142,,,,,,,,,,分送,,,,黃秀莊建築師事務所,,,,黃秀莊建築師事務所,
已核定重建更新事業-自行劃定,宏築臻玥,北551,,,01臺北市,中山區,,,擬訂臺北市中山區長春段二小段295-4地號等16筆(原13筆)土地都市更新事業計畫及權利變換計畫案,,,,宏築建設股份有限公司,核定,,2022/12/24,,,4430.05,,,權利變換,,,,121.53747545,25.0557041,,,,,,,,,,併送,,,,金以容建築師事務所,,,,財團法人都市更新研究發展基金會,
已核定重建更新事業-自行劃定,,北550,,,01臺北市,士林區,,,擬訂臺北市士林區福林段一小段227地號等2筆土地都市更新事業計畫及權利變換計畫案,,,,昇陽建設企業股份有限公司,核定,,2022/12/22,,,2851,,,合建+權變,,,,121.53482808,25.09877588,,,,,,,,,,併送,,,,三大聯合建築師事務所,,,,邑相更新規劃股份有限公司,
已核定重建更新事業-自行劃定,,北549,,,01臺北市,士林區,,,擬訂臺北市士林區芝蘭段一小段480地號等8筆土地都市更新事業計畫及權利變換計畫案,,,,昇陽建設企業股份有限公司,核定,,2022/11/23,,,1472.52,,,權利變換,,,,121.53543298113208,25.11033058490566,,,,,,,,,,併送,,,,黃模春建築師事務所,,,,弘傑開發事業股份有限公司,
已核定重建更新事業-自行劃定,,北547,,,01臺北市,松山區,,,擬定臺北市松山區民生段150地號等6筆土地都市更新事業計畫案,,,,台塑建設事業股份有限公司,核定,,2022/11/17,,,20920,,,權利變換,,,,121.55051162857143,25.056656028571428,,,,,,,,,,分送,,,,大元聯合建築師事務所,,,,弘傑不動產事業股份有限公司,
已核定重建更新事業-自行劃定,,北542,,,01臺北市,中山區,,,擬訂臺北市中山區吉林段四小段705-3地號等14筆土地都市更新事業計畫及權利變換計畫案,,,,聖得福建設開發股份有限公司,核定,,2022/9/14,,,1699,,,權利變換,,,,121.526617125,25.055195125,,,,,,,,,,併送,,,,林尚毅建築師事務所,,,,冠霖不動產顧問股份有限公司,
已核定重建更新事業-自行劃定,,北541,,,01臺北市,中山區,,,擬訂臺北市北投區振興段三小段707地號等57筆土地都市更新事業計畫案,,,,台大興興業股份有限公司,權利變換審查,,2022/9/14,,,3888,,,權利變換,,,,121.5184475090909,25.11129898181818,,,,,,,,,,分送,,,,黃翔龍建築師事務所,,,,台大土地重劃股份有限公司,
已核定重建更新事業-自行劃定,,北543,,,01臺北市,大安區,,,擬訂臺北市大安區瑞安段三小段215地號等25筆土地都市更新事業計畫及權利變換計畫案,,,,國美建設股份有限公司,核定,,2022/9/15,,,1143,,,權利變換,,,,121.54025527272726,25.02718381818182,,,,,,,,,,併送,,,,呂建勳建築師事務所,,,,丹棠開發股份有限公司,
已核定重建更新事業-自行劃定,,北540,,,01臺北市,萬華區,,,擬訂臺北市萬華區華江段二小段531地號12筆土地都市更新事業計畫案,,,,聖得福建設開發股份有限公司,核定,,2022/9/8,,,,,,權利變換,,,,121.48906925,25.032114416666666,,,,,,,,,,分送,,,,十方聯合建築師事務所,,,,冠霖不動產顧問股份有限公司,
已核定重建更新事業-自行劃定,,北539,,,01臺北市,大安區,,,擬訂臺北市大安區瑞安段一小段221-3地號等3筆土地都市更新事業計畫案,,,,家騰建設股份有限公司,核定,,2022/9/9,,,1228,,,權利變換,,,,121.53923388888889,25.031459777777776,,,,,,,,,,分送,,,,蕭家福聯合建築師事務所,,,,奇模工程有限公司,
已核定重建更新事業-自行劃定,,北538,,,01臺北市,中山區,,,擬訂臺北市中山區長安段一小段468地號1筆土地都市更新事業計畫案,,,,巧洋實業股份有限公司,核定,,2022/7/28,,,812,,,權利變換,,,,121.540718125,25.049722625,,,,,,,,,,分送,,,,集禾聯合建築師事務所,,,,巧洋實業股份有限公司,
已核定重建更新事業-自行劃定,,北534,,,01臺北市,中正區,,,擬訂臺北市中正區中正段一小段68地號等12筆土地都市更新事業計畫案,,,,綺華建設事業股份有限公司,核定,,2022/8/1,,,3542,,,權利變換,,,,121.52626131578947,25.03929705263158,,,,,,,,,,分送,,,,大峰建築師事務所,,,,冠霖不動產顧問股份有限公司,
已核定重建更新事業-自行劃定,,北533,,,01臺北市,北投區,,,擬訂臺北市北投區大業段四小段574地號等1筆土地都市更新事業計畫案,,,,新總陽建設股份有限公司,核定,,2022/7/28,,,4291,,,協議合建,,,,121.499058625,25.126246000000002,,,,,,,,,,,,,,梁正芳建築師事務所,,,,舜磐創新有限公司,
已核定重建更新事業-自行劃定,,北532,,,01臺北市,北投區,,,擬訂臺北市大安區通化段六小段497地號等22筆土地都市更新事業計畫,,,,東家建設股份有限公司,核定,,2022/7/1,,,2047,,,權利變換,,,,121.551054,25.0258675,,,,,,,,,,分送,,,,陳傳宗建築師事務所,,,,東禧不動產創新股份有限公司,
已核定重建更新事業-自行劃定,,北530,,,01臺北市,文山區,,,擬訂臺北市文山區興隆段三小段555-6地號等10筆土地都市更新事業計畫案,,,,世座建設股份有限公司,核定,,2022/6/23,,,1052,,,權利變換,,,,121.53936466666667,25.005575066666665,,,,,,,,,,分送,,,,場域設計有限公司,,,,冠霖不動產顧問股份有限公司,
已核定重建更新事業-自行劃定,,北529,,,01臺北市,松山區,,,擬訂臺北市松山區敦化段二小段528地號等9筆土地都市更新事業計畫案,,,,達葳建設股份有限公司,核定,,2022/6/15,,,767,,,權利變換,,,,121.54482200000001,25.0480506,,,,,,,,,,分送,,,,黃秀莊建築師事務所,,,,黃秀莊建築師事務所,
已核定重建更新事業-自行劃定,,北528,,,01臺北市,北投區,,,擬訂臺北市北投區崇仰段四小段517-1地號等27筆土地都市更新事業計畫案,,,,翌萬建設股份有限公司,核定,,2022/6/2,,,4720.31,,,權利變換,,,,121.50542514705883,25.122074470588235,,,,,,,,,,分送,,,,王山頌建築師事務所、許世傑建築師事務所,,,,弘傑開發事業股份有限公司,
已核定重建更新事業-自行劃定,,北526,,,01臺北市,萬華區,,,擬訂臺北市萬華區龍山段一小段335-1地號等17筆土地都市更新事業計畫及權利變換計畫案,,,,佳慶開發建設股份有限公司,核定,,2022/5/26,,,1407,,,權利變換,,,,121.49866031250001,25.0382191875,,,,,,,,,,併送,,,,孫文郁建築師事務所,,,,新峰都更事業股份有限公司,
已核定重建更新事業-自行劃定,,北525,,,01臺北市,信義區,,,擬訂臺北市信義區祥和段二小段101地號等10筆（原8筆） 土地都市更新事業計畫案,,,,富裔實業股份有限公司,核定,,2022/5/26,,,1089,,,協議合建,,,,121.5632155,25.02996025,,,,,,,,,,,,,,簡俊卿建築師事務所,,,,黃秀莊建築師事務所,
已核定重建更新事業-自行劃定,,北523,,,01臺北市,南港區,,,擬訂臺北市南港區新光段二小段134地號等13筆(原10筆)土地都市更新事業計畫案,,,,海華建設股份有限公司,核定,,2022/4/26,,,2967,,,權利變換,,,,121.58714276923077,25.043962333333333,,,,,,,,,,分送,,,,簡俊卿建築師事務所,,,,奇模工程有限公司,
已核定重建更新事業-自行劃定,,北500,,,01臺北市,萬華區,,,擬訂臺北市萬華區莒光段四小段988-1地號等59筆土地都市更新事業計畫案,,,,春風開發股份有限公司,核定,,2021/9/17,,,3842,,,權利變換,,,,121.49338445454546,25.02998381818182,,,,,,,,,,分送,,,,陳廷杰建築師事務所,,,,中興都更事業股份有限公司,
已核定重建更新事業-自行劃定,,北492,,,01臺北市,北投區,,,擬訂臺北市北投區振興段一小段128地號等1筆土地都市更新事業計畫案,,,,臺北市北投區振興段一小段128地號等1筆土地都市更新會,核定,,2021/8/12,,,725,,,權利變換,,,,121.47798957142857,25.010718714285716,,,,,,,,,,分送,,,,羅墀璜建築師事務所,,,,邑相更新規劃股份有限公司,
已核定重建更新事業-自行劃定,,北485,,,01臺北市,中山區,,,(已廢止)擬訂臺北市信義區永春段一小段180地號等18筆土地都市更新事業計畫案,,,,洪圓建設股份有限公司,,,2021/7/2,,,1781,,,權利變換,,,,121.57679677777777,25.037915444444444,,,,,,,,,,分送,,,,蕭家福聯合建築師事務所,,,,弘傑開發事業股份有限公司,
已核定重建更新事業-自行劃定,,北480,,,01臺北市,中山區,,,擬訂臺北市中山區長春段二小段688地號等12筆土地都市更新事業計畫案,,,,中國建築經理股份有限公司,,,2021/4/8,,,1454,,,權利變換,,,,121.45311641176471,25.007273196078433,,,,,,,,,,分送,,,,金以容建築師事務所,,,,中國建築經理股份有限公司,
已核定重建更新事業-自行劃定,,北494,,,01臺北市,松山區,,,擬訂臺北市松山區敦化段二小段449-12地號等25筆土地都市更新事業計畫及權利變換計畫案,,,,金朋建設股份有限公司,核定,,2021/8/19,,,"3,235.00",,,權利變換,,,,121.54489179166667,25.049174458333333,,,,,,,,,,分送,,,,郭旭原建築師事務所,,,,邑相更新規劃股份有限公司,
已核定重建更新事業-自行劃定,,北439,,,01臺北市,大同區,,,擬訂臺北市大同區延平段一小段314地號等36筆土地都市更新事業計畫及權利變換計畫案,,,,聖得福建設開發股份有限公司,核定,,2020/3/2,,,2681,,,權利變換,,,,121.5123693,25.0594452,,,,,,,,,,併送,,,,陳福助建築師事務所,,,,建福都更股份有限公司,
已核定重建更新事業-自行劃定,,北569,,,臺北市,信義區,,,擬訂臺北市信義區逸仙段三小段766地號等14筆(原16筆)土地都市更新事業計畫案,,,,立樺建設股份有限公司,,,2023/6/1,,,1749,,,,,,,121.55843338695652,25.034222943478262,,,,,,,,,,,,,,吳成榮建築師事務所,,,,振皓工程顧問股份有限公司,
已核定重建更新事業-自行劃定,,北574,,,臺北市,大安區,,,擬訂臺北市大安區仁愛段五小段480地號等2筆(原1筆)土地都市更新事業計畫及權利變換計畫案,,,,合作金庫資產管理股份有限公司,,,2023/7/13,,,1800,,,,,,,121.5563419875,25.04178125625,,,,,,,,,,,,,,上圓聯合建築師事務所,,,,弘傑不動產事業股份有限公司,
已核定重建更新事業-自行劃定,,北572,,,臺北市,北投區,,,擬訂臺北市北投區立農段五小段374-1地號等44筆土地都市更新事業計畫案,,,,東家建設股份有限公司,,,2023/6/29,,,3894,,,,,,,121.50520005,25.119938185,,,,,,,,,,,,,,陳傳宗建築師事務所,,,,東禧不動產創新股份有限公司,
已核定重建更新事業-自行劃定,,北575,,,01臺北市,文山區,,,擬訂臺北市文山區萬慶段二小段579地號42筆(原45筆)土地都市更新事業計畫案,,,,國聚開發股份有限公司,核定,,自劃,,,4872.00,,,權利變換,,,https://www.dtrc.com.tw/products_detail/tw/consultant/p9940/,121.53759729705882,24.994368855882353,,,,,,,,,,2023/8/7,,,,呂建勳建築師事務所,,,,丹棠開發股份有限公司,
已核定重建更新事業-自行劃定,,北576,,,01臺北市,北投區,,,擬訂臺北市北投區豐年段四小段517地號等4筆土地都市更新事業計畫案,,,,普羅汽車股份有限公司,核定,,自劃,,,1856.00,,,協議合建,,,,121.46846449375,25.1263474375,,,,,,,,,,2023/8/9,,,,黃潘宗建築師事務所,,,,弘傑不動產事業股份有限公司,
已核定重建更新事業-自行劃定,,北577,,,01臺北市,大安區,,,擬訂臺北市大安區通化段五小段191-1地號等6筆土地都市更新事業計畫及權利變換計畫案,,,,元利建設企業股份有限公司,核定,,自劃,,,1440.00,,,合建+權變,,,,121.55104518181818,25.031173213636364,,,,,,,,,,2023/8/17,,,,李文勝建築師事務所,,,,冠霖不動產顧問股份有限公司,
已核定重建更新事業-自行劃定,,北578,,,01臺北市,信義區,,,擬訂臺北市信義區雅祥段一小段492地號等13筆土地都市更新事業計畫及權利變換計畫案,,,,宜民建設股份有限公司,核定,,自劃,,,2028.00,,,權利變換,,,,121.5685534125,25.0469122,,,,,,,,,,2023/8/23,,,,三門聯合建築師事務所,,,,振皓工程顧問股份有限公司,
已核定重建更新事業-自行劃定,,北579,,,01臺北市,文山區,,,擬訂臺北市文山區興泰段二小段205地號等35筆土地都市更新事業計畫案,,,,宜新開發股份有限公司,核定,,自劃,,,4104.00,,,權利變換,,,,121.55598686091955,25.004671945977012,,,,,,,,,,2023/8/24,,,,三門聯合建築師事務所,,,,鼎昌建築管理股份有限公司、冠霖不動產顧問股份有限公司,
已核定重建更新事業-自行劃定,,北582,,,01臺北市,中山區,,,擬訂臺北市中山區吉林段二小段898地號等3筆土地都市更新事業計畫及權利變換計畫案,,,,桓茂建設股份有限公司,核定,,2023/10/18,,,923.00,,,權利變換,,,,121.5319557,25.05385352727273,,,,,,,,,,併送,,,,朱騰惠建築師事務所,,,,台北再開發規劃股份有限公司,
已核定重建更新事業-自行劃定,,北583,,,01臺北市,信義區,,,擬訂臺北市信義區雅祥段一小段614地號等10筆土地都市更新事業計畫及權利變換計畫案,,,,達永建設股份有限公司,核定,,2023/10/26,,,3508.00,,,合建+權變,,,,121.56820989047618,25.046073404761906,,,,,,,,,,併送,,,,潘正華建築師事務所,,,,弘傑開發事業股份有限公司,
已核定重建更新事業-自行劃定,,北586,,,01臺北市,中山區,,,擬訂臺北市中山區吉林段三小段801地號等10筆土地都市更新事業計畫案,,,,佳元地產股份有限公司,核定,,2023/11/23,,,1230.00,,,協議合建,,,,121.52865039,25.058280805,,,,,,,,,,-,,,,陳克聚建築師事務所,,,,弘傑不動產事業股份有限公司,
已核定重建更新事業-自行劃定,,北587,,,01臺北市,中正區,,,擬訂臺北市中正區公園段二小段246地號等28筆土地都市更新事業計畫案,,,,日勝生活科技股份有限公司,核定,,2023/12/1,,,2070.00,,,權利變換,,,,121.51528072777778,25.044258566666667,,,,,,,,,,分送,,,,大元聯合建築師事務所,,,,弘傑不動產事業股份有限公司,
已核定重建更新事業-自行劃定,,北588,,,01臺北市,大安區,,,擬訂臺北市大安區大安段三小段243地號等15筆土地都市更新事業計畫及權利變換計畫案,,,,精誠國際建設企業股份有限公司,核定,,2023/12/8,,,1294.00,,,權利變換,,,,121.5476113,25.025681739130434,,,,,,,,,,併送,,,,大硯建築師事務所,,,,拓築不動產顧問股份有限公司,
已核定重建更新事業-自行劃定,,北590,,,01臺北市,大安區,,,擬訂臺北市大安區通化段六小段665地號等31筆土地都市更新事業計畫及權利變換計畫案,,,,德運建設股份有限公司,核定,,2023/12/14,,,2522.00,,,權利變換,,,,121.54973677777778,25.024924833333333,,,,,,,,,,併送,,,,陳傳宗建築師事務所,,,,東亞建築經理股份有限公司,
已核定重建更新事業-自行劃定,,北591,,,01臺北市,信義區,,,擬訂臺北市信義區信義段二小段142地號等11筆土地都市更新事業計畫案,,,,璞慧建設股份有限公司,核定,,2023/12/21,,,1729.00,,,協議合建,,,,121.57137467,25.04023446,,,,,,,,,,-,,,,劉宇傑建築師事務所,,,,台北再開發規劃股份有限公司,
已核定重建更新事業-自行劃定,,北592,,,01臺北市,信義區,,,擬訂臺北市信義區雅祥段一小段349地號等14筆土地都市更新事業計畫案,,,,潤泰創新國際股份有限公司,核定,,2023/12/13,,,1014.00,,,權利變換,,,,121.56949352222222,25.048873333333333,,,,,,,,,,分送,,,,鑄力聯合建築師事務所,,,,安邦工程顧問股份有限公司,
已核定重建更新事業-自行劃定,,北593,,,01臺北市,文山區,,,擬定臺北市文山區萬芳段三小段563-1地號等9筆土地都市更新事業計畫及權利變換計畫案,,,,安家國際企業股份有限公司,核定,,2024/1/11,,,1876.00,,,權利變換,,,,121.56391506296296,24.989728970370372,,,,,,,,,,併送,,,,鄭誌明建築師事務所,,,,玉山創意行銷股份有限公司,
已核定重建更新事業-自行劃定,,北594,,,01臺北市,內湖區,,,擬訂臺北市內湖區潭美段三小段726地號1筆土地都市更新事業計畫案,,,,耀達建設股份有限公司,核定,,2024/2/1,,,796.00,,,協議合建,,,,121.58491043,25.05781306,,,,,,,,,,-,,,,劉文岱建築師事務所,,,,丹棠開發股份有限公司,
已核定重建更新事業-自行劃定,,北596,,,01臺北市,萬華區,,,擬訂臺北市萬華區直興段二小段441地號等24筆土地(原18筆)都市更新事業計畫案,,,,安家道生股份有限公司,核定,,2024/2/8,,,1969.82,,,合建+權變,,,,121.4988719,25.0397561,,,,,,,,,,分送,,,,鄭誌明建築師事務所,,,,玉山創意行銷股份有限公司,
已核定重建更新事業-自行劃定,,北598,,,01臺北市,松山區,,,擬訂臺北市松山區延吉段一小段85地號等37筆土地都市更新事業計畫及權利變換計畫案,,,,聯勤建設實業股份有限公司,核定,,2024/2/7,,,4174.00,,,權利變換,,,,121.55705903333333,25.0473914,,,,,,,,,,併送,,,,術刻建築師事務所,,,,丹棠開發股份有限公司,
已核定重建更新事業-自行劃定,,北600,,,01臺北市,士林區,,,擬訂臺北市士林區百齡段五小段543地號等1筆土地都市更新事業計畫及權利變換計畫案,,,,聖得福建設開發股份有限公司,核定,,2024/2/15,,,3146.00,,,權利變換,,,,121.52051165,25.082117845833334,,,,,,,,,,併送,,,,徐國書建築師事務所,,,,建福都更股份有限公司,
已核定重建更新事業-自行劃定,,北601,,,01臺北市,中正區,,,擬訂臺北市中正區成功段三小段69地號1筆土地都市更新事業計畫及權利變換計畫案,,,,丹棠開發股份有限公司,核定,,2024/2/23,,,2081.00,,,權利變換,,,,121.52201838333333,25.044168566666666,,,,,,,,,,併送,,,,簡俊卿建築師事務所,,,,丹棠開發股份有限公司,
已核定重建更新事業-自行劃定,,北602,,,01臺北市,中山區,,,擬訂臺北市中山區吉林段四小段508地號等17筆土地都市更新事業計畫及權利變換計畫案,,,,忠泰建設股份有限公司,核定,,2024/3/22,,,3157.00,,,權利變換,,,,121.52595011,25.05772222,,,,,,,,,,併送,,,,王克誠建築師事務所,,,,丹棠開發股份有限公司,
已核定重建更新事業-自行劃定,,北606,,,01臺北市,士林區,,,擬訂臺北市士林區蘭雅段一小段52地號等23筆(原18筆)土地都市更新事業計畫及權利變換計畫案,,,,力麒建設股份有限公司,核定,,2024/5/1,,,4008.00,,,權利變換,,,,121.52489023103448,25.109820727586207,,,,,,,,,,併送,,,,張維哲建築師事務所,,,,合邑都市更新股份有限公司,
已核定重建更新事業-自行劃定,,北609,,,01臺北市,大安區,,,擬訂臺北市大安區金華段四小段126地號等3筆土地都市更新事業計畫案,,,,新美開發股份有限公司,核定,,2024/5/9,,,1704.00,,,權利變換,,,,121.52481391428572,25.029739085714287,,,,,,,,,,分送,,,,呂建勳建築師事務所,,,,安邦工程顧問股份有限公司,
已核定重建更新事業-自行劃定,,北612,,,01臺北市,信義區,,,擬訂臺北市信義區雅祥段四小段224地號等12筆土地都市更新事業計畫案,,,,凱泰建設股份有限公司,核定,,2024/6/6,,,1008.00,,,協議合建,,,,121.56728966153847,25.044183146153845,,,,,,,,,,-,,,,陳維翔建築師事務所,,,,一心不動產管理顧問有限公司,
已核定重建更新事業-自行劃定,,北615,,,01臺北市,中正區,,,擬訂臺北市中正區臨沂段二小段108地號等10筆（原9筆）土地都市更新事業計畫及權利變換計畫案,,,,震大建設股份有限公司,核定,,2024/7/19,,,898,,,權利變換,,,,121.5319990625,25.0384798875,,,,,,,,,,併送,,,,陳克聚建築師事務所,,,,邑相更新規劃股份有限公司,
已核定重建更新事業-自行劃定,,北617,,,01臺北市,大安區,,,擬訂臺北市大安區仁愛段一小段92地號等11筆土地都市更新事業計畫及權利變換計畫案,,,,德運建設股份有限公司,核定,,2024/8/9,,,2308,,,權利變換,,,,121.5561629,25.04046476,,,,,,,,,,併送,,,,陳傳宗建築師事務所,,,,弘傑不動產事業股份有限公司,
已核定重建更新事業-自行劃定,,北618,,,01臺北市,中山區,,,擬訂臺北市中山區正義段三小段566地號等5筆土地都市更新事業計畫案,,,,耕薪都市更新股份有限公司,核定,,2024/8/30,,,769,,,權利變換,,,,121.52336756666666,25.048336477777777,,,,,,,,,,分送,,,,劉宇傑建築師事務所,,,,耕磊都市規劃股份有限公司,
已核定重建更新事業-自行劃定,,北619,,,01臺北市,中山區,,,擬訂臺北市中山區中山段二小段234地號等4筆土地都市更新事業計畫案,,,,弘傑永續股份有限公司,核定,,2024/9/4,,,1008,,,協議合建,,,,121.52123882307693,25.06232453846154,,,,,,,,,,-,,,,林煜傑建築師事務所,,,,弘傑開發事業股份有限公司,
已核定重建更新事業-自行劃定,,北620,,,01臺北市,大同區,,,擬訂臺北市大同區玉泉段一小段676地號等18筆土地都市更新事業計畫案,,,,宏善開發股份有限公司,核定,,2024/9/13,,,832,,,自地自建,,,,121.5134330625,25.051206775,,,,,,,,,,-,,,,呂建勳建築師事務所,,,,台北再開發規劃股份有限公司,
已核定重建更新事業-自行劃定,,北622,,,01臺北市,內湖區,,,擬訂臺北市內湖區東湖段五小段13地號等10筆土地都市更新事業計畫案,,,,順天建設股份有限公司,核定,,2024/11/20,,,2686.99,,,權利變換,,,,121.62019868181818,25.073522675757577,,,,,,,,,,分送,,,,黃翔龍建築師事務所,,,,丹棠開發股份有限公司,
已核定重建更新事業-自行劃定,,北623,,,01臺北市,北投區,,,擬訂臺北市北投區桃源段二小段412地號等9筆土地都市更新事業計畫及權利變換計畫案,,,,鄉林建設事業股份有限公司,核定,,2024/11/21,,,1148,,,權利變換,,,,121.485361015,25.13923881,,,,,,,,,,併送,,,,林志崧建築師事務所,,,,安邦工程顧問股份有限公司,
已核定重建更新事業-自行劃定,,北624,,,01臺北市,士林區,,,擬訂臺北市士林區百齡段三小段212-1地號等8筆(原7筆)土地都市更新事業計畫案,,,,都美建設股份有限公司,,,2024/12/5,,,3603.00,,,協議合建,,,,121.5157903525,25.0891309975,,,,,,,,,,-,,,,廖錦盈建築師事務所,,,,翊安都市更新股份有限公司,
已核定重建更新事業-自行劃定,,北626,,,01臺北市,大安區,,,擬訂臺北市大安區通化段五小段191-4地號等24筆土地都市更新事業計畫案,,,,國賓金建設股份有限公司,,,2024/12/16,,,1283.93,,,合建+權變,,,,121.54985024166666,25.031528041666668,,,,,,,,,,分送,,,,三門聯合建築師事務所,,,,弘傑城市開發股份有限公司,
已核定重建更新事業-自行劃定,,北627,,,01臺北市,士林區,,,擬訂臺北市士林區三玉段四小段194地號等6筆土地都市更新事業計畫案,,,,都市策略開發股份有限公司,,,2024/12/26,,,1159.00,,,權利變換,,,,121.52771440408164,25.10981767755102,,,,,,,,,,分送,,,,久太聯合建築師事務所,,,,弘傑開發事業股份有限公司,
已核定重建更新事業-自行劃定,,北629,,,01臺北市,松山區,,,擬訂臺北市松山區美仁段一小段800地號等9筆土地都市更新事業計畫案,,,,首泰建設股份有限公司,,,2025/1/6,,,2252.00,,,權利變換,,,,121.55088416666666,25.05254027333333,,,,,,,,,,分送,,,,三門聯合建築師事務所,,,,弘傑不動產事業股份有限公司,
已核定重建更新事業-自行劃定,,北630,,,01臺北市,信義區,,,擬訂臺北市信義區雅祥段一小段31-4地號等18筆土地都市更新事業計畫案,,,,國美建設股份有限公司,,,2025/1/10,,,1167.00,,,協議合建,,,,121.57135538636363,25.04775516818182,,,,,,,,,,-,,,,呂建勳建築師事務所,,,,舜磐創新有限公司,
已核定重建更新事業-自行劃定,,北632,,,01臺北市,中山區,,,擬訂臺北市中山區榮星段三小段347地號等2筆土地都市更新事業計畫及權利變換計畫案,,,,耕薪都市更新股份有限公司,,,2025/1/15,,,2031.00,,,權利變換,,,,121.5410688090909,25.05926280909091,,,,,,,,,,併送,,,,王克誠建築師事務所,,,,耕磊都市規劃股份有限公司,
已核定重建更新事業-自行劃定,,北633,,,01臺北市,文山區,,,擬訂臺北市文山區實踐段一小段298-4地號等5筆土地都市更新事業計畫及權利變換計畫案,,,,首泰建設股份有限公司,,,2025/1/23,,,2908.00,,,權利變換,,,,121.55802307692308,24.98469578974359,,,,,,,,,,併送,,,,王克誠建築師事務所,,,,弘傑開發事業股份有限公司,
已核定重建更新事業-自行劃定,,北638,,,01臺北市,大安區,,,擬訂臺北市大安區瑞安段二小段499地號等10筆土地都市更新事業計畫案,,,,福容開發股份有限公司,,,2025/3/5,,,1192.00,,,協議合建,,,,121.54315173181818,25.02903955,,,,,,,,,,-,,,,陳肇勳建築師事務所,,,,冠霖都市更新事業股份有限公司,
已核定重建更新事業-自行劃定,,北639,,,01臺北市,內湖區,,,擬訂臺北市內湖區康寧段二小段238地號等5筆土地都市更新事業計畫及權利變換計畫案,,,,壕華建設股份有限公司,,,2025/3/6,,,594.00,,,權利變換,,,,121.59304683333333,25.0858375,,,,,,,,,,併送,,,,張玉樹建築師事務所,,,,安邦工程顧問股份有限公司,
已核定重建更新事業-自行劃定,,北640,,,01臺北市,北投區,,,擬訂臺北市北投區奇岩段五小段495地號等24筆土地都市更新事業計畫及權利變換計畫案,,,,華固建設股份有限公司,,,2025/3/10,,,20652.00,,,權利變換,,,,121.50171006842105,25.12165284736842,,,,,,,,,,併送,,,,潘冀聯合建築師事務所,,,,弘傑開發事業股份有限公司,
已核定重建更新事業-自行劃定,,北641,,,01臺北市,士林區,,,擬訂臺北市士林區福順段三小段18地號等18筆土地都市更新事業計畫及權利變換計畫案,,,,全陽建設股份有限公司,,,2025/3/7,,,1343.00,,,權利變換,,,,121.51257539285714,25.08117425,,,,,,,,,,併送,,,,江培珩建築師事務所,,,,力冠丰都市規劃股份有限公司,
已核定重建更新事業-自行劃定,,北642,,,01臺北市,大安區,,,擬訂臺北市大安區通化段三小段84地號等7筆土地都市更新事業計畫案,,,,巧洋實業股份有限公司,,,2025/3/17,,,860.00,,,合建+權變,,,,121.55298441333333,25.02520864,,,,,,,,,,分送,,,,紹洋建築師事務所,,,,巧洋實業股份有限公司,
已核定重建更新事業-自行劃定,,北643,,,01臺北市,大同區,,,擬訂臺北市大同區雙連段二小段518-2地號等67筆土地都市更新事業計畫案,,,,毅聯建設股份有限公司,,,2025/3/13,,,2489.60,,,協議合建,,,,121.514944856,25.061162232,,,,,,,,,,-,,,,李岳軍建築師事務所,,,,力冠丰都市規劃有限公司,
已核定重建更新事業-自行劃定,,北644,,,01臺北市,大安區,,,擬訂臺北市士林區天母段四小段433地號等2筆土地都市更新事業計畫及權利變換計畫案,,,,三豐建設股份有限公司,,,2025/3/26,,,470.00,,,權利變換,,,,121.53077431111112,25.1222445,,,,,,,,,,併送,,,,黃秀莊建築師事務所,,,,黃秀莊建築師事務所,
已核定重建更新事業-自行劃定,,北646,,,01臺北市,大安區,,,擬訂臺北市大安區懷生段一小段121-4地號等19筆(原18筆)土地都市更新事業計畫及權利變換計畫案,,,,大華建設股份有限公司,,,2025/4/14,,,911.00,,,權利變換,,,,121.54313516,25.042028496,,,,,,,,,,併送,,,,蕭力仁建築師事務所、羅柏智建築師事務所,,,,冠霖不動產顧問股份有限公司,
已核定重建更新事業-自行劃定,,北647,,,01臺北市,中正區,,,擬訂臺北市中正區南海段一小段684地號等7筆土地都市更新事業計畫及權利變換計畫案,,,,東大成建設股份有限公司,,,2025/4/23,,,952.00,,,權利變換,,,,121.51921014615385,25.032527653846152,,,,,,,,,,併送,,,,王克誠建築師事務所,,,,弘傑開發事業股份有限公司,
已核定重建更新事業-自行劃定,,北648,,,01臺北市,信義區,,,擬訂臺北市信義區逸仙段三小段870地號等2筆土地都市更新事業計畫案,,,,臺北市信義區逸仙段三小段870地號等2筆土地都市更新會,,,2025/4/25,,,453.00,,,權利變換,,,,121.55884728571428,25.033317457142857,,,,,,,,,,分送,,,,徐兆立建築師事務所,,,,規模工程顧問有限公司,
已核定重建更新事業-自行劃定,,北487,,,01臺北市,內湖區,,,(已撤銷)擬訂臺北市內湖區碧湖段三小段542-2地號等50筆土地都市更新事業計畫案,,,,基泰建設股份有限公司,,,2021/7/2,,,3160,,,權利變換,,,,121.5793974,25.079019633333335,,,,,,,,,,分送,,,,王德生建築師事務所,,,,廣得開發股份有限公司,
已核定重建更新事業-自行劃定,,北486,,,臺北市,中山區,,,擬訂臺北市中山區長安段一小段345地號等18筆土地都市更新事業計畫案,,,,興富發建設股份有限公司,完工,,2021-07-08,,,1509,,,協議合建,,,,121.54352981818182,25.048599363636363,,,,,,,,,,,,,2025,梁正芳建築師事務所,,,,舜磐創新有限公司,
已核定重建更新事業-優先劃定,,北070,,,01臺北市,大同區,,,擬訂臺北市大同區市府段一小段764地號等15筆土地都市更新事業計畫案,,,,景信實業股份有限公司(巧洋實業股份有限公司),核定,,2008/12/25,,,1672,,,權利變換,,http://www.urcy.com.tw/current01.php?project_id=37,,121.51886133333333,25.049675,,,,,,,,,,分送,,,,李祖原建築師事務所,,,優先-6#,巧洋實業股份有限公司,
已核定重建更新事業-優先劃定,御品,北066,,,01臺北市,萬華區,,,擬訂臺北市萬華區莒光段三小段464地號等8筆土地都市更新事業計畫案,,,,力麒建設股份有限公司(原巧洋實業、新潤建設),完工,,2008/10/31,,,1882,,,協議合建,,,,121.4972658125,25.0307018125,,,,,,,,,,-,,,2017年,周文斌建築師事務所,,,優先-6#,合邑都市更新股份有限公司,
已核定重建更新事業-優先劃定,,北051,,,01臺北市,中正區,,,擬訂臺北市中正區永昌段六小段96地號等11筆土地都市更新事業計畫案,,,,巧洋實業股份有限公司,核定,,2007/12/11,,,5299,,,協議合建,,,,121.50582471428571,25.031592714285715,,,,,,,,,,-,,,,簡俊卿建築師事務所,,,優先-6#,巧洋實業股份有限公司,
已核定重建更新事業-優先劃定,,北086,,,01臺北市,中正區,,,擬訂臺北市中正區永昌段五小段446-1地號等40筆土地都市更新事業計畫案,,,,東家建設股份有限公司,核定,,2009/8/10,,,2995,,,權利變換,,,,121.50771111764706,25.027080470588235,,,,,,,,,,分送,,,,元宏聯合建築事務所,,,優先-6#,元宏聯合建築師事務所,
已核定重建更新事業-優先劃定,,北090,,,01臺北市,中正區,,,擬訂臺北市中正區永昌段四小段332地號等43筆(原36筆)土地都市更新事業計畫案,,,,建洋實業股份有限公司,核定,,2009/11/26,,,3923,,,合建+權變,,,,121.50819601639344,25.02981904918033,,,,,,,,,,分送,,,,簡俊卿建築師事務所,,,優先-6#,簡俊卿建築師事務所,
已核定重建更新事業-優先劃定,,北104,,,01臺北市,松山區,,,(已撤銷)擬訂臺北市松山區寶清段四小段579地號等21筆土地都市更新事業計畫案,,,,福一建設股份有限公司,核定,,2010/9/7,,,1031,,,權利變換,,,109/12/0公告撤銷,121.56413194117647,25.05185788235294,,,,,,,,,,分送,,,,振皓工程顧問股份有限公司,,,優先-6#,振皓工程顧問股份有限公司,
已核定重建更新事業-優先劃定,,北038,,,01臺北市,大安區,,,擬訂臺北市大安區金華段四小段508地號等11筆土地都市更新事業計畫案,,,,江陵機電股份有限公司,核定,,2007/5/1,,,2093,,,協議合建,,http://www.konglin.com.tw/urban_redevelopment_case03.html,,121.5256275,25.028597357142857,,,,,,,,,,-,,,,張玉樹建築師事務所,,,優先-6#,張玉樹建築師事務所,
已核定重建更新事業-優先劃定,富域/麗源富域,北096,,,01臺北市,北投區,,,擬訂臺北市北投區溫泉段四小段559地號等36筆土地都市更新事業計畫案,,,,麗源建設股份有限公司,完工,,2010/5/3,,,3083.15,,,權利變換,,,,121.50161506666667,25.130917166666666,,,,,,,,,,分送,,,2024,寬泉聯合建築師事務所,,,優先-6#,麗豐資產管理股份有限公司,
已核定重建更新事業-優先劃定,ONE360昇陽國際,北049,,,01臺北市,信義區,,,擬訂臺北市信義區逸仙段三小段34地號等4筆土地(原基隆路整宅B基地)都市更新事業計畫案,,,,昇陽建設企業股份有限公司(原華升上大建設),核定,,2007/11/28,,,2398,,,權利變換,,,https://www.sunty.com.tw/renovate/renovate-3.htm,121.5606833125,25.03575675,,,,,,,,,,分送,,,,金以容建築師事務所,,,優先-6#,緯城土地規劃工程顧問有限公司,
已核定重建更新事業-優先劃定,森業永春,北017,,,01臺北市,信義區,,,擬訂臺北市信義區永吉段四小段44地號等26筆土地都市更新事業計畫計畫案,,,,森業營造股份有限公司(原萬宇開發),完工,,2005/2/16,,,3945,,,合建+權變,,,http://senyeh.idoidea.com.tw/?utm_source=keywords&gclid=Cj0KCQjw6IfoBRCiARIsAF6q06syilxLO7HcShGMskHildaZZ1xFsHT-09HCh2MtgbmdeQV3rN3p5rsaAi-PEALw_wcB,121.57727989473685,25.041184315789476,,,,,,,,,,分送,,,2021,梁正芳建築師事務所,,,優先-6#,梁正芳建築師事務所,
已核定重建更新事業-優先劃定,,北011,,,01臺北市,信義區,,,擬訂臺北市信義區吳興段二小段163-2、247地號等2筆土地(原吳興街二期整宅)都市更新事業計畫案,,,,吳興街二期整宅地區都市更新會,核定,,2004/6/24,,,2119,,,權利變換,,,,121.56807497826087,25.023660782608697,,,,,,,,,,分送,,,,胡宗雄建築師事務所,,,優先-6#,胡宗雄建築師事務所,
已核定重建更新事業-優先劃定,忠泰湛,北076,,,01臺北市,文山區,,,擬訂臺北市文山區木柵段一小段171地號等5筆土地都市更新事業計畫案,,,,忠泰建設股份有限公司,完工,,2009/1/16,,,2765,,,權利變換,,,,121.57044712698412,24.988895746031748,,,,,,,,,,分送,,,2024,陳傳宗建築師事務所,,,優先-6#,弘傑不動產顧問股份有限公司,
已核定重建更新事業-優先劃定,正隆官邸,北067,,,01臺北市,中正區,,,擬訂臺北市中正區臨沂段二小段363地號等26筆土地都市更新事業計畫案,,,,正隆股份有限公司,已完工,,2008/11/13,,,2890.08,,,權利變換,,,,121.52622589285714,25.040986142857143,,,,,,,,,,分送,,,2023,簡俊卿建築師事務所,,,優先-6#,奇模工程有限公司,
已核定重建更新事業-優先劃定,皇翔臺北廣場,北115,,,01臺北市,大同區,,,擬訂臺北市大同區市府段三小段247地號等5筆土地都市更新事業計畫案,,,,皇翔建設股份有限公司,完工,,2011/4/22,,,4613,,,協議合建,,,https://www.hhe.com.tw/tw/casesCityInfo/1,121.51607590909092,25.04950209090909,,,,,,,,,,-,,,2024,三大聯合建築師事務所,,,優先-6#,弘傑不動產事業股份有限公司,
已核定重建更新事業-優先劃定,瑞安信義,北121,,,01臺北市,大安區,,,擬訂臺北市大安區大安段一小段590地號等18筆土地都市更新事業計畫案,,,,禾霖建設股份有限公司,完工,,2011/11/21,,,1788,,,權利變換,,,,121.54427914285714,25.03264815714286,,,,,,,,,,分送,,,2024,三門聯合建築師事務所,,,優先-6#,逢達不動產開發顧問股份有限公司,
已核定重建更新事業-優先劃定,,北130,,,01臺北市,萬華區,,,擬訂臺北市萬華區萬大段一小段571地號等22筆土地都市更新事業計畫案,,,,巧洋實業股份有限公司,核定,,2012/8/8,,,2090,,,合建+權變,,,,121.49691391666667,25.0257525,,,,,,,,,,分送,,,,紹洋建築師事務所,,,優先-6#,巧洋實業股份有限公司,
已核定重建更新事業-優先劃定,,北110,,,01臺北市,信義區,,,擬訂臺北市信義區虎林段四小段38地號等120筆土地都市更新事業計畫,,,,台北遷建基地都市更新股份有限公司,核定,,2011/12/3,,,5693,,,權利變換,,105/8/24判決訴願及原處分均撤銷，應重新公開展覽後續審,,121.57726262857143,25.046035857142858,,,,,,,,,,分送,,,,元宏聯合建築師事務所,,,優先-6#,上圓工程顧問有限公司,
已核定重建更新事業-優先劃定,,北170,,,01臺北市,大安區,,,擬訂臺北市大安區大安段一小段557地號等16筆土地都市更新事業計畫案,,,,禾霖建設股份有限公司,核定,,2013/10/25,,,1794,,,權利變換,,,,121.54429157142857,25.032294357142856,,,,,,,,,,分送,,,,三門聯合建築師事務所,,,優先-6#,逢達不動產開發顧問股份有限公司,
已核定重建更新事業-優先劃定,民生建國大樓,北178,,,01臺北市,中山區,,,擬訂臺北市中山區長春段二小段125-1地號等53筆土地都市更新事業計畫及權利變換計畫案,,,,國泰建設股份有限公司,完工,,2013/12/23,,,6845.18,,,權利變換,,http://www.ur.org.tw/plan/career_view/33,,121.53789027586207,25.057357103448275,,,,,,,,,,併送,,,2018年,潘冀聯合建築師事務所,,,優先-6#,財團法人都市更新研究發展基金會,
已核定重建更新事業-優先劃定,福一潭美,北161,,,01臺北市,內湖區,,,擬訂臺北市內湖區潭美段四小段579-2地號等21筆土地都市更新事業計畫案,,,,福一建設股份有限公司,完工,,2013/7/11,,,1553,,,權利變換,,,,121.57683411111111,25.05404038888889,,,,,,,,,,分送,,,2020,陳浩怡建築師事務所,,,優先-6#,大展資產顧問股份有限公司,
已核定重建更新事業-優先劃定,自慢藏,北148,,,01臺北市,文山區,,,擬訂臺北市文山區萬隆段二小段519地號等56筆土地都市更新事業計畫案,,,,沅利建設股份有限公司,完工,,2013/2/8,,,2844,,,合建+權變,,,,121.5355870117647,25.00056408235294,,,,,,,,,,分送,,,2023年,吳文淵建築師事務所,,,優先-6#,弘傑不動產事業股份有限公司,
已核定重建更新事業-優先劃定,冠德羅斯福,北162,,,01臺北市,中正區,,,擬訂臺北市中正區福和段一小段10-1地號等26筆土地都市更新事業計畫案,,,,冠德建設股份有限公司,完工,,2013/7/17,,,2425.8,,,權利變換,,http://www.ur.org.tw/plan/career_view/39,http://www.kindom.com.tw/index.php?target=redevelopment-case-detail.php&sn=1,121.52790116326531,25.020204142857143,,,,,,,,,,分送,,,2021,黃秀莊建築師事務所,,,優先-6#,財團法人都市更新研究發展基金會,
已核定重建更新事業-優先劃定,心中山,北143,,,01臺北市,大同區,,,擬訂臺北市大同區雙連段一小段197地號等72筆土地都市更新事業計畫及權利變換計畫案,,,,東家建設股份有限公司,完工,,2013/1/9,,,3451,,,權利變換,,,,121.51938573076923,25.059842615384614,,,,,,,,,,併送,,,2017年,陳傳宗建築師事務所,,,優先-6#,東禧不動產創新股份有限公司,
已核定重建更新事業-優先劃定,大喆,北133,,,01臺北市,中山區,,,擬訂臺北市中山區吉林段一小段717地號等24筆土地都市更新事業計畫及權利變換案,,,,和典建設股份有限公司(原和旺建設),完工,,2012/10/3,,,2048,,,權利變換,,,,121.53134488235294,25.058701647058825,,,,,,,,,,併送,,,2021,黃宏輝建築師事務所,,,優先-6#,李欣都市更新股份有限公司,
已核定重建更新事業-優先劃定,太平洋之森,北183,,,01臺北市,中正區,,,擬訂臺北市中正區永昌段三小段159地號等113筆土地都市更新事業計畫及權利變換計畫案,,,,太平洋建設股份有限公司,完工,,2014/1/24,,,5230,,,權利變換,,http://www.ur.org.tw/plan/career_view/24,http://dtrc.com.tw/project_info/5/,121.51251785,25.02606005,,,,,,,,,,併送,,,2019年,陳克聚建築師事務所,,,優先-6#,財團法人都市更新研究發展基金會,
已核定重建更新事業-優先劃定,萬大ONE,北200,,,01臺北市,萬華區,,,擬訂臺北市萬華區萬大段二小段119地號等1筆土地都市更新事業計畫案,,,,富力陽建設股份有限公司,完工,,2014/9/19,,,1041,,,協議合建,,,,121.49827603703703,25.02520448148148,,,,,,,,,,-,,,2018年,廖錦盈建築師事務所,,,優先-6#,奇模工程有限公司,
已核定重建更新事業-優先劃定,大理,北206,,,01臺北市,萬華區,,,擬訂臺北市萬華區華江段三小段215-2地號等22筆土地都市更新事業計畫案,,,,國賓開發股份有限公司,完工,,2015/1/16,,,1427,,,協議合建,,,,121.49733388235293,25.033619764705882,,,,,,,,,,-,,,2019,李志良建築師事務所,,,優先-6#,安邦工程顧問股份有限公司,
已核定重建更新事業-優先劃定,,北192,,,01臺北市,南港區,,,擬訂臺北市南港區南港段一小段720地號等105筆土地都市更新事業計畫案,,,,興富發建設股份有限公司,核定,,2014/4/25,,,9242(報核面積9219),,,權利變換,,,,121.61190001315789,25.05561167105263,,,,,,,,,,分送,,,,薛昭信建築師事務所、闕河彬建築師事務所、洪錫宏建築師事務所,,,優先-6#,力冠丰都市規劃有限公司,
已核定重建更新事業-優先劃定,,北207,,,01臺北市,大安區,,,擬訂臺北市大安區辛亥段四小段524地號等10筆土地都市更新事業及權利變換計畫案,,,,山秦盛建設股份有限公司,核定,,2015/1/19,,,953(其中合併開發14㎡),,,權利變換,,,,121.56056872222223,25.015943277777776,,,,,,,,,,併送,,,,張力文建築師事務所,,,優先-6#,安邦工程顧問股份有限公司,
已核定重建更新事業-優先劃定,松江無籬,北194,,,01臺北市,中山區,,,擬訂臺北市中山區吉林段二小段257地號等18筆土地都市更新事業計畫及權利變換計畫案,,,,?暘建設股份有限公司,完工,,2014/4/25,,,1016.75,,,權利變換,,http://www.sinyi-rema.com.tw/link/HXIP/?f=sinyi,,121.531442,25.056376727272728,,,,,,,,,,併送,,,2017年,江培珩建築師事務所,,,優先-6#,鼎昌建築管理股份有限公司,
已核定重建更新事業-優先劃定,首都帝景-蘭亭苑,北190,,,01臺北市,中正區,,,擬訂臺北市中正區福和段二小段75地號等2筆土地都市更新事業計畫及權利變換案,,,,水源路四五期整宅都市更新會,完工,,2014/4/24,,,3008,,,權利變換,,,,121.52415856249999,25.0189221875,,,,,,,,,,併送,,,2018年,陳肇勳建築師事務所,,,優先-6#,聖洪建築師事務所,
已核定重建更新事業-優先劃定,大可山石,北201,,,01臺北市,北投區,,,擬訂臺北市北投區奇岩段四小段11地號等1筆土地都市更新事業計畫案,,,,東煒建設股份有限公司,完工,,2014/10/24,,,2866,,,協議合建,,,,121.5025678076923,25.1290835,,,,,,,,,,-,,,2019年,邱垂睿建築師事務所,,,優先-6#,呂大吉建築師事務所,
已核定重建更新事業-優先劃定,,北216,,,01臺北市,大同區,,,擬訂臺北市大同區雙連段二小段208地號55筆(原54筆)土地都市更新事業計案,,,,洪圓建設股份有限公司,核定,,2015/5/29,,,6277.25,,,權利變換,,,,121.51515231249999,25.0624265,,,,,,,,,,分送,,,,鄭復綱建築師事務所、姚永和建築師事務所,,,優先-6#,奇模工程有限公司,
已核定重建更新事業-優先劃定,,北220,,,01臺北市,大同區,,,擬訂臺北市大同區市府段一小段764-6地號等77筆土地都市更新事業計畫案,,,,常德建設股份有限公司,核定,,2015/6/10,,,2774.74,,,權利變換,,,,121.5179328235294,25.049919705882353,,,,,,,,,,分送,,,,林材碩建築師事務所、築韻室內裝修設計工程有限公司,,,優先-6#,爵鼎都市建築股份有限公司,
已核定重建更新事業-優先劃定,逸仙569,北128,,,01臺北市,信義區,,,擬訂臺北市信義區逸仙段二小段107-2地號等9筆土地都市更新事業計畫及權利變換計畫案,,,,允鵬建設股份有限公司,完工,,2012/5/18,,,1232,,,權利變換,,https://www.chinatimes.com/newspapers/20171019000444-260107,,121.56423143243244,25.041831,,,,,,,,,,併送,,,2016年,陳傳宗建築師事務所,,,優先-6#,陳傳宗建築師事務所,
已核定重建更新事業-優先劃定,CITY ONE,北055,,,01臺北市,松山區,,,擬訂臺北市松山區延吉段一小段175地號等6筆土地都市更新事業計畫案,,,,麗寶建設股份有限公司,完工,,2008/1/15,,,1773,,,協議合建,,,,121.55733194117647,25.04544511764706,,,,,,,,,,-,,,2012年,王正偉建築師事務所,,,優先-6#,緯城土地規劃工程顧問有限公司,
已核定重建更新事業-優先劃定,千荷田,北061,,,01臺北市,中正區,,,擬訂臺北市中正區永昌段六小段158地號等48筆土地都市更新事業計畫案,,,,吉美建設事業股份有限公司(原富廣開發),完工,,2008/6/3,,,3855,,,權利變換,,http://www.ur.org.tw/plan/career_view/25,,121.50652203448276,25.03087079310345,,,,,,,,,,分送,,,2012年,唐吉生建築師事務所,,,優先-6#,財團法人都市更新研究發展基金會,
已核定重建更新事業-優先劃定,大同世界一期,北021,,,01臺北市,大同區,,,擬訂臺北市大同區大龍段二小段15地號等7筆土地都市更新事業計畫案,,,,尚志資產開發股份有限公司,完工,,2005/4/16,,,3614,,,協議合建,,,,121.51719307142858,25.07522985714286,,,,,,,,,,-,,,2008年,大矩聯合建築師事務所,,,優先-6#,大矩聯合建築師事務所,
已核定重建更新事業-優先劃定,大同世界二期,北028,,,01臺北市,大同區,,,擬訂臺北市大同區大龍段二小段23地號等6筆土地都市更新事業計畫及權利變換計畫案,,,,尚志資產開發股份有限公司,完工,,2006/6/9,,,2659,,,權利變換,,http://www.ur.org.tw/plan/career_view/17,,121.51676392592593,25.07571562962963,,,,,,,,,,併送,,,2009年,大矩聯合建築師事務所,,,優先-6#,財團法人都市更新研究發展基金會,
已核定重建更新事業-優先劃定,大湖朕寶,北125,,,01臺北市,內湖區,,,擬訂臺北市內湖區康寧段三小段626地號等54筆土地都市更新事業計畫及權利變換計畫案,,,,華和資產管理股份有限公司(原康證資產管理),完工,,2012/1/19,,,2639.83,,,權利變換,,,,121.59365158536585,25.079795658536586,,,,,,,,,,併送,,,2017年,葉日明建築師事務所,,,優先-6#,鼎昌建築管理股份有限公司,
已核定重建更新事業-優先劃定,中山文華,北186,,,01臺北市,大同區,,,擬訂臺北市大同區圓環段一小段385地號等24筆土地都市更新事業計畫及權利變換計畫案,,,,樂揚建設股份有限公司,完工,,2014/2/27,,,994,,,權利變換,,http://www.leyoung.com.tw/2017/01/09/%e4%b8%ad%e5%b1%b1%e6%96%87%e8%8f%af/,,121.5187094,25.0556674,,,,,,,,,,併送,,,2017年,林?瑞建築師事務所,,,優先-6#,台北再開發規劃股份有限公司,
已核定重建更新事業-優先劃定,中正晏京,北120,,,01臺北市,中正區,,,擬訂臺北市中正區河堤段四小段527地號等22筆土地都市更新事業計畫案,,,,汎利建設股份有限公司,完工,,2011/11/14,,,1089,,,協議合建,,,,121.51771586666666,25.025554933333332,,,,,,,,,,-,,,2017年,蕭家福建築師事務所,,,優先-6#,呂大吉建築師事務所,
已核定重建更新事業-優先劃定,文心AIT,北033,,,01臺北市,內湖區,,,擬訂臺北市內湖區康寧段三小段491地號等15筆土地都市更新事業計畫案,,,,文心建設股份有限公司(原巧洋實業),完工,,2006/9/19,,,6417,,,協議合建,,http://www.win-sing.com.tw/hope_01_a1.html,,121.59830353333334,25.07986573333333,,,,,,,,,,-,,,2012年,紹洋建築師事務所,,,優先-6#,紹洋建築師事務所,
已核定重建更新事業-優先劃定,文林苑,北084,,,01臺北市,士林區,,,擬訂臺北市士林區陽明段一小段771-2地號等21筆土地都市更新事業計畫及權利變換計畫案,,,,樂揚建設股份有限公司,完工,,2009/6/17,,,1923,,,權利變換,,http://www.ur.org.tw/plan/career_view/30,,121.52428755172413,25.09779017241379,,,,,,,,,,併送,,,2016年,林?瑞建築師事務所,,,優先-6#,財團法人都市更新研究發展基金會,
已核定重建更新事業-優先劃定,北投大漢,北014,,,01臺北市,北投區,,,擬訂臺北市北投區大業段三小段461地號等9筆土地都市更新事業計畫案,,,,大漢建設股份有限公司,完工,,2004/11/8,,,2331,,,協議合建,,,,121.49960114634146,25.131728463414635,,,,,,,,,,-,,,2007年,金以容建築師事務所,,,優先-6#,金以容建築師事務所,
已核定重建更新事業-優先劃定,台大緣,北048,,,01臺北市,文山區,,,擬訂臺北市文山區萬隆段二小段468地號等58筆土地都市更新事業計畫案,,,,鴻暘建設股份有限公司,完工,,2007/10/17,,,3998.87,,,協議合建,,,,121.53578086046512,25.003712325581397,,,,,,,,,,-,,,2011年,郭耀聰建築師事務所,,,優先-6#,合邑都市更新股份有限公司,
已核定重建更新事業-優先劃定,台北紐約,北010,,,01臺北市,文山區,,,擬訂臺北市文山區景美段五小段158地號土地都市更新事業計畫案,,,,金環建設股份有限公司,完工,,2004/5/10,,,1308,,,自地自建,,,,121.54007838461538,24.989961076923077,,,,,,,,,,-,,,2007年,程景玄建築師事務所,,,優先-6#,程景玄建築師事務所,
已核定重建更新事業-優先劃定,台北摩根,北027,,,01臺北市,松山區,,,擬訂臺北市松山區寶清段四小段599地號等27筆土地都市更新事業計畫案,,,,興富發建設股份有限公司,完工,,2006/4/18,,,2011,,,協議合建,,,,121.56470291666668,25.0518485,,,,,,,,,,-,,,2009年,梁正芳建築師事務所,,,優先-6#,梁正芳建築師事務所,
已核定重建更新事業-優先劃定,台新金控大樓,北001,,,01臺北市,大安區,,,擬訂臺北市大安區仁愛段四小段54地號等3筆土地(原財神酒店案)都市更新事業計畫案,,,,台新國際商業銀行股份有限公司,完工,,2002/3/21,,,2632,,,自地自建,,,,121.54982431034483,25.037437862068966,,,,,,,,,,-,,,2005年,沈祖海聯合建築師事務所,,,優先-6#,沈祖海聯合建築師事務所,
已核定重建更新事業-優先劃定,宏盛國際金融中心,北102,,,01臺北市,中山區,,,擬訂臺北市中山區長安段一小段210地號土地都市更新事業計畫案,,,,宏盛建設股份有限公司,完工,,2010/8/26,,,3262,,,協議合建,,http://www.hsc.com.tw/projects.php?cid=193393814AB1D3C0#,,121.54162805882353,25.051488470588236,,,,,,,,,,-,,,2014年,梁正芳建築師事務所,,,優先-6#,梁正芳建築師事務所,
已核定重建更新事業-優先劃定,言葉,北127,,,01臺北市,大同區,,,擬訂臺北市大同區雙連段一小段407地號等13筆土地都市更新事業計畫及權利變換計畫案,,,,永德國際開發股份有限公司,完工,,2012/3/16,,,1618,,,權利變換,,http://www.ur.org.tw/plan/career_view/45,,121.52022770588235,25.05906482352941,,,,,,,,,,併送,,,2015年,陳德樺建築師事務所,,,優先-6#,財團法人都市更新研究發展基金會,
已核定重建更新事業-優先劃定,和平大苑,北043,,,01臺北市,大安區,,,擬訂臺北市大安區金華段二小段963地號等12筆土地都市更新事業計畫案,,,,元利建設企業股份有限公司,完工,,2007/9/6,,,2893,,,協議合建,,,,121.52642285714286,25.027184714285713,,,,,,,,,,-,,,2014年,陳傳宗建築師事務所,,,優先-6#,陳傳宗建築師事務所,
已核定重建更新事業-優先劃定,東西匯,北093,,,01臺北市,中山區,,,擬訂臺北市中山區德惠段二小段573地號等56筆土地都市更新事業計畫案,,,,忠泰樂揚建設股份有限公司,完工,,2010/2/11,,,3319.04,,,權利變換,,,,121.53284555555555,25.064323833333333,,,,,,,,,,分送,,,2015年,王克誠建築師事務所,,,優先-6#,弘傑都市規劃股份有限公司,
已核定重建更新事業-優先劃定,花里洋,北034,,,01臺北市,內湖區,,,擬訂臺北市內湖區康寧段三小段430-10地號等6筆土地都市更新事業計畫案,,,,巧洋實業股份有限公司,完工,,2006/11/10,,,1718,,,協議合建,,,,121.59790618518518,25.080738222222223,,,,,,,,,,-,,,2010年,簡俊卿建築師事務所,,,優先-6#,簡俊卿建築師事務所,
已核定重建更新事業-優先劃定,長虹虹頂,北040,,,01臺北市,士林區,,,擬訂臺北市士林區光華段一小段15-3地號等6筆土地都市更新事業計畫及權利變換計畫案,,,,長虹建設股份有限公司,完工,,2007/6/21,,,2023,,,權利變換,,http://www.ur.org.tw/plan/career_view/22,,121.52775094117646,25.094932823529412,,,,,,,,,,併送,,,2011年,黃永沃建築師事務所,,,優先-6#,財團法人都市更新研究發展基金會,
已核定重建更新事業-優先劃定,青玉岸,北052,,,01臺北市,文山區,,,擬訂臺北市文山區萬慶段三小段483-3地號等16筆土地都市更新計畫及權利變換計畫案,,,,世豐國際開發股份有限公司,完工,,2007/12/28,,,1795,,,權利變換,,http://www.ur.org.tw/plan/career_view/19,,121.537829625,24.9914008,,,,,,,,,,併送,,,2010年,九典聯合建築師事務所,,,優先-6#,財團法人都市更新研究發展基金會,
已核定重建更新事業-優先劃定,信邑,北091,,,01臺北市,信義區,,,擬訂臺北市信義區虎林段四小段629地號等12筆土地都市更新事業計畫案,,,,和暘建設股份有限公司,完工,,2009/12/5,,,1761,,,權利變換,,https://tw.appledaily.com/finance/daily/20140726/35980835,,121.5738787826087,25.04637,,,,,,,,,,分送,,,2018年,侯宗仁建築師事務所,,,優先-6#,緯城土地規劃工程顧問有限公司,
已核定重建更新事業-優先劃定,城市花園,北019,,,01臺北市,文山區,,,擬訂臺北市文山區景美段一小段501地號等7筆土地都市更新事業計畫及權利變換計畫案,,,,民凱建設股份有限公司,完工,,2005/3/18,,,2184,,,權利變換,,,,121.54221629411765,24.998113220588234,,,,,,,,,,併送,,,2007年,戚雅各建築師事務所,,,優先-6#,昶欣顧問有限公司,
已核定重建更新事業-優先劃定,建北大樓、松江敦華,北023,,,01臺北市,中山區,,,擬訂臺北市中山區榮星段六小段53地號等16筆土地都市更新事業計畫及權利變換計畫案,,,,興富發建設股份有限公司(原美孚建設),完工,,2005/11/3,,,5670.4,,,權利變換,,http://www.ur.org.tw/plan/career_view/31,,121.53631246511628,25.061322837209303,,,,,,,,,,併送,,,2007年,大元聯合建築師事務所,,,優先-6#,財團法人都市更新研究發展基金會,
已核定重建更新事業-優先劃定,皇翔玉璽,北056,,,01臺北市,大同區,,,擬訂臺北市大同區大龍段一小段265-7地號等2筆(原8筆)土地都市更新事業計畫案,,,,皇翔建設股份有限公司,完工,,2008/1/25,,,2207,,,協議合建,,,,121.51915691666666,25.0721775,,,,,,,,,,-,,,2012年,陳克聚建築師事務所,,,優先-6#,弘傑不動產顧問股份有限公司,
已核定重建更新事業-優先劃定,首善,北059,,,01臺北市,大同區,,,擬訂臺北市大同區雙連段二小段190地號等50筆土地都市更新事業事業計畫及權利變換計畫案,,,,廣宇建設實業股份有限公司,完工,,2008/3/17,,,3163.62,,,權利變換,,http://dtrc.com.tw/project_detail/10,,121.51545165853659,25.06055712195122,,,,,,,,,,併送,,,2011年,劉文岱建築師事務所,,,優先-6#,丹棠開發股份有限公司,
已核定重建更新事業-優先劃定,真理堂,北002,,,01臺北市,大安區,,,擬訂臺北市大安區龍泉段一小段712地號土地(原真理堂)都市更新事業計畫案,,,,勝堡村營造工程股份有限公司,完工,,2002/6/6,,,2181,,,自地自建,,,,121.53299633333333,25.018638083333332,,,,,,,,,,-,,,2005年,潘冀聯合建築師事務所,,,優先-6#,潘冀聯合建築師事務所,
已核定重建更新事業-優先劃定,國揚天母,北074,,,01臺北市,士林區,,,擬訂臺北市士林區蘭雅段二小段87地號等30筆土地都市更新事業計畫及權利變換計畫案,,,,國揚實業股份有限公司,完工,,2009/1/9,,,2751,,,權利變換,,http://www.ur.org.tw/plan/career_view/32,,121.52451846875,25.103548625,,,,,,,,,,併送,,,2012年,金以容建築師事務所,,,優先-6#,財團法人都市更新研究發展基金會,
已核定重建更新事業-優先劃定,崇仁花園,北018,,,01臺北市,萬華區,,,擬訂臺北市萬華區青年段一小段711地號、二小段18地號(原崇仁新村)都市更新事業計畫及權利變換計畫案,,,,國防部總政治作戰局,完工,,2005/2/24,,,17619,,,權利變換,,,,121.50137844262295,25.021024032786887,,,,,,,,,,併送,,,2008年,喻台生建築師事務所,,,優先-6#,喻台生建築師事務所,
已核定重建更新事業-優先劃定,崇偉S計畫,北047,,,01臺北市,內湖區,,,擬訂臺北市內湖區潭美段四小段417地號等3筆土地都市更新事業計畫案,,,,崇偉營造工程股份有限公司,完工,,2007/10/16,,,1507,,,協議合建,,,,121.580008,25.054736620689656,,,,,,,,,,-,,,2010年,俞聖衡建築師事務所,,,優先-6#,崇偉營造工程股份有限公司,
已核定重建更新事業-優先劃定,御成町,北022,,,01臺北市,中山區,,,擬訂臺北市中山區中山段四小段473地號等8筆土地都市更新事業計畫及權利變換計畫案,,,,允鵬建設股份有限公司,完工,,2005/9/8,,,1218,,,權利變換,,,,121.52086427272727,25.05531409090909,,,,,,,,,,併送,,,2008年,陳傳宗建築師事務所,,,優先-6#,陳傳宗建築師事務所,
已核定重建更新事業-優先劃定,梵諦崗,北025,,,01臺北市,中山區,,,擬訂臺北市中山區吉林段四小段348地號等21筆土地都市更新事業計畫及權利變換計畫案,,,,台峰建設開發股份有限公司,完工,,2006/1/24,,,2557,,,權利變換,,,,121.528064,25.055973357142857,,,,,,,,,,併送,,,2009年,李榮杰、陳國偉建築師事務所,,,優先-6#,國土不動產投資顧問股份有限公司,
已核定重建更新事業-優先劃定,第凡內,北062,,,01臺北市,文山區,,,擬訂臺北市文山區景美段五小段178地號等5筆(羅斯福路市有眷舍及毗鄰)土地都市更新事業計畫及權利變換計畫案,,,,華非建設股份有限公司,完工,,2008/6/18,,,1556,,,權利變換,,,,121.54071260344827,24.989890517241378,,,,,,,,,,併送,,,2012年,黃翔龍建築師事務所,,,優先-6#,邑相更新規劃股份有限公司,
已核定重建更新事業-優先劃定,敦南寓邸,北136,,,01臺北市,大安區,,,擬訂臺北市大安區學府段一小段516地號等4筆土地都市更新事業計畫及權利變換計畫案,,,,贊富建設股份有限公司,完工,,2012/11/24,,,1508,,,權利變換,,,,121.54717081818181,25.020714954545454,,,,,,,,,,併送,,,2016年,劉學昇建築師事務所,,,優先-6#,台北再開發規劃股份有限公司,
已核定重建更新事業-優先劃定,森之丘,北039,,,01臺北市,南港區,,,擬訂臺北市南港區新光段二小段89地號等22筆土地都市更新事業計畫及權利變換計畫案,,,,太平洋建設股份有限公司,完工,,2007/5/18,,,3603,,,權利變換,,http://www.ur.org.tw/plan/career_view/26,,121.58925323728813,25.046377101694915,,,,,,,,,,併送,,,2010年,金以容建築師事務所,,,優先-6#,財團法人都市更新研究發展基金會,
已核定重建更新事業-優先劃定,紫鼎,北134,,,01臺北市,中正區,,,擬訂臺北市中正區城中段三小段116地號土地都市更新事業計畫案,,,,皇翔建設股份有限公司,完工,,2012/10/5,,,1525,,,協議合建,,http://www.hhe.com.tw/case-5.html,,121.50799585714286,25.037692,,,,,,,,,,-,,,2016年,吳非士建築師事務所,,,優先-6#,規模工程顧問有限公司,
已核定重建更新事業-優先劃定,雅景花園,北064,,,01臺北市,文山區,,,擬訂臺北市文山區景美段一小段522地號等27筆土地都市更新事業計畫及權利變換計畫案,,,,龍都建設股份有限公司,完工,,2008/7/17,,,3324,,,權利變換,,http://www.ur.org.tw/plan/career_view/18,,121.54217690384615,24.99788167307692,,,,,,,,,,併送,,,2010年,戚雅各建築師事務所,,,優先-6#,財團法人都市更新研究發展基金會,
已核定重建更新事業-優先劃定,景山硯,北106,,,01臺北市,文山區,,,擬訂臺北市文山區木柵段四小段264地號等6筆土地都市更新事業計畫案,,,,山秦盛建設股份有限公司,完工,,2010/12/10,,,1879,,,協議合建,,,,121.56413513636363,24.98414427272727,,,,,,,,,,-,,,2013年,張力文建築師事務所,,,優先-6#,緯城土地規劃工程顧問有限公司,
已核定重建更新事業-優先劃定,新美館,北046,,,01臺北市,松山區,,,擬訂臺北市松山區寶清段三小段362地號等34筆土地都市更新事業計畫案,,,,國美建設股份有限公司,完工,,2007/10/2,,,4130,,,權利變換,,http://www.ur.org.tw/plan/career_view/16,,121.56680570588236,25.053975647058824,,,,,,,,,,分送,,,2011年,簡俊卿建築師事務所,,,優先-6#,財團法人都市更新研究發展基金會,
已核定重建更新事業-優先劃定,和峰,北099,,,01臺北市,北投區,,,擬訂臺北市北投區奇岩段四小段13地號等2筆土地都市更新事業計畫及權利變換計畫案,,,,新潤建設股份有限公司,完工,,2012/4/11,,,2460,,,權利變換,,原核定日期為2010/06/07,於2011/06/23原處分撤銷,121.50247941935484,25.12932593548387,,,,,,,,,,併送,,,2014年,周文斌建築師事務所,,,北099,逢達不動產開發顧問股份有限公司,
已核定重建更新事業-優先劃定,萬喆,北154,,,01臺北市,萬華區,,,擬訂臺北市萬華區雙園段二小段505地號等77筆土地都市更新事業計畫及權利變換計畫案,,,,三一建設股份有限公司,完工,,2013/4/29,,,3758.12,,,權利變換,,,,121.49550914634146,25.024748487804878,,,,,,,,,,併送,,,2017年,朱文熙建築師事務所,,,優先-6#,力冠丰都市規劃有限公司,
已核定重建更新事業-優先劃定,萬花園,北108,,,01臺北市,萬華區,,,擬訂臺北市萬華區萬大段二小段468地號等49筆土地都市更新事業計畫及權利變換計畫案,,,,潤泰創新國際股份有限公司,完工,,2011/2/15,,,4177,,,權利變換,,,,121.49803464705882,25.024281588235294,,,,,,,,,,併送,,,2015年,李安憲建築師事務所,,,優先-6#,邑相更新規劃股份有限公司,
已核定重建更新事業-優先劃定,鼎隆苑,北069,,,01臺北市,文山區,,,擬訂臺北市文山區興隆段二小段377地號等35筆土地都市更新事計畫案,,,,福隆建設股份有限公司,完工,,2008/12/19,,,3660,,,權利變換,,,,121.54552739130435,24.99931804347826,,,,,,,,,,分送,,,2013年,邱垂睿建築師事務所,,,優先-6#,東亞建築經理股份有限公司,
已核定重建更新事業-優先劃定,碧湖君鄰,北100,,,01臺北市,內湖區,,,擬訂臺北市內湖區文德段一小段3地號等24筆土地都市更新事業計畫及權利變換計畫案,,,,友座建設股份有限公司,完工,,2010/6/24,,,5761,,,權利變換,,,,121.58972395,25.08163311,,,,,,,,,,併送,,,2014/1/1,劉家華建築師事務所、場域設計有限公司,,,優先-6#,衡邦工程顧問股份有限公司,
已核定重建更新事業-優先劃定,臺大OPUS ONE,北045,,,01臺北市,中正區,,,擬訂臺北市中正區福和段一小段165地號等26筆土地都市更新事業計畫案,,,,保強建設開發股份有限公司,完工,,2007/10/1,,,2918.2,,,權利變換,,,,121.52846438888889,25.019916055555555,,,,,,,,,,分送,,,2016年,黃秀莊建築師事務所,,,優先-6#,黃秀莊建築師事務所,
已核定重建更新事業-優先劃定,興天地,北060,,,01臺北市,大同區,,,擬訂臺北市大同區玉泉段一小段11地號等73筆土地都市更新事業計畫及權利變換計畫案,,,,興洋建設股份有限公司,完工,,2008/5/15,,,2605.1,,,權利變換,,http://www.ur.org.tw/plan/career_view/27,,121.51402778846153,25.053740615384616,,,,,,,,,,併送,,,2012/1/1,陳宇人建築師事務所、吳成榮建築師事務所,,,優先-6#,財團法人都市更新研究發展基金會,
已核定重建更新事業-優先劃定,靜心文匯,北168,,,01臺北市,文山區,,,擬訂臺北市文山區興安段二小段628-1地號等12筆土地都市更新事業計畫案,,,,躍翔建設股份有限公司,完工,,2013/9/30,,,3491,,,協議合建,,,,121.54788947560975,24.998859853658537,,,,,,,,,,-,,,2016年,吳非士建築師事務所,,,優先-6#,冠濠開發顧問股份有限公司,
已核定重建更新事業-優先劃定,優勝美地,北042,,,01臺北市,內湖區,,,擬訂臺北市內湖區石潭段三小段660地號等6筆土地都市更新事業計畫案,,,,東馬建設股份有限公司,完工,,2007/7/27,,,6337.69,,,協議合建,,,,121.59199739344263,25.065342737704917,,,,,,,,,,-,,,2011年,王正偉建築師事務所,,,優先-6#,新境國際規劃設計顧問有限公司,
已核定重建更新事業-優先劃定,聯勤三喜,北138,,,01臺北市,內湖區,,,擬訂臺北市內湖區石潭段三小段479地號等13筆土地都市更新事業計畫及權利變換計畫案,,,,聯勤建設實業股份有限公司,完工,,2012/12/21,,,1037.34,,,權利變換,,http://www.ur.org.tw/plan/career_view/41,,121.59241195999999,25.0656184,,,,,,,,,,併送,,,2016年,三門聯合建築師事務所,,,優先-6#,財團法人都市更新研究發展基金會,
已核定重建更新事業-優先劃定,藏富,北044,,,01臺北市,松山區,,,擬訂臺北市松山區西松段一小段125地號等25筆土地都市更新事業計畫案,,,,博元建設股份有限公司,完工,,2007/9/14,,,2360,,,協議合建,,,,121.56311722222222,25.051801444444443,,,,,,,,,,-,,,2010年,梁正芳建築師事務所,,,優先-6#,梁正芳建築師事務所,
已核定重建更新事業-優先劃定,雙橡園,北041,,,01臺北市,中山區,,,擬訂臺北市中山區長春段二小段559-5地號等80筆土地都市更新事業計畫及權利變換計畫案,,,,華固建設股份有限公司,完工,,2007/7/6,,,4359.61,,,權利變換,,http://www.ur.org.tw/plan/career_view/7,,121.53806005,25.0540027,,,,,,,,,,併送,,,2009年,陳克聚建築師事務所,,,優先-6#,財團法人都市更新研究發展基金會,
已核定重建更新事業-優先劃定,麗景天廈,北015,,,01臺北市,文山區,,,擬訂臺北市文山區萬慶段三小段434地號等4筆土地都市更新事業計畫案,,,,全陽建設股份有限公司,完工,,2005/2/2,,,1733,,,自地自建,,http://www.ur.org.tw/plan/career_view/15,,121.5380111,24.99177388,,,,,,,,,,-,,,2007年,太乙建築師事務所,,,優先-6#,財團法人都市更新研究發展基金會,
已核定重建更新事業-優先劃定,翔譽愛力,北222,,,01臺北市,內湖區,,,擬訂臺北市內湖區潭美段四小段481地號等4筆土地都市更新事業計畫案,,,,翔譽國際建設股份有限公司,完工,,2015/7/3,,,2092,,,協議合建,,,,121.57931580487805,25.054657536585367,,,,,,,,,,-,,,2019年,陳廷杰建築師事務所,,,優先-6#,冠霖不動產顧問股份有限公司,
已核定重建更新事業-優先劃定,鼎邦采吉,北230,,,01臺北市,信義區,,,擬訂臺北市信義區虎林段四小段310地號等34筆土地都市更新事業及權利變換計畫案,,,,鳳磐開發股份有限公司,完工,,2015/11/4,,,1498,,,權利變換,,http://www.foundplus.com.tw/cases_01.php?guid=935c0d2c-dde9-11e0-800b-0016e6676417,,121.57456576470588,25.046799470588237,,,,,,,,,,併送,,,2021,陳肇勳建築師事務所,,,優先-6#,陳肇勳建築師事務所,
已核定重建更新事業-優先劃定,然花苑,北234,,,01臺北市,中山區,,,擬訂臺北市中山區長安段二小段63地號等14筆土地都市更新事業計畫及權利變換計畫案,,,,樂揚建設股份有限公司,完工,,2015/12/4,,,1472,,,權利變換,,http://www.leyoung.com.tw/2017/01/09/然花苑/,,121.54288075,25.04758,,,,,,,,,,分送,,,2018年,陳明烈建築師事務所,,,優先-6#,拓築不動產顧問股份有限公司,
已核定重建更新事業-優先劃定,士林一品,北240,,,01臺北市,士林區,,,擬訂臺北市士林區光華段四小段508-6地號等29筆土地都市更新事業計畫案,,,,東馬建設股份有限公司,完工,,2015/12/30,,,3287.54,,,權利變換,,,,121.52402385106383,25.089123936170214,,,,,,,,,,分送,,,2025,王正偉建築師事務所,,,優先-6#,緯城土地規劃工程顧問有限公司,
已核定重建更新事業-優先劃定,大安傳家,北255,,,01臺北市,大安區,,,擬訂臺北市大安區金華段四小段513-3地號等11筆土地都市更新事業計畫案,,,,江陵機電股份有限公司,完工,,2016/7/25,,,1858,,,協議合建,,http://www.konglin.com.tw/urban_redevelopment_case02.html,,121.52547235294118,25.028293823529413,,,,,,,,,,-,,,2019,賴永鏞建築師事務所,,,優先-6#,日觀實業股份有限公司,
已核定重建更新事業-優先劃定,新潤朗格,北253,,,01臺北市,中山區,,,擬訂臺北市中山區長春段二小段775地號等3筆土地都市更新事業計畫案,,,,御上建設股份有限公司,完工,,2016/7/15,,,1043,,,協議合建,,,,121.53806313333334,25.0530674,,,,,,,,,,-,,,2025,陳廷杰建築師事務所,,,優先-6#,合邑都市更新股份有限公司,
已核定重建更新事業-優先劃定,華固樂慕,北257,,,01臺北市,中山區,,,擬訂臺北市中山區長安段二小段356地號等26筆土地都市更新事業計畫及權利變換計畫案,,,,華固建設股份有限公司,完工,,2016/8/31,,,2153,,,權利變換,,http://www.huaku.com.tw/caseInfo?i=3,,121.53724533333333,25.046527277777777,,,,,,,,,,併送,,,2018年,簡俊卿建築師事務所,,,優先-6#,弘傑開發事業股份有限公司,
已核定重建更新事業-優先劃定,大安富御,北258,,,01臺北市,大安區,,,擬訂臺北市大安區辛亥段四小段496-13地號等14筆土地都市更新事業計畫及權利變換計畫案,,,,贊暘建設開發股份有限公司,完工,,2016/9/2,,,1041,,,權利變換,,,,121.5595183,25.016666700000002,,,,,,,,,,併送,,,2025,陳克聚建築師事務所,,,優先-6#,邑相更新規劃股份有限公司,
已核定重建更新事業-優先劃定,伯特利-光之寓所,北261,,,01臺北市,內湖區,,,擬訂臺北市內湖區石潭段三小段482地號等8筆土地都市更新事業計畫及權利變換計畫案,,,,敦福開發股份有限公司,完工,,2016/9/23,,,1725.03,,,權利變換,,,,121.59196046153846,25.06588975,,,,,,,,,,併送,,,2022,簡俊卿建築師事務所,,,優先-6#,簡俊卿建築師事務所,
已核定重建更新事業-優先劃定,忠孝詠吉,北264,,,01臺北市,南港區,,,擬訂臺北市南港區玉成段三小段711-3地號等24筆土地都市更新事業計畫案及權利變換計畫案,,,,虹欣建設股份有限公司,完工,,2016/11/2,,,5673,,,權利變換,,http://www.ur.org.tw/plan/career_view/10,,121.5821207027027,25.045916324324324,,,,,,,,,,併送,,,2024,周文斌建築師事務所,,,優先-6#,財團法人都市更新研究發展基金會,
已核定重建更新事業-優先劃定,民凱萬錦,北280,,,01臺北市,萬華區,,,擬訂臺北市萬華區萬大段一小段519-2地號等35筆土地都市更新事業計畫及權利變換計畫案,,,,民凱建設股份有限公司,完工,,2017/4/19,,,3633,,,權利變換,,,,121.49732125,25.025795583333334,,,,,,,,,,併送,,,2023,三門聯合建築師事務所,,,優先-6#,弘傑不動產事業股份有限公司,
已核定重建更新事業-優先劃定,千曜學,北282,,,01臺北市,萬華區,,,擬訂臺北市萬華區莒光段三小段466地號等11筆土地都市更新事業計畫案,,,,千曜開發實業股份有限公司,完工,,2017/4/26,,,576,,,協議合建,,,,121.49719155,25.030484350000002,,,,,,,,,,-,,,2020年,章聖雄建築師事務所,,,優先-6#,謝欽宗建築師事務所、冠霖不動產顧問(股)公司,
已核定重建更新事業-優先劃定,吉美大安花園,北283,,,01臺北市,大安區,,,擬訂臺北市大安區大安段一小段421地號等16筆土地都市更新事業計畫及權利變換計畫案,,,,吉美建設股份有限公司,完工,,2017/4/28,,,3196,,,權利變換,,,,121.54524842424243,25.031519424242425,,,,,,,,,,併送,,,2021,高鴻文建築師事務所,,,優先-6#,園皓都市規劃有限公司,
已核定重建更新事業-優先劃定,忠泰同,北295,,,01臺北市,大同區,,,擬訂臺北市大同區橋北段二小段358地號等11筆土地都市更新事業計畫案,,,,忠泰建設股份有限公司,完工,,2017/8/18,,,862,,,協議合建,,,,121.5133872,25.0652608,,,,,,,,,,-,,,2020,陳浩怡建築師事務所,,,優先-6#,園皓都市規劃有限公司,
已核定重建更新事業-優先劃定,亞昕華威,北296,,,01臺北市,大同區,,,擬訂臺北市大同區玉泉段一小段874地號等28筆土地都市更新事業計畫案,,,,華威聯合股份有限公司,完工,,2017/8/18,,,1937,,,協議合建,,,,121.51236511111111,25.0504525,,,,,,,,,,-,,,2024,元宏聯合建築師事務所,,,優先-6#,安邦工程顧問股份有限公司,
已核定重建更新事業-優先劃定,京王,北300,,,01臺北市,大同區,,,擬訂臺北市大同區市府段一小段858地號等31筆土地都市更新事業計畫及權利變換計畫案,,,,富享建設股份有限公司,完工,,2017/10/5,,,2019,,,權利變換,,http://fushe.pixnet.net/blog,,121.51738875,25.0506115,,,,,,,,,,併送,,,2022,吳非士建築師事務所,,,優先-6#,正宇都市更新股份有限公司,
已核定重建更新事業-優先劃定,,北314,,,01臺北市,北投區,,,擬訂臺北市北投區大業段三小段314地號等21筆土地都市更新事業計畫及權利變換計畫案,,,,興富發建設股份有限公司,核定,,2017/12/6,,,1693,,,權利變換,,,,121.50094322222222,25.131008814814816,,,,,,,,,,併送,,,,蕭家福建築師事務所,,,優先-6#,力冠丰都市規劃有限公司,
已核定重建更新事業-優先劃定,中山里仁,北320,,,01臺北市,中山區,,,擬訂臺北市中山區中山段四小段580地號等8筆土地都市更新事業計畫案,,,,保強建設開發股份有限公司,完工,,2018/1/10,,,1233,,,權利變換,,,,121.52086672727273,25.05487009090909,,,,,,,,,,分送,,,2024,十方聯合建築師事務所,,,優先-6#,安邦工程顧問股份有限公司,
已核定重建更新事業-優先劃定,城市莊園,北323,,,01臺北市,大同區,,,擬訂臺北市大同區雙連段二小段203-1地號等98筆土地都市更新事業計畫案,,,,大業欣建設股份有限公司,完工,,2018/2/9,,,4720,,,協議合建,,,,121.51536884375,25.06202209375,,,,,,,,,,-,,,2021,李岳軍建築師事務所,,,優先-6#,園皓都市規劃有限公司,
已核定重建更新事業-優先劃定,斯文首善,北324,,,01臺北市,大同區,,,擬訂臺北市大同區大同段一小段447-2地號等2筆土地都市更新事業計畫及權利變換計畫案,,,,臺北市政府,完工,,2018/2/14,,,3219,,,權利變換,,https://uro.gov.taipei/News_Content.aspx?n=A82A6F7E38FAC0B6&sms=21255F8ED5270E73&s=F7C275CBE0B6254F,,121.51703841666667,25.067034166666666,,,,,,,,,,併送,,,2022,財團法人臺北市都市更新推動中心,,,優先-6#,財團法人臺北市都市更新推動中心,
已核定重建更新事業-優先劃定,,北176,,,01臺北市,南港區,,,擬訂臺北市南港區南港段二小段528地號等16筆土地都市更新事業計畫案,,,,築源建設股份有限公司,核定,,2013/11/27,,,6953.06,,,權利變換,,,,121.61235026,25.05476537,,,,,,,,,,分送,,,,王正偉建築師事務所,,,優先-6#,緯城土地規劃工程顧問有限公司,
已核定重建更新事業-優先劃定,,北198,,,01臺北市,萬華區,,,擬訂臺北市萬華區華中段一小段201-2、352地號等26筆土地都市更新事業計畫案,,,,鄉林建設事業股份有限公司(原大方建設),核定,,2014/4/25,,,7025,,,權利變換,,,,121.49646002083334,25.021936395833333,,,,,,,,,,分送,,,,黃翔龍建築師事務所,,,優先-6#,中興都更事業股份有限公司,
已核定重建更新事業-優先劃定,宏國大道城,北256,,,01臺北市,大同區,,,擬訂臺北市大同區圓環段一小段103-2地號等48筆土地都市更新事業計畫案,,,,大陞開發股份有限公司,核定,,2016/8/11,,,6969,,,協議合建,,,,121.51900574137932,25.05660974137931,,,,,,,,,,-,,,,王克誠建築師事務所,,,優先-6#,王克誠建築師事務所,
已核定重建更新事業-優先劃定,華榮市場,北326,,,01臺北市,士林區,,,擬訂臺北市士林區陽明段三小段627地號等3筆土地都市更新事業計畫案,,,,臺北市政府,完工,,2018/3/28,,,3090,,,自地自建,,,,121.52245212790697,25.096469674418604,,,,,,,,,,-,,,2024,-,,,優先-6#,-,
已核定重建更新事業-優先劃定,吉美樂河,北328,,,01臺北市,大同區,,,擬訂臺北市大同區橋北段三小段137地號等43筆土地都市更新事業計畫及權利變換計畫案,,,,吉美建設股份有限公司,完工,,2018/4/13,,,2746.54,,,合建+權變,,,,121.50988091666666,25.066823555555555,,,,,,,,,,併送,,,2021,朱騰惠建築師事務所,,,優先-6#,弘傑不動產事業股份有限公司,
已核定重建更新事業-優先劃定,,北334,,,01臺北市,士林區,,,擬訂臺北市士林區光華段四小段282地號等2筆土地都市更新事業計畫案,,,,陽明戲院實業股份有限公司,核定,,2018/5/25,,,1273,,,協議合建,,,,121.52607684,25.08829684,,,,,,,,,,-,,,,黃秀莊建築師事務所,,,優先-6#,黃秀莊建築師事務所,
已核定重建更新事業-優先劃定,北投晶泉丰旅,北336,,,01臺北市,北投區,,,擬訂臺北市北投區新民段二小段471地號等5筆土地都市更新事業計畫案,,,,富邦人壽保險股份有限公司,完工,,2018/6/22,,,3442.73,,,設定地上權,,,,121.50424593103448,25.138123189655172,,,,,,,,,,-,,,2023,大矩聯合建築師事務所,,,優先-6#,新意群工程顧問有限公司,
已核定重建更新事業-優先劃定,公園首席,北333,,,01臺北市,大同區,,,擬訂臺北市大同區雙連段三小段356地號等44筆土地都市更新事業計畫及權利變換計畫案,,,,鴻亞建設股份有限公司,完工,,2018/5/25,,,2241.97,,,權利變換,,,,121.5170705,25.059351884615385,,,,,,,,,,併送,,,2023,葉日明建築師事務所,,,優先-6#,里美都市開發股份有限公司,
已核定重建更新事業-優先劃定,隆德天下,北020,,,01臺北市,文山區,,,擬訂臺北市文山區萬隆段二小段463地號等5筆土地(原崇德隆盛新村基地)都市更新事業計畫案,,,,國防部總政治作戰局,完工,,2005/3/22,,,21291,,,協議合建,,,,121.53589585074627,25.002659514925373,,,,,,,,,,-,,,2010年,喻台生建築師事務所,,,優先-6#,喻台生建築師事務所,
已核定重建更新事業-優先劃定,,北360,,,01臺北市,大同區,,,擬訂臺北市大同區文昌段二小段595地號等41筆土地都市更新事業計畫案,,,,元昌國際股份有限公司,核定,,2018/11/26,,,2382,,,合建+權變,,,,121.51053485714286,25.069370457142856,,,,,,,,,,分送,,,,周夢龍、簡志聰、柯智明建築師事務所,,,優先-6#,逢達不動產開發顧問股份有限公司,
已核定重建更新事業-優先劃定,冠德安沐居,北365,,,01臺北市,大安區,,,擬訂臺北市大安區瑞安段二小段838地號等14筆土地都市更新事業計畫及權利變換計畫案,,,,財團法人臺北市都市更新推動中心(冠德建設),完工,,2018/12/26,,,4746,,,權利變換,,,,121.54292707142857,25.026006071428572,,,,,,,,,,併送,,,2023,上圓聯合建築師事務所,,,優先-6#,邑相更新規劃股份有限公司,
已核定重建更新事業-優先劃定,萬和,北370,,,01臺北市,大同區,,,擬訂臺北市大同區橋北段一小段574-1地號等41筆土地都市更新事業計畫及權利變換計畫案,,,,廣宇建設實業股份有限公司,完工,,2019/1/30,,,2414,,,權利變換,,https://www.grandearcade.com/arcade-pacem,,121.50957718181819,25.068417363636364,,,,,,,,,,併送,,,2022,以兆建築師事務所,,,優先-6#,丹棠開發股份有限公司,
已核定重建更新事業-優先劃定,璞風晴,北368,,,01臺北市,北投區,,,擬訂臺北市北投區振興段四小段386地號等8筆土地都市更新事業計畫及權利變換計畫案,,,,璞永建設股份有限公司,完工,,2019/1/16,,,1316,,,權利變換,,,,121.51539069565217,25.116833630434783,,,,,,,,,,併送,,,2023,大硯建築師事務所,,,優先-6#,台北再開發規劃股份有限公司,
已核定重建更新事業-優先劃定,潤泰信義,北372,,,01臺北市,信義區,,,擬訂臺北市信義區犁和段三小段302地號等2筆土地都市更新事業計畫及權利變換計畫案,,,,潤泰創新國際股份有限公司,完工,,2019/2/1,,,2041,,,權利變換,,公辦都更,https://www.rt-develop.com.tw/tw/Case/LIST2/sinyi,121.55525688888889,25.023582333333334,,,,,,,,,,併送,,,2023,瀚亞建築師事務所、李安憲建築師事務所,,,優先-6#,振皓工程顧問股份有限公司,
已核定重建更新事業-優先劃定,康寶日出印象,北374,,,01臺北市,北投區,,,擬訂臺北市北投區關渡段二小段303地號等5筆土地都市更新事業計畫案,,,,康寶建設股份有限公司,核定,,2019/2/15,,,1096,,,權利變換,,,,121.46597558333333,25.12110716666667,,,,,,,,,,分送,,,,劉致錚建築師事務所,,,優先-6#,瑞迪發展事業股份有限公司,
已核定重建更新事業-優先劃定,千琚美,北375,,,01臺北市,北投區,,,擬訂臺北市北投區大業段二小段27地號等5筆土地都市更新事業計畫及權利變換計畫案,,,,民凱建設股份有限公司,完工,,2019/2/15,,,2860,,,權利變換,,,,121.4993227625,25.133311425,,,,,,,,,,併送,,,2024,三門聯合建築師事務所,,,優先-6#,弘傑開發事業股份有限公司,
已核定重建更新事業-優先劃定,,北377,,,01臺北市,中正區,,,擬訂臺北市中正區河堤段二小段21地號等38筆土地都市更新事業計畫案,,,,正隆股份有限公司,核定,,2019/2/20,,,2247,,,權利變換,,,,121.521874,25.02655525925926,,,,,,,,,,分送,,,,陳國偉建築師事務所,,,優先-6#,奇模工程有限公司,
已核定重建更新事業-優先劃定,,北366,,,01臺北市,大安區,,,(已撤銷)擬訂臺北市大安區辛亥段四小段277-1地號等23筆(原19筆)土地都市更新事業計畫及權利變換計畫案,,,,程翔建設股份有限公司,核定,,2018/12/28,,,4642,,,權利變換,,2022/11/25撤銷核准,,121.55125232291667,25.017362354166668,,,,,,,,,,併送,,,,黃翔龍建築師事務所,,,優先-6#,財團法人都市更新研究發展基金會,
已核定重建更新事業-優先劃定,上野花園,北T,,,01臺北市,大同區,,,大同區雙連段三小段159等地號更新案,,,,尚坤建設股份有限公司,完工,,2002,,,1070.24,,,協議合建,,,,121.51729326666667,25.057563466666668,,,,,,,,,,,,,2005年,陸世顯建築師事務所,,,優先-6#,巧洋實業股份有限公司,
已核定重建更新事業-優先劃定,大安麗水,北C,,,01臺北市,大安區,,,大安區金華段二小段939等地號(格林威治)都市更新計畫案,,,,擎碧建設、力麒建設、弘仲實業及禾樸實業共同投資開發,完工,,1996,,,3246,,,協議合建,,,,121.52729423076923,25.02715269230769,,,,,,,,,,,,,1999年,三門聯合建築師事務所,,,優先-6#,昶欣顧問有限公司、黃文生建築師事務所,
已核定重建更新事業-優先劃定,大湖春天,北D,,,01臺北市,內湖區,,,內湖區康寧段三小段492等地號都市更新案,,,,廣達建設股份有限公司,完工,,1997,,,2228,,,,,,,121.59798268421052,25.080050368421052,,,,,,,,,,,,,2000年,張俊哲建築師事務所,,,優先-6#,張俊哲建築師事務所,
已核定重建更新事業-優先劃定,金湖大賞,北I,,,01臺北市,內湖區,,,內湖區康寧段三小段516等地號都市更新案,,,,冠德建設股份有限公司,完工,,2000,,,1802,,,,,,,121.59757207692307,25.08066253846154,,,,,,,,,,,,,2002年,張俊哲建築師事務所,,,優先-6#,巧洋實業股份有限公司,
已核定重建更新事業-優先劃定,文心吟釀,北W,,,01臺北市,內湖區,,,內湖區康寧段三小段381-3等地號更新案,,,,文心建設股份有限公司,完工,,2003,,,2575,,,,,,,121.59576039999999,25.081535066666667,,,,,,,,,,,,,2007年,簡俊卿建築師事務所,,,優先-6#,黃宏輝建築師事務所,
已核定重建更新事業-優先劃定,輝煌世紀,北Z,,,01臺北市,內湖區,,,內湖區康寧段三小段415等地號更新案,,,,元利建設企業股份有限公司,完工,,2003,,,2490.87,,,,,,,121.5970524,25.081473,,,,,,,,,,,,,2007年,簡俊卿建築師事務所,,,優先-6#,簡俊卿建築師事務所,
已核定重建更新事業-優先劃定,美麗大湖,北O,,,01臺北市,內湖區,,,內湖區康寧段三小段364等地號都市更新案,,,,冠德建設股份有限公司,完工,,2001,,,5324,,,,,,,121.5959775,25.0823595,,,,,,,,,,,,,2003年,宋懋賢建築師事務所,,,優先-6#,巧洋實業股份有限公司,
已核定重建更新事業-優先劃定,大漢VIP,北U,,,01臺北市,內湖區,,,內湖區康寧段三小段75等地號更新案,,,,大漢建設股份有限公司,完工,,2002,,,2277.16,,,,,,,121.59655108333334,25.08192783333333,,,,,,,,,,,,,2005年,簡俊卿建築師事務所,,,優先-6#,巧洋實業股份有限公司,
已核定重建更新事業-優先劃定,巧洋花園,北G,,,01臺北市,內湖區,,,內湖區康寧段三小段79等地號都市更新案,,,,巧洋實業股份有限公司,完工,,1999,,,2124,,,,,,,121.59617646153846,25.08178176923077,,,,,,,,,,,,,2005年,簡俊卿建築師事務所,,,優先-6#,簡俊卿建築師事務所,
已核定重建更新事業-優先劃定,榮耀世紀,北V,,,01臺北市,內湖區,,,內湖區康寧段三小段381、384等地號更新案,,,,元利建設企業股份有限公司,完工,,2003,,,7820,,,,,,,121.5957218,25.080765866666667,,,,,,,,,,,,,2004年,簡俊卿建築師事務所,,,優先-6#,巧洋實業股份有限公司,
已核定重建更新事業-優先劃定,水源麗景,北F,,,01臺北市,中正區,,,中正區林口社區都市更新計畫案(福和段二小段60地號),,,,林口社區管理委員會,完工,,1999,,,5483,,,,,,,121.523745875,25.01943175,,,,,,,,,,,,,2002年,張俊哲建築師事務所,,,優先-6#,張俊哲建築師事務所,
已核定重建更新事業-優先劃定,正隆麗池,北Y,,,01臺北市,北投區,,,北投區大業段三小段493等地號更新案,,,,正隆股份有限公司,完工,,2003/7/15,,,3473,,,協議合建,,,,121.49955935,25.1322285,,,,,,,,,,,,,2007年,簡俊卿建築師事務所,,,優先-6#,簡俊卿建築師事務所,
已核定重建更新事業-優先劃定,雨農山莊社區大樓,北K,,,01臺北市,士林區,,,士林區福林段一小段331地號都市更新案,,,,國防部總政治作戰局,完工,,2000/5/5,,,10813.52,,,自地自建,,,,121.53341856666667,25.0993949,,,,,,,,,,,,,2005年,何肇喜建築師事務所,,,優先-6#,何肇喜建築師事務所,
已核定重建更新事業-優先劃定,南山民生大樓,北Q,,,01臺北市,中山區,,,中山區長春段二小段100等地號更新案,,,,誠泰商業銀行股份有限公司,完工,,,,,5005.82,,,自地自建,,,,121.53832108,25.05732832,,,,,,,,,,,,,2005年,陳耀東建築師事務所,,,優先-6#,陳耀東建築師事務所、昶欣顧問有限公司,
已核定重建更新事業-優先劃定,青山郡,北R,,,01臺北市,萬華區,,,萬華區直興段二小段651等地號更新案,,,,釜安建設股份有限公司,完工,,2002,,,864,,,協議合建,,,,121.49759833333334,25.038742222222222,,,,,,,,,,,,,2005年,林榮輝建築師事務所,,,優先-6#,昶欣顧問有限公司,
已核定重建更新事業-優先劃定,美麗國賓,北B,,,01臺北市,中山區,,,中山區詔安段更新計畫案,,,,冠德建設股份有限公司,完工,,1996/7/12,,,1595,,,協議合建,,,,121.52407942105263,25.056091947368422,,,,,,,,,,,,,1999年,許戎聰建築師事務所,,,優先-6#,許戎聰建築師事務所,
已核定重建更新事業-優先劃定,國璽,北X,,,01臺北市,大同區,,,大同區橋北段二小段4等地號更新案,,,,三豐建設股份有限公司,完工,,2003/2/10,,,1495,,,協議合建,,,,121.51331,25.066992875,,,,,,,,,,,,,2005年,黃秀莊建築師事務所,,,優先-6#,黃秀莊建築師事務所,
已核定重建更新事業-優先劃定,國鼎,北L,,,01臺北市,大同區,,,大同區橋北段二小段18等地號更新案,,,,三豐建設股份有限公司,完工,,2000/6/22,,,1622,,,協議合建,,,,121.5133042,25.066266666666667,,,,,,,,,,,,,2005年,黃秀莊建築師事務所,,,優先-6#,黃秀莊建築師事務所,
已核定重建更新事業-優先劃定,敦凰,北N,,,01臺北市,大安區,,,大安區仁愛段四小段114等地號更新案,,,,昇陽建設股份有限公司,完工,,2000/9/29,,,1223,,,協議合建,,,,121.54938616666666,25.036238166666667,,,,,,,,,,,,,2008年,黃秀莊、三興建築師事務所,,,優先-6#,黃秀莊、三興建築師事務所,
已核定重建更新事業-優先劃定,敦藏,北H,,,01臺北市,大安區,,,大安區學府段一小段487等地號更新案,,,,欣隆建設股份有限公司,完工,,1999,,,,,,,,,,121.54688258823529,25.02241776470588,,,,,,,,,,,,,2003年,侯銘賢、劉如梅建築師事務所,,,優先-6#,侯銘賢、劉如梅建築師事務所,
已核定重建更新事業-優先劃定,敦南之翼,北P,,,01臺北市,大安區,,,大安區學府段一小段462等地號更新案,,,,欣翰建設股份有限公司,完工,,2001,,,1162,,,,,,,121.54739928571428,25.022317142857144,,,,,,,,,,,,,2006年,陳傳宗建築師事務所、衍生工程顧問公司,,,優先-6#,陳傳宗建築師事務所,
已核定重建更新事業-優先劃定,世紀羅浮,北J,,,01臺北市,中正區,,,中正區衡陽路暨周邊建物更新整體暨保固維修獎勵案(城中段二小段246、247、254~260、266~269、276~301、304、305地號),,,,大華、基泰建設股份有限公司,完工,,2000,,,3106,,,協議合建,,,,121.51233147619048,25.042631380952383,,,,,,,,,,,,,2003年,吳明修、梁正芳建築師事務所,,,優先-6#,吳明修、梁正芳建築師事務所,
已核定重建更新事業-優先劃定,戀戀北投,北M,,,01臺北市,北投區,,,北投區奇岩段四小段195等地號都市更新案,,,,豐寶建設股份有限公司,完工,,2000,,,1368,,,,,,,121.502096,25.127957545454546,,,,,,,,,,,,,2003年,朱午潮、陳政顯建築師事務所,,,優先-6#,朱午潮、陳政顯建築師事務所,
已核定重建更新事業-優先劃定,昇陽GRAND,北S,,,01臺北市,大安區,,,大安區通化段一小段678-739等地號更新案,,,,昇陽建設企業股份有限公司,完工,,2002,,,2350,,,協議合建,,,,121.55699618518518,25.031240592592592,,,,,,,,,,,,,2008年,漢明國際景觀有限公司,,,優先-6#,陳麗珍、呂大吉建築師事務所,
已核定重建更新事業-優先劃定,,北373,,,01臺北市,文山區,,,擬訂臺北市文山區木柵段三小段623地號等39筆土地都市更新事業計畫案,,,,將捷股份有限公司,核定,,2019/2/1,,,8176,,,權利變換,,http://www.ur.org.tw/plan/career_view/78,,121.56197612253521,24.98858338028169,,,,,,,,,,分送,,,,林長勳建築師事務所,,,優先6#,財團法人都市更新研究發展基金會,
已核定重建更新事業-優先劃定,,北380,,,01臺北市,信義區,,,擬訂臺北市信義區犁和段三小段89地號等16筆土地都市更新事業計畫及權利變換計畫案,,,,東禧建設股份有限公司,核定,,2019/3/22,,,1035,,,權利變換,,,,121.55494904,25.02387384,,,,,,,,,,併送,,,,向度聯合建築師事務所,,,優先-6#,安邦工程顧問股份有限公司,
已核定重建更新事業-優先劃定,,北387,,,01臺北市,大同區,,,擬訂臺北市大同區雙連段二小段517地號等31筆(原30筆)土地都市更新事業計畫案,,,,尚志資產開發股份有限公司,核定,,2019/5/22,,,1370,,,權利變換,,,,121.5147847826087,25.06142052173913,,,,,,,,,,分送,,,,高世銘建築師事務所,,,優先-6#,台北再開發股份有限公司,
已核定重建更新事業-優先劃定,,北389,,,01臺北市,信義區,,,擬訂臺北市信義區虎林段四小段38地號等138筆(原120筆)土地都市更新事業計畫案,,,,台北遷建基地都市更新股份有限公司,,,2019/5/29,,,5693,,,權利變換,,,,121.577271625,25.04612675,,,,,,,,,,,,,,元宏聯合建築師事務所,,,優先-6#,協和都市更新股份有限公司,
已核定重建更新事業-優先劃定,,北406,,,01臺北市,中正區,,,擬訂臺北市中正區永昌段四小段366-3地號等14筆土地都市更新事業計畫案,,,,合宏建設股份有限公司,核定,,2019/9/17,,,1041,,,權利變換,,,,121.50795682352941,25.028543470588236,,,,,,,,,,分送,,,,吳非士建築師事務所,,,優先-6#,築璟都市更新有限公司,
已核定重建更新事業-優先劃定,,北407,,,01臺北市,大同區,,,擬訂臺北市大同區市府段二小段613地號等33筆土地都市更新事業計畫案,,,,有富國際實業股份有限公司,核定,,2019/9/18,,,1766.12,,,權利變換,,,,121.5154131,25.0524395,,,,,,,,,,分送,,,,蕭家福聯合建築師事務所,,,優先-6#,奇模工程有限公司,
已核定重建更新事業-優先劃定,,北405,,,01臺北市,中山區,,,擬訂臺北市中山區德惠段二小段687-3地號等39筆土地都市更新事業計畫案,,,,鄉林建設事業股份有限公司,核定,,2019/9/11,,,3335,,,權利變換,,,,121.53081753846155,25.064132,,,,,,,,,,分送,,,,黃翔龍建築師事務所,,,優先-6#,黃翔龍建築師事務所,
已核定重建更新事業-優先劃定,,北410,,,01臺北市,士林區,,,擬訂臺北市士林區海光段一小段248地號等20筆土地都市更新事業計畫案及權利變換計畫案,,,,臺北市政府,核定,,2019/10/7,,,2549.76,,,權利變換,,,,121.50849612500001,25.084864,,,,,,,,,,併送,,,,柳輝洲建築師事務所、梁貞誠建築師事務所,,,優先-6#,財團法人臺北市都市更新推動中心,
已核定重建更新事業-優先劃定,中正城閱,北415,,,01臺北市,萬華區,,,擬訂臺北市萬華區莒光段三小段466-2地號等53筆土地都市更新事業計畫及權利變換計畫案,,,,千曜開發實業股份有限公司,完工,,2019/10/24,,,2053.72,,,合建+權變,,,,121.49715007692308,25.03002946153846,,,,,,,,,,併送,,,2025,謝欽宗建築師事務所,,,優先-6#,冠霖不動產顧問股份有限公司,
已核定重建更新事業-優先劃定,遠雄晴川,北434,,,01臺北市,文山區,,,擬訂臺北市文山區木柵段一小段388地號等19筆土地都市更新事業計畫及權利變換計畫案,,,,遠雄建設事業股份有限公司,完工,,2020/1/15,,,2473,,,權利變換,,,,121.56881311764705,24.98963711764706,,,,,,,,,,併送,,,2024,三門聯合建築師事務所,,,優先-6#,弘傑開發事業股份有限公司,
已核定重建更新事業-優先劃定,元利台大公館,北417,,,01臺北市,文山區,,,擬訂臺北市文山區萬隆段一小段594-1地號等16 筆(原14筆)土地都市更新事業計畫及權利變換計畫案,,,,元興建設股份有限公司,完工,,2019/11/1,,,2018,,,合建+權變,,,,121.5348412173913,25.005614347826086,,,,,,,,,,併送,,,2024,李文勝建築師事務所,,,優先-6#,邑相更新規劃股份有限公司,
已核定重建更新事業-優先劃定,,北428,,,01臺北市,南港區,,,擬訂臺北市南港區南港段二小段378地號等27筆土地都市更新事業計畫案,,,,世豐國際建築開發股份有限公司,,,2019/12/20,,,3145.86,,,權利變換,,,,121.61450145833334,25.054667625,,,,,,,,,,分送,,,,九典聯合建築師事務所,,,優先-6#,財團法人都市更新研究發展基金會,
已核定重建更新事業-優先劃定,寶紘敦南商業大樓,北421,,,01臺北市,大安區,,,擬訂臺北市大安區通化段五小段416地號等13筆土地都市更新事業計畫及權利變換計畫案,,,,財團法人臺北市都市更新推動中心,完工,,2019/11/13,,,1901,,,權利變換,,,,121.54943415384615,25.032316153846153,,,,,,,,,,併送,,,2023,簡俊卿建築師事務所,,,優先-6#,財團法人都市更新研究發展基金會,
已核定重建更新事業-優先劃定,最大直,北418,,,01臺北市,中山區,,,擬訂臺北市中山區北安段三小段877地號等11筆土地都市更新事業計畫及權利變換計畫案,,,,聖得福建設開發股份有限公司,完工,,2019/11/7,,,2085.91,,,權利變換,,,,121.545257,25.077811909090908,,,,,,,,,,併送,,,2025,徐國書建築師事務所,,,優先-6#,建福都更股份有限公司,
已核定重建更新事業-優先劃定,,北416,,,01臺北市,士林區,,,擬訂臺北市士林區光華段三小段4地號等2筆土地都市更新事業計畫及權利變換計畫案,,,,士林環境淨化股份有限公司,,,2019/10/31,,,2056,,,權利變換,,,,121.52686274999999,25.0927004,,,,,,,,,,併送,,,,三大聯合建築師事務所,,,優先-6#,弘傑不動產事業股份有限公司,
已核定重建更新事業-優先劃定,首岳,北438,,,01臺北市,大同區,,,擬訂臺北市大同區雙連段三小段689地號(原726地號)等40筆(原35筆)土地都市更新事業計畫案,,,,聖得福建設開發股份有限公司,,,2020/2/21,,,3703.76,,,權利變換,,,,121.5146547368421,25.058535736842106,,,,,,,,,,,,,,林尚毅建築師事務所、郭?榮建築師事務所,,,優先-6#,財團法人都市更新研究發展基金會,
已核定重建更新事業-優先劃定,,北440,,,01臺北市,中山區,,,擬訂臺北市中山區中山段四小段479地號等7筆土地都市更新事業計畫案,,,,臺北市政府,,,2020/3/5,,,1458,,,自地自建,,公辦更新案，2021/1/23公告廢止,,121.5213649,25.0553055,,,,,,,,,,,,,,,,,優先-6#,臺北市政府,
已核定重建更新事業-優先劃定,國雄中正,北441,,,01臺北市,中正區,,,擬訂臺北市中正區永昌段五小段142-1地號等38筆土地都市更新事業計畫及權利變換計畫案,,,,總業建設股份有限公司,,,2020/3/9,,,2426,,,權利變換,,,,121.50865054545454,25.026945545454545,,,,,,,,,,併送,,,,周夢龍建築師事務所、簡志聰建築師事務所、柯智明建築師事務所,,,優先-6#,逢達不動產開發顧問股份有限公司,
已核定重建更新事業-優先劃定,城心曜曜,北449,,,01臺北市,大同區,,,擬訂臺北市大同區雙連段三小段1地號等33筆土地都市更新事業計畫及權利變換計畫案,,,,士林開發(原欣偉傑建設),,,2020/6/10,,,3335,,,權利變換,,,,121.51764222222222,25.060004555555555,,,,,,,,,,併送,,,,江培珩建築師事務所,,,優先-6#,力冠丰都市規劃有限公司,
已核定重建更新事業-優先劃定,,北450,,,01臺北市,士林區,,,擬訂臺北市士林區福林段一小段355地號等18筆土地都市更新事業計畫案,,,,臺北市士林區忠勇新村附近更新地區福林段一小段355地號等18筆土地更新單元都市更新會,,,2020/6/11,,,1570,,,權利變換,,,,121.532933,25.099454375,,,,,,,,,,分送,,,,吳毓廷建築師事務所、至邑建築師事務所,,,優先-6#,東亞建築經理股份有限公司,
已核定重建更新事業-優先劃定,,北451,,,01臺北市,中山區,,,擬訂臺北市中山區長春段一小段35地號等35筆土地都市更新事業計畫案,,,,巧洋實業股份有限公司,,,2020/6/12,,,6560,,,權利變換,,,,121.541271,25.057418857142856,,,,,,,,,,分送,,,,簡俊卿建築師事務所,,,優先-6#,簡俊卿建築師事務所,
已核定重建更新事業-優先劃定,,北454,,,01臺北市,北投區,,,擬訂臺北市北投區振興段一小段2-6地號等101筆土地都市更新事業計畫案,,,,寶興開發股份有限公司,,,2020/7/15,,,10095,,,權利變換,,,,121.52504235714285,25.112713678571428,,,,,,,,,,分送,,,,郭秋利建築師事務所、李祖原聯合建築師事務所,,,優先-6#,財團法人都市更新研究發展基金會,
已核定重建更新事業-優先劃定,,北460,,,01臺北市,內湖區,,,擬訂臺北市內湖區康寧段三小段420地號等8筆土地都市更新事業計畫案,,,,璞永建設股份有限公司,,,2020/9/9,,,538.13,,,權利變換,,,,121.59702349999999,25.0816855,,,,,,,,,,分送,,,,劉宇傑建築師事務所,,,優先-6#,里美都市開發股份有限公司,
已核定重建更新事業-優先劃定,,北463,,,01臺北市,南港區,,,擬訂臺北市南港區玉成段三小段137-7地號等49筆土地都市更新事業計畫案,,,,巧洋實業股份有限公司,,,2020/9/18,,,2842,,,權利變換,,,,121.58181616129032,25.052045,,,,,,,,,,分送,,,,簡俊卿建築師事務所,,,優先-6#,巧洋實業股份有限公司,
已核定重建更新事業-優先劃定,,北465,,,01臺北市,北投區,,,擬訂臺北市北投區大業段三小段184-1地號10筆土地都市更新事業計畫案,,,,正文建設股份有限公司,,,2020/10/5,,,1160.15,,,權利變換,,,,121.49986700000001,25.13264894117647,,,,,,,,,,分送,,,,吳成榮建築師事務所,,,優先-6#,振皓工程顧問股份有限公司,
已核定重建更新事業-優先劃定,大承,北467,,,01臺北市,大同區,,,擬訂臺北市大同區玉泉段二小段40地號等29筆土地都市更新事業計畫及權利變換計畫案,,,,弘千建設股份有限公司,,,2020/11/18,,,2531.79,,,權利變換,,,,121.5105736,25.0534615,,,,,,,,,,併送,,,,三大聯合建築師事務所,,,優先-6#,合邑都市更新股份有限公司,
已核定重建更新事業-優先劃定,亞昕敦南,北477,,,01臺北市,大安區,,,擬訂臺北市大安區學府段一小段281地號等19筆土地都市更新事業計畫及權利變換計畫案,,,,亞昕國際開發股份有限公司,核定,,2021/2/4,,,1057,,,權利變換,,合併開發南側基地,,121.547775,25.021189800000002,,,,,,,,,,併送,,,,劉演交建築師事務所,,,優先-6#,基典工程顧問股份有限公司,
已核定重建更新事業-優先劃定,全坤X101,北476,,,01臺北市,信義區,,,擬訂臺北市信義區三興段一小段972地號等9筆土地都市更新事業計畫及權利變換計畫案,,,,財團法人臺北市都市更新推動中心,完工,,2021/1/20,,,1045,,,權利變換,,公辦更新,http://www.gtg.com.tw/page/album/show.aspx?num=46,121.5577519,25.0326889,,,,,,,,,,併送,全坤X101,,2025,邑相聯合建築師事務所,,,優先-6#,邑相更新規劃股份有限公司,
已核定重建更新事業-優先劃定,,北474,,,01臺北市,北投區,,,擬訂臺北市北投區桃源段四小段424-8地號等15筆土地都市更新事業計畫及權利變換計畫案,,,,泰昌建設股份有限公司,核定,,2021/1/13,,,1129.53,,,權利變換,,,,121.47824916666667,25.135421277777777,,,,,,,,,,併送,,,,陳燦榮建築師事務所,,,優先-6#,安邦工程顧問股份有限公司,
已核定重建更新事業-優先劃定,昇陽逸居,北481,,,01臺北市,萬華區,,,擬訂臺北市萬華區青年段一小段86-4地號等1筆土地都市更新事業計畫案,,,,昇陽建設企業股份有限公司,完工,,2021/4/14,,,943,,,自地自建,,,,121.5067344,25.0268452,,,,,,,,,,,,,2024,陳聰亨建築師事務所,,,優先-6#,力冠丰都市規劃有限公司,
已核定重建更新事業-優先劃定,,北493,,,01臺北市,文山區,,,擬訂臺北市文山區木柵段四小段65地號等37筆土地都市更新事業計畫案,,,,敦美建設股份有限公司,核定,,2021/8/18,,,39380,,,權利變換,,,,121.5652875106383,24.983121617021276,,,,,,,,,,,,,,黃秀莊建築師事務所,,,優先-6#,黃秀莊建築師事務所,
已核定重建更新事業-優先劃定,,北491,,,01臺北市,中正區,,,擬訂臺北市中山區正義段四小段132地號等3筆土地都市更新事業計畫及權利變換計畫案,,,,三橋建設股份有限公司(原益豐建設),核定,,2021/8/11,,,985,,,權利變換,,,,121.52063811111111,25.051306,,,,,,,,,,,,,,大壯聯合建築師事務所,,,優先-6#,丹棠開發股份有限公司,
已核定重建更新事業-優先劃定,,北490,,,01臺北市,文山區,,,擬訂臺北市文山區萬隆段一小段551地號等9筆土地都市更新事業計畫案,,,,育座建設股份有限公司,核定,,2021/8/11,,,1112,,,權利變換,,,,121.53771874285714,25.004854085714285,,,,,,,,,,,,,,張玉樹建築師事務所,,,優先-6#,冠霖不動產顧問股份有限公司,
已核定重建更新事業-優先劃定,,北483,,,01臺北市,萬華區,,,擬訂臺北市萬華區福星段四小段371地號等4筆土地都市更新事業計畫及權利變換計畫案,,,,長虹建設股份有限公司,核定,,2021/5/12,,,1516,,,權利變換,,,,121.50256428571429,25.044335571428572,,,,,,,,,,,,,,簡俊卿建築師事務所,,,優先-6#,弘傑不動產事業股份有限公司,
已核定重建更新事業-優先劃定,,北505,,,01臺北市,信義區,,,擬訂臺北市信義區永吉段三小段869-3地號等13筆土地都市更新事業計畫及權利變換計畫案,,,,國家住宅及都市更新中心,核定,,2021/10/28,,,2429,,,權利變換,,,,121.57234545,25.0426586,,,,,,,,,,,,,,呂建勳建築師事務所,,,優先-6#,財團法人都市更新研究發展基金會,
已核定重建更新事業-優先劃定,,北508,,,01臺北市,大同區,,,擬訂臺北市大同區大龍段一小段265地號等27筆（原25筆）土地都市更新事業計畫及權利變換計畫案,,,,國家住宅及都市更新中心(出資人:麗寶建設),,,2021/11/23,,,9821,,,權利變換,,,,121.5192602173913,25.072006304347827,,,,,,,,,,,,,,仲觀聯合建築師事務所,,,優先-6#,冠霖不動產顧問股份有限公司,
已核定重建更新事業-優先劃定,安家秀,北510,,,01臺北市,萬華區,,,擬訂臺北市萬華區直興段二小段500地號等12筆土地(原9筆)都市更新事業計畫案,,,,安家道生股份有限公司,,,2021/12/16,,,1219,,,合建+權變,,,,121.4980975,25.03978875,,,,,,,,,,,,,,鄭誌明建築師事務所,,,優先-6#,玉山創意行銷股份有限公司,
已核定重建更新事業-優先劃定,,北037,,,01臺北市,中正區,,,(已撤銷)擬訂臺北市中正區永昌段四小段356地號等62筆土地都市更新事業計畫案,,,,東家建設股份有限公司,核定,,2007/4/23,,,2528,,,,,2017/07/14公告撤銷,,121.50812986956522,25.029015,,,,,,,,,,,,,,,,,優先-6#,,
已核定重建更新事業-優先劃定,將捷行書,北527,,,01臺北市,松山區,,,擬訂臺北市松山區寶清段三小段633地號等7筆土地都市新事業計畫及權利變換計畫案,,,,將捷股份有限公司,核定,,2022/5/27,,,1004,,,權利變換,,,,121.56416616666667,25.053164083333336,,,,,,,,,,,,,,林長勳聯合建築師事務所,,,優先-6#,冠霖不動產顧問股份有限公司,
已核定重建更新事業-優先劃定,,北568,,,01臺北市,大安區,,,擬訂臺北市大安區辛亥段四小段61地號等28筆土地都市更新事業計畫及權利變換計畫案,,,,國家住宅及都市更新中心,核定,,2023/5/25,,,5120,,,權利變換,,,,121.55063333333334,25.021171833333334,,,,,,,,,,,,,,蕭力仁建築師事務所,,,優先-6#,邑相更新規劃股份有限公司,
已核定重建更新事業-優先劃定,,北567,,,01臺北市,中山區,,,擬訂臺北市中山區長春段二小段626地號等24筆土地都市更新事業計畫及權利變換計畫案,,,,丹棠長春股份有限公司,核定,,2023/5/24,,,787,,,權利變換,,,https://www.dtrc.com.tw/products_detail/tw/development/p9501/,121.53729028571428,25.054550142857142,,,,,,,,,,,,,,劉演交建築師事務所,,,優先-6#,財團法人都市更新研究發展基金會,
已核定重建更新事業-優先劃定,,北565,,,01臺北市,信義區,,,擬訂臺北市信義區雅祥段三小段361地號等1筆土地都市更新事業計畫案,,,,東亞建築經理股份有限公司,核定,,2023/5/1,,,998,,,協議合建,,,,121.57161816666667,25.041258083333332,,,,,,,,,,,,,,彭繼賢建築師事務所,,,優先-6#,東亞建築經理股份有限公司,
已核定重建更新事業-優先劃定,,北562,,,01臺北市,南港區,,,擬訂臺北市南港區玉成段四小段303地號等6筆土地都市更新事業計畫及權利變換計畫案,,,,國家住宅及都市更新中心,核定,,2023/3/31,,,3728,,,權利變換,,,,121.59319295652173,25.047739855072464,,,,,,,,,,併送,,,,大矩聯合建築師事務所,,,優先-6#,台北再開發規劃股份有限公司,
已核定重建更新事業-優先劃定,,北555,,,01臺北市,大安區,,,擬訂臺北市大安區大安段一小段267地號等22筆土地都市更新事業計畫案,,,,富邦建設股份有限公司,核定,,2023/2/6,,,3384,,,權利變換,,,,121.54541013333333,25.0323138,,,,,,,,,,分送,,,,郭旭原聯合建築師事務所,,,,力冠丰都市規劃有限公司,
已核定重建更新事業-優先劃定,,北554,,,01臺北市,中正區,,,擬訂臺北市中正區臨沂段一小段363地號等11筆土地都市更新事業計畫案,,,,臺北市住宅及都市更新中心,核定,,2023/1/17,,,805.62,,,權利變換,,,,121.53031316666667,25.042578333333335,,,,,,,,,,分送,,,,廖彩龍建築師事務所,,,,臺北市住宅及都市更新中心,
已核定重建更新事業-優先劃定,,北552,,,01臺北市,萬華區,,,擬訂臺北市萬華區萬華段二小段706地號等6筆土地都市更新事業計畫案,,,,宏綺建設股份有限公司,核定,,2022/12/21,,,1286,,,協議合建,,,,121.50180013636364,25.033899545454545,,,,,,,,,,,,,,李文勝建築師事務所,,,,築璟都市更新有限公司,
已核定重建更新事業-優先劃定,,北548,,,01臺北市,大同區,,,擬訂臺北市大同區雙連段三小段98地號等25筆(原23筆)土地都市更新事業計畫及權利變換計畫案,,,,廣宇建設實業股份有限公司,核定,,2022/11/28,,,1030,,,權利變換,,,,121.517831875,25.058148125,,,,,,,,,,併送,,,,以兆建築師事務所,,,,園皓都市規劃有限公司,
已核定重建更新事業-優先劃定,,北546,,,01臺北市,萬華區,,,擬訂臺北市萬華區莒光段四小段57-2地號等34筆土地都市更新事業計畫及權利變換計畫案,,,,龍邦國際興業股份有限公司,核定,,2022/10/21,,,1706,,,權利變換,,,,121.49652570967741,25.031286,,,,,,,,,,併送,,,,林尚毅建築師事務所,,,,園皓都市規劃有限公司,
已核定重建更新事業-優先劃定,潤泰南港之心,北545,,,01臺北市,南港區,,,擬訂臺北市南港區南港段二小段671-6地號等52筆土地都市更新事業計畫及權利變換計畫案,,,,臺北市住宅及都市更新中心,核定,,2022/10/6,,,26047.65,,,權利變換,,,,121.60974885333333,25.053272026666665,,,,,,,,,,併送,,,,鑄力聯合建築師事務所,,,,邑相更新規劃股份有限公司,
已核定重建更新事業-優先劃定,,北544,,,01臺北市,南港區,,,擬訂臺北市南港區南港段一小段101地號等41筆土地都市更新事業計畫及權利變換計畫案,,,,國協建設實業股份有限公司,核定,,2022/10/5,,,2394,,,權利變換,,,,121.61920072,25.055109260000002,,,,,,,,,,併送,,,,簡俊卿建築師事務所,,,,國協建設實業股份有限公司,
已核定重建更新事業-優先劃定,富邦藝庭,北524,,,01臺北市,大安區,,,擬訂臺北市大安區懷生段二小段5-4地號等8筆土地都市更新事業計畫及權利變換計畫案,,,,臺北市住宅及都市更新中心,核定,,2022/4/26,,,2120,,,權利變換,,,,121.543276375,25.04040525,,,,,,,,,,併送,,,,陳傳宗建築師事務所,,,499,財團法人都市更新研究發展基金會,
已核定重建更新事業-優先劃定,,北521,,,01臺北市,中正區,,,擬訂臺北市中正區南海段五小段68-1地號等26筆土地都市更新事業計畫及權利變換計畫案,,,,潤泰創新國際股份有限公司,核定,,2022/3/18,,,5824,,,權利變換,,,,121.51417733333334,25.030878,,,,,,,,,,併送,,,,鑄力聯合建築師事務所,,,,邑相更新規劃股份有限公司,
已核定重建更新事業-優先劃定,,北513,,,01臺北市,中正區,,,擬訂臺北市南港區玉成段三小段351-2地號等7筆土地都市更新事業計畫案,,,,雄惠開發股份有限公司,核定,,2022/1/3,,,1339,,,權利變換,,,,121.58188224528301,25.049758981132076,,,,,,,,,,分送,,,,呂建勳建築師事務所,,,,邑相更新規劃股份有限公司,
已核定重建更新事業-優先劃定,品陽大苑,北357,,,01臺北市,中正區,,,擬訂臺北市中正區永昌段四小段44地號等43筆(原35筆)土地都市更新事業計畫及權利變換計畫案,,,,品陽建設股份有限公司,完工,,2018/11/16,,,2121.12,,,權利變換,,,,121.51042216666667,25.02888138095238,,,,,,,,,,併送,,,2025,吳成榮建築師事務所,,,,財團法人都市更新研究發展基金會,
已核定重建更新事業-優先劃定,,北488,,,01臺北市,松山區,,,擬訂臺北市松山區西松段二小段426地號等2筆土地都市更新事業計畫及權利變換計畫案,,,,臺北市松山區市民大道沿線軸帶(臺北機廠以北)更新地區西松段二小段426地號等2筆土地更新單元都市更新會,,,2021/7/21,,,740,,,權利變換,,,,121.56292442857142,25.049018,,,,,,,,,,,,,,吳非士建築師事務所,,,,橙玨都市更新股份有限公司,
已核定重建更新事業-優先劃定,,北570,,,臺北市,萬華區,,,擬訂臺北市萬華區萬華段一小段103地號等53筆土地都市更新事業計畫案,,,,寶舖建設股份有限公司,核定,,2023/6/9,,,1507.52,,,協議合建,,,,121.50550824999999,25.0364989875,,,,,,,,,,,,,,卓培煙建築師事務所,,,優先-6#,合邑都市更新股份有限公司,
已核定重建更新事業-優先劃定,,北571,,,臺北市,南港區,,,擬訂臺北市南港區玉成段三小段363地號等18筆(原17筆)土地都市更新事業計畫案,,,,瓏山林企業股份有限公司,核定,,2023/6/9,,,5304.00,,,權利變換,,,,121.58228381304347,25.05014819130435,,,,,,,,,,,,,,瓏山林聯合建築師事務所、台北國際聯合建築師事務所,,,優先-6#,力冠丰都市規劃有限公司,
已核定重建更新事業-優先劃定,,北573,,,臺北市,中正區,,,擬訂臺北市中正區永昌段四小段132-2地號等15筆土地都市更新事業計畫及權利變換計畫案,,,,雋品建設股份有限公司,核定,,2023/7/12,,,1189.50,,,合建+權變,,,,121.50901835357143,25.029027860714287,,,,,,,,,,,,,,瀚品聯合建築師事務所,,,優先-6#,園皓都市規劃有限公司,
已核定重建更新事業-優先劃定,,北581,,,01臺北市,萬華區,,,擬訂臺北市萬華區莒光段三小段519-3地號等41筆土地都市更新事業計畫案,,,,和暘建設股份有限公司,核定,,2023/9/20,,,804.00,,,權利變換,,,,121.49712269142857,25.02957324,,,,,,,,,,,,,,梁丕昇建築師事務所,,,優先-6#,里美都市開發股份有限公司,
已核定重建更新事業-優先劃定,,北611,,,01臺北市,中山區,,,擬訂臺北市中山區正義段四小段133地號1筆土地都市更新事業計畫案,,,,三橋建設股份有限公司,核定,,2024/5/31,,,669.00,,,協議合建,,,,121.5210074,25.051284614285713,,,,,,,,,,-,,,,久太聯合建築師事務所,,,優先-6#,台北再開發規劃股份有限公司,
已核定重建更新事業-優先劃定,,北603,,,01臺北市,松山區,,,擬訂臺北市松山區延吉段三小段567地號等6筆土地都市更新事業計畫案,,,,上勝建設股份有限公司,核定,,2024/3/25,,,1151.00,,,協議合建,,,,121.55138327142856,25.047345321428573,,,,,,,,,,-,,,,黃翔龍建築師事務所,,,優先-6#,中華建築經理股份有限公司,
已核定重建更新事業-優先劃定,,北604,,,01臺北市,中山區,,,擬訂臺北市中山區長春段二小段773地號等16筆土地都市更新事業計畫案,,,,元利建設企業股份有限公司,核定,,2024/3/28,,,2874.76,,,合建+權變,,,,121.53787536666667,25.053360644444446,,,,,,,,,,分送,,,,李天鐸建築師事務所,,,優先-6#,邑相更新規劃股份有限公司,
已核定重建更新事業-優先劃定,,北605,,,01臺北市,士林區,,,擬訂臺北市士林區百齡段五小段116地號等2筆(原1筆)土地都市更新事業計畫及權利變換計畫案,,,,力虹建設股份有限公司,核定,,2024/4/24,,,819.00,,,權利變換,,,,121.52088837142857,25.084696957142857,,,,,,,,,,併送,,,,楊振植建築師事務所,,,優先-6#,弘傑城市開發股份有限公司,
已核定重建更新事業-優先劃定,,北607,,,01臺北市,大同區,,,擬訂臺北市大同區市府段三小段77地號等63筆(原59筆)土地都市更新事業計畫案,,,,楊昇建設股份有限公司,核定,,2024/5/2,,,3188.67,,,協議合建,,,,121.51563120714286,25.05052062857143,,,,,,,,,,-,,,,劉啟芃建築師事務所,,,優先-6#,永旭都市更新股份有限公司,
已核定重建更新事業-優先劃定,,北608,,,01臺北市,士林區,,,擬訂臺北市士林區陽明段二小段291地號等5筆土地都市更新事業計畫及權利變換計畫案,,,,廣宇建設實業股份有限公司,核定,,2024/5/3,,,1005.00,,,權利變換,,,,121.52598805555556,25.096218874074076,,,,,,,,,,併送,,,,洪明坤建築師事務所,,,優先-6#,丹棠開發股份有限公司,
已核定重建更新事業-優先劃定,,北584,,,01臺北市,士林區,,,擬訂臺北市士林區永新段三小段395地號1筆土地都市更新事業計畫案,,,,臺北市住宅及都市更新中心,核定,,2023/11/1,,,1950.00,,,自地自建,,,,121.51020831666666,25.088240804166666,,,,,,,,,,-,,,,旭日聯合建築師事務所,,,優先-6#,臺北市住宅及都市更新中心,
已核定重建更新事業-優先劃定,,北621,,,01臺北市,中山區,,,擬訂臺北市中山區長春段一小段12-1地號等15筆土地都市更新事業計畫及權利變換計畫案,,,,春風開發股份有限公司,,,2024/10/24,,,2023,,,權利變換,,,,121.54169343333334,25.057034783333332,,,,,,,,,,併送,,,,郭秋利建築師事務所,,,優先-6#,弘傑開發事業股份有限公司,
已核定重建更新事業-優先劃定,,北625,,,01臺北市,松山區,,,擬訂臺北市松山區敦化段二小段17地號等8筆土地都市更新事業計畫及權利變換計畫案,,,,璞永建設股份有限公司,,,2024/12/11,,,1298.00,,,權利變換,,,,121.54772575454545,25.050844954545454,,,,,,,,,,併送,,,,利嘉建築師事務所,,,優先-6#,里美都市開發股份有限公司,
已核定重建更新事業-優先劃定,,北628,,,01臺北市,中正區,,,擬訂臺北市中正區永昌段四小段46-4地號等117筆(原116筆)土地都市更新事業計畫及權利變換計畫案,,,,潤泰創新國際股份有限公司,,,2024/12/31,,,3168.53,,,權利變換,,,,121.51072088285714,25.028619208571428,,,,,,,,,,併送,,,,鑄力聯合建築師事務所,,,優先-6#,邑相更新規劃股份有限公司,
已核定重建更新事業-優先劃定,,北631,,,01臺北市,大同區,,,擬訂臺北市大同區橋北段三小段842-1地號等51筆土地都市更新事業計畫案,,,,帝群建設股份有限公司,,,2025/1/10,,,1747.74,,,協議合建,,,,121.50926906666668,25.06364300952381,,,,,,,,,,-,,,,簡俊卿建築師事務所,,,優先-6#,邑相更新規劃股份有限公司,
已核定重建更新事業-優先劃定,,北634,,,01臺北市,松山區,,,擬訂臺北市松山區寶清段二小段167地號等3筆土地都市更新事業計畫及權利變換計畫案,,,,燾鼎建設股份有限公司,,,2025/1/24,,,1693.00,,,合建+權變,,,,121.57145048333334,25.050140988888888,,,,,,,,,,併送,,,,黃芳利建築師事務所,,,優先-6#,冠霖都市更新事業股份有限公司,
已核定重建更新事業-優先劃定,,北635,,,01臺北市,北投區,,,擬訂臺北市北投區溫泉段四小段121地號等35筆(原28筆)土地都市更新事業計畫案,,,,元馥建設股份有限公司,,,2025/2/7,,,4723.17,,,合建+權變,,,,121.5029431909091,25.13116510681818,,,,,,,,,,分送,,,,黃翔龍建築師事務所,,,優先-6#,翔宇國際開發顧問有限公司,
已核定重建更新事業-優先劃定,,北636,,,01臺北市,士林區,,,擬訂臺北市士林區三玉段四小段449地號等16筆土地都市更新事業計畫及權利變換計畫案,,,,文心建設股份有限公司,,,2025/2/8,,,3672.34,,,權利變換,,,,121.52624863962264,25.111033352830187,,,,,,,,,,併送,,,,十方聯合建築師事務所,,,優先-6#,冠霖都市更新事業股份有限公司,
已核定重建更新事業-優先劃定,,北637,,,01臺北市,士林區,,,擬訂臺北市士林區永新段三小段293地號等32筆土地都市更新事業計畫案,,,,大將開發股份有限公司,,,2025/2/19,,,2796.00,,,權利變換,,,,121.51147820588236,25.088781773529412,,,,,,,,,,分送,,,,黃秀莊建築師事務所,,,優先-6#,中華建築經理股份有限公司,
已核定重建更新事業-優先劃定,,北649,,,01臺北市,文山區,,,擬訂臺北市文山區萬慶段二小段744-1地號等5筆土地都市更新事業計畫案,,,,上陽建設股份有限公司,,,2025/5/10,,,1195.48,,,協議合建,,,,121.54035506153846,24.992865584615384,,,,,,,,,,-,,,,陳克聚建築師事務所,,,優先-6#,里美都市開發股份有限公司,
已核定重建更新事業-迅行劃定,富貴莊園,北072,,,01臺北市,內湖區,,,擬訂臺北市內湖區東湖段一小段18地號土地(原聯邦合家歡社區富貴區基地)都市更新事業計畫案,,,,聯邦合家歡富貴區都市更新會,核定,,2009/1/1,,,8516.00,,,權利變換,,,,121.61745012698412,25.072065444444444,,,,,,,,,,分送,,,2020,邑相聯合建築師事務所,,,迅行-7#,緯城土地規劃工程顧問有限公司,
已核定重建更新事業-迅行劃定,,北007,,,01臺北市,文山區,,,擬訂臺北市文山區木柵段二小段430地號土地(原合發社區基地)都市更新事業計畫及權利變換計畫案,,,,臺北市文山區木柵段二小段430地號合發社區都市更新會,核定,,2003/4/3,,,665.00,,,權利變換,,,,121.57032541666666,24.98526925,,,,,,,,,,併送,,,,陳振龍建築師事務所,,,迅行-7#,馮達土地登記專業代理人事務所,
已核定重建更新事業-迅行劃定,正隆ONE+,北119,,,01臺北市,松山區,,,擬訂臺北市松山區寶清段七小段132地號土地(原松園大廈基地)都市更新事業計畫案,,,,正隆股份有限公司,完工,,2011/10/25,,,1134.00,,,協議合建,,,,121.57617285714286,25.050980785714287,,,,,,,,,,-,,,2018年,簡俊卿建築師事務所,,,迅行-7#,奇模工程有限公司,
已核定重建更新事業-迅行劃定,新美齊PARK259,北199,,,01臺北市,中正區,,,擬訂臺北市中正區臨沂段三小段370地號等16筆土地都市更新事業計畫案,,,,中華工程股份有限公司,完工,,2014/9/3,,,1112.00,,,協議合建,,,,121.53168121052632,25.03400662105263,,,,,,,,,,-,,,2018年,陳傳宗建築師事務所,,,迅行-7#,力冠丰都市規劃有限公司,
已核定重建更新事業-迅行劃定,中正史坦威,北016,,,01臺北市,中正區,,,擬訂臺北市中正區南海段一小段364地號等31筆土地都市更新事業計畫及權利變換計畫案,,,,華固建設股份有限公司,完工,,2005/2/4,,,2523.00,,,權利變換,,http://www.ur.org.tw/plan/career_view/11,,121.52019117142856,25.03077502857143,,,,,,,,,,併送,,,2007年,簡俊卿建築師事務所,,,迅行-7#,財團法人都市更新研究發展基金會,
已核定重建更新事業-迅行劃定,元大栢悅,北032,,,01臺北市,大安區,,,擬訂臺北市大安區仁愛段二小段679、679-1、680地號等3筆土地(原勝利大廈基地)都市更新事業計畫及權利變換計畫案,,,,元大建設企業股份有限公司,完工,,2006/8/24,,,1568.00,,,權利變換,,http://www.ur.org.tw/plan/career_view/14,,121.54938241666667,25.040190250000002,,,,,,,,,,併送,,,2010年,大元聯合建築師事務所,,,迅行-7#,財團法人都市更新研究發展基金會,
已核定重建更新事業-迅行劃定,富御大樓,北031,,,01臺北市,中山區,,,擬訂臺北市中山區長安段一小段579地號土地(原世和大樓基地)都市更新事業計畫案,,,,世和大樓都市更新會,完工,,2006/8/4,,,794.00,,,協議合建,,,,121.54143585714286,25.048501428571427,,,,,,,,,,-,,,2012年,三大建築師事務所,,,迅行-7#,國土不動產投資顧問股份有限公司,
已核定重建更新事業-迅行劃定,台北金融中心大樓,北029,,,01臺北市,松山區,,,擬訂臺北市松山區敦化段二小段1地號土地(原台北金融中心基地)都市更新事業計畫及權利變換計畫案,,,,東亞建築經理股份有限公司,完工,,2006/6/20,,,2591.00,,,權利變換,,http://www.ur.org.tw/plan/career_view/14,,121.54839911111111,25.051388777777778,,,,,,,,,,併送,,,2010年,大元聯合建築師事務所,,,迅行-7#,財團法人都市更新研究發展基金會,
已核定重建更新事業-迅行劃定,尚華仁愛大樓,北068,,,01臺北市,信義區,,,擬訂臺北市信義區逸仙段三小段294-4地號1筆土地(原尚華仁愛大樓)都市更新事業計畫案,,,,逸仙段三小段294-4地號1筆土地都市更新案〈尚華仁愛大廈〉都市更新會,完工,,2008/11/14,,,908.00,,,協議合建,,,,121.55797738461538,25.037300153846154,,,,,,,,,,-,,,2013年,吳非士建築師事務所,,,迅行-7#,宏都更新建築股份有限公司,
已核定重建更新事業-迅行劃定,東星大樓,北004,,,01臺北市,松山區,,,擬訂臺北市松山區寶清段七小段688地號土地(原東星大樓基地)都市更新事業計畫及權利變換計畫案,,,,東星大樓都市更新會,完工,,2002/8/21,,,1108.94,,,權利變換,,,,121.5758504,25.049667,,,,,,,,,,併送,,,2009年,聖洪建築師事務所,,,迅行-7#,國土不動產投資顧問股份有限公司,
已核定重建更新事業-迅行劃定,南京文學大樓,北003,,,01臺北市,松山區,,,擬訂臺北市松山區寶清段二小段375地號土地(原慶福大樓基地)都市更新事業計畫及權利變換計畫案,,,,慶福大樓都市更新會,完工,,2002/7/17,,,403.00,,,權利變換,,http://www.ur.org.tw/plan/career_view/12,,121.56863875,25.05105275,,,,,,,,,,併送,,,2004年,PGA周簡聯合建築師事務所,,,迅行-7#,財團法人都市更新研究發展基金會,
已核定重建更新事業-迅行劃定,納美,北082,,,01臺北市,南港區,,,擬訂臺北市南港區新光段二小段101地號等5筆土地(原修德國宅)都市更新事業計畫及權利變換計畫案,,,,中國開發資產管理股份有限公司,完工,,2009/6/5,,,7426.00,,,權利變換,,,,121.58942394117646,25.04601288235294,,,,,,,,,,併送,,,2012年,孫崇理建築師事務所,,,迅行-7#,力冠丰都市規劃有限公司,
已核定重建更新事業-迅行劃定,國泰御園,北009,,,01臺北市,文山區,,,擬訂臺北市文山區木新路3段95巷南側地區(原國泰攬翠天廈基地)都市更新事業計畫案,,,,國泰建設股份有限公司,完工,,2004/3/10,,,4026.75,,,自地自建,,http://www.ur.org.tw/plan/career_view/12,,121.56246887500001,24.980869875,,,,,,,,,,-,,,2007年,三門聯合建築師事務所,,,迅行-7#,財團法人都市更新研究發展基金會,
已核定重建更新事業-迅行劃定,仁愛麗景,北024,,,01臺北市,信義區,,,擬訂臺北市信義區逸仙段三小段285地號等2筆土地(原晶宮大廈基地)都市更新事業計畫及權利變換計畫案,,,,臺北市信義區逸仙段三小段285等2筆地號都市更新地區（晶宮大廈）都市更新會,完工,,2006/1/9,,,920.00,,,權利變換,,,,121.558933,25.03727690909091,,,,,,,,,,併送,,,2010年,陳信樟建築師事務所,,,迅行-7#,逢達不動產開發顧問股份有限公司,
已核定重建更新事業-迅行劃定,豪門世家,北005,,,01臺北市,松山區,,,擬訂臺北市松山區寶清段七小段678地號土地(原豪門世家基地)都市更新事業計畫及權利變換計畫案,,,,豪門世家更新地區都市更新會,完工,,2002/12/31,,,545.00,,,權利變換,,,,121.57616930769231,25.049740615384614,,,,,,,,,,併送,,,2006年,鄭永興建築師事務所,,,迅行-7#,國土不動產投資顧問股份有限公司,
已核定重建更新事業-迅行劃定,冠德大直湛,北364,,,01臺北市,中山區,,,擬訂臺北市中山區北安段三小段818地號等12筆土地都市更新事業計畫及權利變換計畫案,,,冠德大直湛,財團法人臺北市都市更新推動中心(冠德建設),完工,,2018/12/26,,,2113.07,,,權利變換,,,https://www.kindom.com.tw/artofliving/,121.5469339,25.0791734,,,,,,,,,,併送,,,2022,上圓聯合建築師事務所,,,迅行-7#,弘傑不動產事業股份有限公司,
已核定重建更新事業-迅行劃定,玉山金控第二總部大樓(松齡新村),北298,,,01臺北市,松山區,,,擬訂臺北市松山區民生段134-6地號等5筆土地都市更新事業計畫案,,,,國防部政治作戰局,完工,,2017/8/25,,,6072.00,,,設定地上權,,http://www.ur.org.tw/plan/career_view/79,,121.55041569811321,25.059143811320755,,,,,,,,,,-,,,2020年,上圓聯合建築師事務所,,,迅行-7#,財團法人都市更新研究發展基金會,
已核定重建更新事業-迅行劃定,,北430,,,01臺北市,南港區,,,擬訂臺北市南港區玉成段三小段545地號等8筆土地及南港段四小段474-1地號等12筆（原11筆）土地都市更新事業計畫案,,,,臺北市政府,核定,,2020/1/1,,,8603.97,,,自地自建,,,,121.58324309183674,25.047961704081633,,,,,,,,,,,,,,,,,迅行-7#,,
已核定重建更新事業-迅行劃定,,北519,,,01臺北市,北投區,,,擬訂臺北市北投區振興段一小段173地號(部分)等2筆土地(天母樺園社區)都市更新事業計畫及權利變換計畫案,,,,臺北市北投區振興段一小段173地號(部分)及179地號(部分)等2筆土地(天母樺園社區)更新地區都市更新會,核定,,2022/1/28,,,1172.99,,,權利變換,,,,121.52190563636364,25.11409781818182,,,,,,,,,,,,,,唐吉生建築師事務所,,,迅行-7#,東亞建築經理股份有限公司,
已核定重建更新事業-迅行劃定,冠德民權大樓,北507,,,01臺北市,松山區,,,擬訂臺北市松山區敦化段四小段363-1地號等5筆土地都市更新事業計畫及權利變換計畫案,,,,財團法人臺北市都市更新推動中心,完工,,2021/11/23,,,4392.00,,,權利變換,,,,121.5478966,25.06241865,,,,,,,,,,,,,2025,元宏聯合建築師事務所,,,迅行-7#,弘傑不動產事業股份有限公司,
已核定重建更新事業-迅行劃定,,北531,,,01臺北市,士林區,,,擬訂臺北市士林區天母段三小段105-3地號等3筆土地都市更新事業及權利變換計畫案,,,,大將開發股份有限公司,核定,,2022/6/29,,,856.25,,,權利變換,,,,121.52874654545454,25.122127499999998,,,,,,,,,,併送,,,,張玉樹建築師事務所,,,迅行-7#,中華建築經理股份有限公司,
已核定重建更新事業-迅行劃定,,北597,,,01臺北市,中正區,,,擬訂臺北市中正區中正段一小段446-1地號1筆土地及中正段三小段21地號等39筆土地都市更新事業計畫案,,,,臺北市住宅及都市更新中心,核定,,2024/2/7,,,2028.81,,,協議合建,,,,121.52256335555556,25.03786363777778,,,,,,,,,,-,,,,旭日聯合建築師事務所、潘冀聯合建築師事務所、盧俊廷建築師事務所,,,迅行-7#,臺北市住宅及都市更新中心,
已核定重建更新事業-迅行劃定,,北585,,,01臺北市,士林區,,,擬訂臺北市士林區天母段三小段129地號1筆土地都市更新事業計畫及權利變換計畫案,,,,臺北市士林區天母段三小段129地號1筆土地更新單元都市更新會,核定,,2023/11/15,,,1185.75,,,權利變換,,,,121.528642725,25.121349835,,,,,,,,,,併送,,,,徐兆立建築師事務所,,,迅行-7#,冠霖都市更新事業股份有限公司,
已核定重建更新事業-迅行劃定,,北589,,,01臺北市,內湖區,,,擬訂臺北市內湖區東湖段一小段30-4地號等3筆土地都市更新事業計畫及權利變換計畫案,,,,臺北市內湖區東湖段一小段30-4地號等3筆土地都市更新會,核定,,2023/12/6,,,4449.00,,,權利變換,,,,121.61407875142856,25.070429204285713,,,,,,,,,,併送,,,,邑相聯合建築師事務所,,,迅行-7#,邑相更新規劃股份有限公司,
已核定重建更新事業-迅行劃定,,北595,,,01臺北市,中山區,,,擬訂臺北市中山區北安段一小段60-1地號等10筆土地都市更新事業計畫案,,,,聖得福建設開發股份有限公司,核定,,2024/2/1,,,4150.00,,,協議合建,,,,121.55354595,25.086041063157893,,,,,,,,,,-,,,,大林聯合建築師事務所,,,迅行-7#,建福都更股份有限公司,
已核定重建更新事業-迅行劃定,,北614,,,01臺北市,南港區,,,擬訂臺北市南港區玉成段三小段560地號等5筆土地都市更新事業計畫及權利變換計畫案(台電中心倉庫南側),,,,冠德建設股份有限公司,核定,,2024/7/12,,,17614,,,權利變換,,,,121.58305790697675,25.047613258139535,,,,,,,,,,併送,,,,大矩聯合建築師事務所,,,迅行-7#,弘傑不動產事業股份有限公司,
已核定重建更新事業-迅行劃定,,北650,,,01臺北市,內湖區,,,擬訂臺北市內湖區潭美段四小段242地號1筆土地都市更新事業計畫及權利變換計畫案,,,,臺北市內湖區潭美段四小段242地號1筆土地都市更新會,核定,,2025/5/19,,,372.00,,,權利變換,,,,121.58024395,25.0538984875,,,,,,,,,,併送,,,,張大華建築師事務所,,,迅行-7#,景信實業股份有限公司,
已核定重建更新事業-迅行劃定,,北651,,,01臺北市,內湖區,,,擬訂臺北市內湖區大湖段二小段41地號等4筆土地都市更新事業計畫案,,,,富裔實業股份有限公司,核定,,2025/5/22,,,2839.00,,,協議合建,,,,121.5980958,25.088011846153847,,,,,,,,,,-,,,,張峰溢建築師事務所,,,迅行-7#,邑相更新規劃股份有限公司,
